{
    "train_loss": [
        0.008206350970355197,
        0.003493188286074975,
        0.0031971450150704308,
        0.0031434810344275143,
        0.002972234688292589,
        0.0028860704653234743,
        0.002793832715460961,
        0.0027546434230440175,
        0.0026440164524206946,
        0.0025164123660550274,
        0.002416277096515363,
        0.00239050688700842,
        0.0022463348882736088,
        0.0021640827264823256,
        0.002058994564931852,
        0.0017521914206774273,
        0.0017166299519978745,
        0.0016426949361394948,
        0.0015864421714455043
    ],
    "train_mae": [
        0.064132921397686,
        0.04580105468630791,
        0.04378444701433182,
        0.04368114471435547,
        0.04247589036822319,
        0.041710663586854935,
        0.04105740413069725,
        0.040796712040901184,
        0.03991325944662094,
        0.03895089030265808,
        0.03825980797410011,
        0.0381162203848362,
        0.03678611293435097,
        0.03608798608183861,
        0.03516318276524544,
        0.03237609192728996,
        0.03205282986164093,
        0.031286947429180145,
        0.030842920765280724
    ],
    "train_mse": [
        0.008206350728869438,
        0.003493188414722681,
        0.0031971449498087168,
        0.0031434809789061546,
        0.0029722347389906645,
        0.0028860701713711023,
        0.0027938326820731163,
        0.0027546435594558716,
        0.002644016407430172,
        0.002516412176191807,
        0.002416276838630438,
        0.0023905066773295403,
        0.0022463351488113403,
        0.002164082834497094,
        0.0020589944906532764,
        0.0017521914560347795,
        0.001716629951260984,
        0.0016426948131993413,
        0.0015864422312006354
    ],
    "train_rmse": [
        0.09058891236782074,
        0.05910320207476616,
        0.05654330179095268,
        0.05606675520539284,
        0.0545182041823864,
        0.05372215807437897,
        0.05285671725869179,
        0.052484698593616486,
        0.051419999450445175,
        0.05016385391354561,
        0.04915563762187958,
        0.048892807215452194,
        0.04739551991224289,
        0.04651970416307449,
        0.04537614434957504,
        0.04185918718576431,
        0.04143223166465759,
        0.04053017124533653,
        0.03983016684651375
    ],
    "train_r2": [
        0.6142342686653137,
        0.8357915282249451,
        0.8497079610824585,
        0.8522306680679321,
        0.8602806329727173,
        0.8643310070037842,
        0.8686670064926147,
        0.870509147644043,
        0.875709593296051,
        0.881708025932312,
        0.8864151835441589,
        0.887626588344574,
        0.8944038152694702,
        0.8982703685760498,
        0.9032104015350342,
        0.9176326394081116,
        0.9193043112754822,
        0.9227798581123352,
        0.9254242181777954
    ],
    "train_mape": [
        20.74580955505371,
        15.371055603027344,
        14.539527893066406,
        14.386042594909668,
        13.973148345947266,
        13.68101978302002,
        13.365928649902344,
        13.352097511291504,
        12.872703552246094,
        12.544252395629883,
        12.363576889038086,
        12.161008834838867,
        11.859831809997559,
        11.521203994750977,
        11.19874095916748,
        10.279901504516602,
        10.151189804077148,
        9.78748607635498,
        9.702679634094238
    ],
    "train_smape": [
        18.491697311401367,
        13.520161628723145,
        12.937727928161621,
        12.897987365722656,
        12.521112442016602,
        12.336731910705566,
        12.116317749023438,
        12.072317123413086,
        11.787240982055664,
        11.506464004516602,
        11.297806739807129,
        11.206672668457031,
        10.8632173538208,
        10.635777473449707,
        10.39818286895752,
        9.559216499328613,
        9.450862884521484,
        9.161574363708496,
        9.068916320800781
    ],
    "train_explained_variance": [
        0.6147019267082214,
        0.8357926607131958,
        0.8497084975242615,
        0.8522307276725769,
        0.8602831363677979,
        0.8643311262130737,
        0.8686711192131042,
        0.8705092668533325,
        0.875709593296051,
        0.8817085027694702,
        0.8864153623580933,
        0.8876277804374695,
        0.894404411315918,
        0.8982725739479065,
        0.9032104015350342,
        0.9176328182220459,
        0.9193052649497986,
        0.92277991771698,
        0.9254244565963745
    ],
    "train_peak_error": [
        0.6553086042404175,
        0.3461151123046875,
        0.29633909463882446,
        0.2888796329498291,
        0.2799431085586548,
        0.29542893171310425,
        0.27019935846328735,
        0.26370513439178467,
        0.2851085960865021,
        0.24076080322265625,
        0.23807799816131592,
        0.27602529525756836,
        0.23277324438095093,
        0.2983449697494507,
        0.2311432957649231,
        0.22194236516952515,
        0.23951312899589539,
        0.22100669145584106,
        0.21548515558242798
    ],
    "val_loss": [
        0.0034950192844856987,
        0.0033862241523728953,
        0.003177360681843736,
        0.0031204384246425665,
        0.0032908796968956966,
        0.003350000531620366,
        0.003225281862575534,
        0.0033599025072704116,
        0.003583883129984891,
        0.0034377979626879097,
        0.0034051876758700974,
        0.003952208412777659,
        0.0038071749451831518,
        0.003989116544667766,
        0.003707133032441836,
        0.003978961870616985,
        0.00402010784976908,
        0.004226742106248631,
        0.0041132418841807
    ],
    "val_mae": [
        0.046502627432346344,
        0.045760806649923325,
        0.04455510154366493,
        0.0442134365439415,
        0.04566135257482529,
        0.04569169878959656,
        0.04504712298512459,
        0.046267010271549225,
        0.04697352275252342,
        0.04633452743291855,
        0.04642654210329056,
        0.050688985735177994,
        0.048604920506477356,
        0.05112122744321823,
        0.04873198643326759,
        0.05091270059347153,
        0.05076910927891731,
        0.051308125257492065,
        0.050733160227537155
    ],
    "val_mse": [
        0.0034950191620737314,
        0.0033862243872135878,
        0.0031773606315255165,
        0.0031204386614263058,
        0.003290879540145397,
        0.0033500008285045624,
        0.0032252820674329996,
        0.0033599024172872305,
        0.003583882935345173,
        0.0034377980045974255,
        0.003405187511816621,
        0.003952208440750837,
        0.0038071752060204744,
        0.003989116754382849,
        0.0037071332335472107,
        0.003978962078690529,
        0.004020107910037041,
        0.004226741846650839,
        0.0041132415644824505
    ],
    "val_rmse": [
        0.059118688106536865,
        0.05819127336144447,
        0.056368082761764526,
        0.055860888212919235,
        0.05736618861556053,
        0.057879190891981125,
        0.05679156631231308,
        0.057964663952589035,
        0.05986554175615311,
        0.0586327388882637,
        0.058353982865810394,
        0.06286659091711044,
        0.06170231103897095,
        0.06315945833921432,
        0.06088623031973839,
        0.06307901442050934,
        0.06340432167053223,
        0.06501339375972748,
        0.06413456052541733
    ],