{
    "train_loss": [
        0.03687510756516994,
        0.004160937734317158,
        0.0038784505175708498,
        0.0036988913074940946,
        0.003540696600019149,
        0.0032696334543809535,
        0.0032054244160181836,
        0.0030412907598117668,
        0.0026419977434821978,
        0.0026249331613473737,
        0.0023252814051545434,
        0.002041732424830261,
        0.0018834061303262483,
        0.0015660043175220026,
        0.0009660911146896075,
        0.0008005181094189419,
        0.0007092939997213007,
        0.0006502063642395301
    ],
    "train_mae": [
        0.08845213055610657,
        0.05039778724312782,
        0.048358991742134094,
        0.04739206284284592,
        0.046565357595682144,
        0.04440939053893089,
        0.044087741523981094,
        0.043138761073350906,
        0.04001546651124954,
        0.039944879710674286,
        0.03740791603922844,
        0.035040050745010376,
        0.033828966319561005,
        0.030836433172225952,
        0.024193957448005676,
        0.022132521495223045,
        0.02070613205432892,
        0.019846981391310692
    ],
    "train_mse": [
        0.03687511011958122,
        0.00416093785315752,
        0.0038784504868090153,
        0.003698891494423151,
        0.003540696809068322,
        0.003269633511081338,
        0.0032054244074970484,
        0.0030412906780838966,
        0.002641997765749693,
        0.0026249331422150135,
        0.002325281500816345,
        0.0020417324267327785,
        0.0018834060756489635,
        0.0015660043573006988,
        0.0009660911746323109,
        0.0008005181443877518,
        0.0007092940504662693,
        0.0006502062897197902
    ],
    "train_rmse": [
        0.1920289248228073,
        0.06450533121824265,
        0.06227720528841019,
        0.06081851199269295,
        0.05950375273823738,
        0.05718071013689041,
        0.056616466492414474,
        0.05514789745211601,
        0.05140036717057228,
        0.05123410001397133,
        0.0482211709022522,
        0.04518553242087364,
        0.04339822754263878,
        0.03957277163863182,
        0.03108200803399086,
        0.02829342894256115,
        0.026632575318217278,
        0.025499142706394196
    ],
    "train_r2": [
        -0.7334322929382324,
        0.8044018149375916,
        0.817681074142456,
        0.8261218070983887,
        0.8335582613945007,
        0.8463004231452942,
        0.84931880235672,
        0.85703444480896,
        0.8758044838905334,
        0.8766066431999207,
        0.8906927108764648,
        0.9040218591690063,
        0.9114644527435303,
        0.9263849854469299,
        0.9545857906341553,
        0.9623690843582153,
        0.9666573405265808,
        0.9694349765777588
    ],
    "train_mape": [
        29.38160514831543,
        17.17263412475586,
        16.27400016784668,
        15.874698638916016,
        15.545578002929688,
        14.695039749145508,
        14.33131217956543,
        14.082559585571289,
        12.848331451416016,
        12.879826545715332,
        12.038158416748047,
        11.283313751220703,
        10.77991008758545,
        9.744677543640137,
        7.5038604736328125,
        6.719378471374512,
        6.400762557983398,
        6.020782947540283
    ],
    "train_smape": [
        23.30483627319336,
        14.89661979675293,
        14.257412910461426,
        14.009263038635254,
        13.750018119812012,
        13.10622501373291,
        13.03407096862793,
        12.761345863342285,
        11.860750198364258,
        11.820535659790039,
        11.012918472290039,
        10.357900619506836,
        10.015874862670898,
        9.167216300964355,
        7.176088333129883,
        6.537302494049072,
        6.220658302307129,
        5.911805152893066
    ],
    "train_explained_variance": [
        -0.7332513332366943,
        0.8044037222862244,
        0.8176817893981934,
        0.8261289000511169,
        0.833564043045044,
        0.8463038206100464,
        0.8493205904960632,
        0.8570429682731628,
        0.8758071660995483,
        0.8766122460365295,
        0.8906927108764648,
        0.9040218591690063,
        0.9114682078361511,
        0.9263858795166016,
        0.9545857906341553,
        0.9623700976371765,
        0.9666574597358704,
        0.9694356322288513
    ],
    "train_peak_error": [
        3.3340930938720703,
        0.37975966930389404,
        0.37176215648651123,
        0.3493623733520508,
        0.2746521830558777,
        0.3022538423538208,
        0.3572431802749634,
        0.3124873638153076,
        0.2833898067474365,
        0.26858073472976685,
        0.2646206021308899,
        0.21011695265769958,
        0.22290387749671936,
        0.19478613138198853,
        0.16729333996772766,
        0.16147351264953613,
        0.16471973061561584,
        0.1573721170425415
    ],
    "val_loss": [
        0.004187532911251346,
        0.0038967491227383023,
        0.00325139932374624,
        0.003427436510268465,
        0.0038391628172650613,
        0.0035654218781659072,
        0.0032740397811632793,
        0.003522272090822887,
        0.005003629083872484,
        0.0034785536780497796,
        0.0035802897848791894,
        0.004487421858667148,
        0.003937343358859527,
        0.004324984409370654,
        0.00462800995587445,
        0.004924412197935924,
        0.004704685520327134,
        0.0050808748049433715
    ],
    "val_mae": [
        0.05100428685545921,
        0.04976991191506386,
        0.045259229838848114,
        0.04628987982869148,
        0.04965944215655327,
        0.04727993160486221,
        0.046082478016614914,
        0.04638054594397545,
        0.05740988254547119,
        0.048268694430589676,
        0.04785211756825447,
        0.05397101864218712,
        0.0507429763674736,
        0.05214313417673111,
        0.05474758520722389,
        0.056060194969177246,
        0.055178605020046234,
        0.05712128430604935
    ],
    "val_mse": [
        0.00418753270059824,
        0.0038967488799244165,
        0.003251399379223585,
        0.003427436575293541,
        0.003839162876829505,
        0.0035654217936098576,
        0.0032740395981818438,
        0.0035222722217440605,
        0.0050036292523145676,
        0.003478553844615817,
        0.0035802898928523064,
        0.004487421829253435,
        0.003937343135476112,
        0.004324984271079302,
        0.004628010094165802,
        0.00492441188544035,
        0.004704685416072607,
        0.005080875009298325
    ],
    "val_rmse": [
        0.06471114605665207,
        0.0624239444732666,
        0.057021044194698334,
        0.05854431167244911,
        0.06196098029613495,
        0.05971115455031395,
        0.05721922218799591,
        0.059348732233047485,
        0.07073633372783661,
        0.05897926539182663,
        0.0598355233669281,
        0.06698822230100632,
        0.0627482533454895,
        0.06576461344957352,
        0.0680294781923294,
        0.07017415761947632,
        0.06859070807695389,
        0.07128025591373444
    ],
    "val_r2": [
        0.7085780501365662,
        0.7288144826889038,
        0.7737261652946472,
        0.7614752054214478,
        0.732822060585022,
        0.7518724799156189,
        0.7721505165100098,
        0.7548753619194031,
        0.6517836451530457,
        0.7579178810119629,
        0.7508377432823181,
        0.6877079010009766,
        0.7259894609451294,
        0.6990123987197876,
        0.6779240369796753,
        0.6572965979576111,
        0.6725879907608032,
        0.6464079022407532
    ],