{
    "train_loss": [
        0.009605519056767363,
        0.00522536725116237,
        0.004567896940780034,
        0.00444321956839003,
        0.004024805960440827,
        0.003798449832551839,
        0.0036041149352531933,
        0.003501725886948514,
        0.0034924847788663726,
        0.0033266033361711886,
        0.003325217310408882,
        0.003117315708049176,
        0.0029194525639753884,
        0.00299123256453724,
        0.0027113430309352164,
        0.0028170222520059953,
        0.002539901297632937,
        0.002399719975882727,
        0.002276528278881394,
        0.0021905745163650807,
        0.001986859679945171,
        0.0014147332818209327,
        0.0012671741171642887,
        0.001208368304379251,
        0.0011658537644548442
    ],
    "train_mae": [
        0.07167836278676987,
        0.056668952107429504,
        0.052793245762586594,
        0.05207173526287079,
        0.04968099668622017,
        0.04808209091424942,
        0.046747948974370956,
        0.046122148633003235,
        0.04589972272515297,
        0.04528987035155296,
        0.04510511830449104,
        0.043758977204561234,
        0.04233412817120552,
        0.042906392365694046,
        0.04080488905310631,
        0.04170592129230499,
        0.03959242254495621,
        0.038286659866571426,
        0.03762422874569893,
        0.036879394203424454,
        0.03504608944058418,
        0.029281873255968094,
        0.027891868725419044,
        0.02708462066948414,
        0.0265993382781744
    ],
    "train_mse": [
        0.009605519473552704,
        0.005225367844104767,
        0.004567897412925959,
        0.004443219397217035,
        0.0040248059667646885,
        0.0037984498776495457,
        0.0036041149869561195,
        0.003501725848764181,
        0.0034924845676869154,
        0.0033266032114624977,
        0.0033252169378101826,
        0.0031173157040029764,
        0.002919452730566263,
        0.0029912327881902456,
        0.002711342880502343,
        0.002817022381350398,
        0.0025399012956768274,
        0.002399719785898924,
        0.002276528161019087,
        0.002190574537962675,
        0.001986859831959009,
        0.0014147332403808832,
        0.0012671741424128413,
        0.0012083682231605053,
        0.0011658536968752742
    ],
    "train_rmse": [
        0.09800775349140167,
        0.0722867026925087,
        0.06758622080087662,
        0.06665747612714767,
        0.06344135850667953,
        0.06163156405091286,
        0.06003428250551224,
        0.05917538329958916,
        0.05909724533557892,
        0.05767671391367912,
        0.057664692401885986,
        0.05583292618393898,
        0.05403196066617966,
        0.054692164063453674,
        0.052070558071136475,
        0.053075630217790604,
        0.05039743334054947,
        0.04898693412542343,
        0.04771297797560692,
        0.04680357500910759,
        0.044574204832315445,
        0.03761294111609459,
        0.035597387701272964,
        0.034761592745780945,
        0.03414459899067879
    ],
    "train_r2": [
        0.5484619140625,
        0.7543648481369019,
        0.785271406173706,
        0.7911323308944702,
        0.8108011484146118,
        0.8214417099952698,
        0.8305770754814148,
        0.8353902101516724,
        0.8358246088027954,
        0.8436223864555359,
        0.8436875343322754,
        0.8534606099128723,
        0.8627617955207825,
        0.8593875169754028,
        0.8725446462631226,
        0.8675768375396729,
        0.8806038498878479,
        0.887193500995636,
        0.8929845094680786,
        0.8970250487327576,
        0.9066013097763062,
        0.9334959387779236,
        0.9404324293136597,
        0.9431967735290527,
        0.9451953172683716
    ],
    "train_mape": [
        23.193424224853516,
        18.777339935302734,
        17.5559139251709,
        17.50371742248535,
        16.664562225341797,
        16.07868003845215,
        15.61732006072998,
        15.437549591064453,
        15.356266021728516,
        15.21725845336914,
        14.826118469238281,
        14.511996269226074,
        14.25578784942627,
        14.170733451843262,
        13.577447891235352,
        13.702101707458496,
        12.971583366394043,
        12.597769737243652,
        12.285364151000977,
        11.980363845825195,
        11.245956420898438,
        9.10114574432373,
        8.620613098144531,
        8.434314727783203,
        8.09354305267334
    ],
    "train_smape": [
        20.651405334472656,
        16.433916091918945,
        15.447510719299316,
        15.368077278137207,
        14.686171531677246,
        14.283260345458984,
        13.933817863464355,
        13.71951675415039,
        13.698413848876953,
        13.518516540527344,
        13.388642311096191,
        13.059319496154785,
        12.689044952392578,
        12.816964149475098,
        12.230033874511719,
        12.491278648376465,
        11.841827392578125,
        11.46500015258789,
        11.279309272766113,
        10.969764709472656,
        10.450414657592773,
        8.663792610168457,
        8.240938186645508,
        8.05717658996582,
        7.828178882598877
    ],
    "train_explained_variance": [
        0.5492446422576904,
        0.7543957233428955,
        0.785284161567688,
        0.7911478877067566,
        0.8108094334602356,
        0.8214536905288696,
        0.8305803537368774,
        0.8353951573371887,
        0.8358274698257446,
        0.8436269164085388,
        0.8436921238899231,
        0.8534607887268066,
        0.862762451171875,
        0.8593893647193909,
        0.8725454211235046,
        0.8675816655158997,
        0.8806044459342957,
        0.8871944546699524,
        0.8929864764213562,
        0.8970251679420471,
        0.9066013097763062,
        0.9334959387779236,
        0.9404324889183044,
        0.9431969523429871,
        0.9451971650123596
    ],
    "train_peak_error": [
        0.9131046533584595,
        0.43480151891708374,
        0.39067965745925903,
        0.3250827193260193,
        0.3339853286743164,
        0.2967076897621155,
        0.3032476603984833,
        0.3115919232368469,
        0.3007991313934326,
        0.2669086158275604,
        0.3230857849121094,
        0.26523178815841675,
        0.25358694791793823,
        0.29180729389190674,
        0.2261507511138916,
        0.2354937195777893,
        0.2217043936252594,
        0.23398879170417786,
        0.20637845993041992,
        0.207116037607193,
        0.19437378644943237,
        0.18069547414779663,
        0.17418977618217468,
        0.16906464099884033,
        0.1563156247138977
    ],
    "val_loss": [
        0.004023170323352323,
        0.003827675234579997,
        0.004563465500183457,
        0.003629435121229173,
        0.0035607569882136992,
        0.003881212134423445,
        0.0037015029474784683,
        0.0041543754131245095,
        0.0035239301926603796,
        0.003478417663245375,
        0.004354827257154656,
        0.003586871932501898,
        0.004933683838387081,
        0.0036947530778392934,
        0.00434171714665864,
        0.0038894124802121583,
        0.004877754837984769,
        0.004369947652486588,
        0.0057017491882492746,
        0.00497589834493404,
        0.005568202138818103,
        0.005420759887293839,
        0.0056623487379870935,
        0.0057396908694704015,
        0.00600863077868741
    ],