{
    "train_loss": [
        0.008331893578985042,
        0.003731300324756369,
        0.0033924902927240648,
        0.003135693156801268,
        0.0031220826819506487,
        0.0029644612477740108,
        0.0028732529536853427,
        0.0028722891475246883,
        0.002750476150346766,
        0.002733619565319749,
        0.0026893142926123943,
        0.0026476349245805313,
        0.0025081208730937518,
        0.002344375336727618,
        0.0022807539944617477,
        0.002251241434485986,
        0.0021830703173549145
    ],
    "train_mae": [
        0.06458652764558792,
        0.047763366252183914,
        0.04530227184295654,
        0.04328734427690506,
        0.04337751120328903,
        0.042116545140743256,
        0.04151880368590355,
        0.041650645434856415,
        0.04067397862672806,
        0.04055380821228027,
        0.040370192378759384,
        0.03978956118226051,
        0.038836922496557236,
        0.03740020841360092,
        0.036934398114681244,
        0.03667387738823891,
        0.03616632521152496
    ],
    "train_mse": [
        0.00833189394325018,
        0.0037313003558665514,
        0.0033924903254956007,
        0.0031356930267065763,
        0.003122082445770502,
        0.0029644614551216364,
        0.0028732530772686005,
        0.0028722891584038734,
        0.002750476123765111,
        0.002733619650825858,
        0.0026893140748143196,
        0.0026476350612938404,
        0.002508120611310005,
        0.002344375243410468,
        0.002280753804370761,
        0.0022512413561344147,
        0.002183070406317711
    ],
    "train_rmse": [
        0.09127920866012573,
        0.06108437106013298,
        0.058245088905096054,
        0.05599725991487503,
        0.05587559938430786,
        0.05444686859846115,
        0.053602732717990875,
        0.05359374359250069,
        0.05244498327374458,
        0.05228402838110924,
        0.05185859650373459,
        0.05145517364144325,
        0.05008114129304886,
        0.04841874912381172,
        0.047757238149642944,
        0.04744724929332733,
        0.04672333970665932
    ],
    "train_r2": [
        0.6083327531814575,
        0.8245983123779297,
        0.8405251502990723,
        0.8525967597961426,
        0.8532365560531616,
        0.8606460094451904,
        0.8649335503578186,
        0.8649789094924927,
        0.8707050681114197,
        0.8714975118637085,
        0.8735802173614502,
        0.8755394816398621,
        0.8820977807044983,
        0.889795184135437,
        0.892785906791687,
        0.8941732048988342,
        0.8973777890205383
    ],
    "train_mape": [
        21.191213607788086,
        15.884977340698242,
        15.206474304199219,
        14.351874351501465,
        14.382646560668945,
        13.957736015319824,
        13.638691902160645,
        13.515217781066895,
        13.21584415435791,
        13.207554817199707,
        13.100399017333984,
        12.995627403259277,
        12.570540428161621,
        12.002544403076172,
        11.912230491638184,
        11.764307022094727,
        11.532536506652832
    ],
    "train_smape": [
        18.823347091674805,
        14.059473991394043,
        13.367518424987793,
        12.789471626281738,
        12.842962265014648,
        12.472735404968262,
        12.289145469665527,
        12.29158878326416,
        12.003144264221191,
        11.981021881103516,
        11.94961929321289,
        11.768441200256348,
        11.506657600402832,
        11.00474739074707,
        10.908350944519043,
        10.817205429077148,
        10.638202667236328
    ],
    "train_explained_variance": [
        0.6089808940887451,
        0.8245992064476013,
        0.8405274152755737,
        0.8525967597961426,
        0.8532389998435974,
        0.8606460094451904,
        0.8649351000785828,
        0.864980161190033,
        0.8707051277160645,
        0.8714978694915771,
        0.8735807538032532,
        0.8755444884300232,
        0.8820979595184326,
        0.8897953629493713,
        0.8927870988845825,
        0.8941737413406372,
        0.8973782658576965
    ],
    "train_peak_error": [
        0.6640459299087524,
        0.38200879096984863,
        0.37699490785598755,
        0.3349311351776123,
        0.3039112687110901,
        0.30127137899398804,
        0.30366915464401245,
        0.297477662563324,
        0.2836008071899414,
        0.3088151812553406,
        0.30793333053588867,
        0.3036056160926819,
        0.29118019342422485,
        0.26028990745544434,
        0.3064942955970764,
        0.265572726726532,
        0.2722759246826172
    ],
    "val_loss": [
        0.0032922772711424303,
        0.003121314940927215,
        0.0033617551688761484,
        0.003454603214125089,
        0.0035239219077923102,
        0.0031618963463044317,
        0.003403721554807836,
        0.003332525390408022,
        0.0031575942711851044,
        0.003160680947631008,
        0.0033827244734270967,
        0.0035166843563800665,
        0.003390518744817848,
        0.0033355195307099134,
        0.0033030249783434244,
        0.003563132864094788,
        0.0035257906102233653
    ],
    "val_mae": [
        0.04544145613908768,
        0.04454384371638298,
        0.045863665640354156,
        0.047148946672677994,
        0.047341570258140564,
        0.04468907043337822,
        0.045818306505680084,
        0.04601956903934479,
        0.04470709338784218,
        0.04447202757000923,
        0.0469040609896183,
        0.04739188775420189,
        0.046704065054655075,
        0.04579748958349228,
        0.04615273326635361,
        0.04826224967837334,
        0.047310370951890945
    ],
    "val_mse": [
        0.003292277455329895,
        0.0031213148031383753,
        0.0033617548178881407,
        0.003454603021964431,
        0.003523921826854348,
        0.0031618960201740265,
        0.003403721610084176,
        0.003332525258883834,
        0.0031575944740325212,
        0.0031606811098754406,
        0.003382724476978183,
        0.0035166842862963676,
        0.0033905189484357834,
        0.0033355194609612226,
        0.0033030251506716013,
        0.0035631328355520964,
        0.003525790758430958
    ],
    "val_rmse": [
        0.0573783703148365,
        0.0558687299489975,
        0.05798064172267914,
        0.058775871992111206,
        0.05936263129115105,
        0.05623073875904083,
        0.05834142118692398,
        0.057728029787540436,
        0.05619247630238533,
        0.05621993541717529,
        0.05816119536757469,
        0.05930163711309433,
        0.05822816118597984,
        0.05775395780801773,
        0.057471949607133865,
        0.059691984206438065,
        0.05937837064266205
    ],
    "val_r2": [
        0.7708812952041626,
        0.7827790975570679,
        0.7660462260246277,
        0.7595846652984619,
        0.7547605633735657,
        0.7799549102783203,
        0.7631256580352783,
        0.7680803537368774,
        0.7802543044090271,
        0.7800394892692566,
        0.764586865901947,
        0.7552642226219177,
        0.764044463634491,
        0.7678719758987427,
        0.770133376121521,
        0.7520317435264587,
        0.7546305060386658
    ],
    "val_mape": [
        22.81096839904785,
        22.0281982421875,
        20.522964477539062,
        22.407487869262695,
        23.24163055419922,
        19.88027000427246,
        21.50528335571289,
        22.504791259765625,
        21.65519905090332,
        20.520837783813477,
        22.8861083984375,
        22.665647506713867,
        23.641490936279297,
        21.73581886291504,
        23.187490463256836,
        24.306921005249023,
        22.921010971069336
    ],