{
    "train_loss": [
        0.008419796559228226,
        0.004003418095552211,
        0.0037911107110307402,
        0.0035214571987324528,
        0.0034520409198254705,
        0.0032788986180032104,
        0.003258667806217451,
        0.003095410339714781,
        0.003022383945336076,
        0.0029597883000721218
    ],
    "train_mae": [
        0.06613944470882416,
        0.04946625232696533,
        0.04800104722380638,
        0.04626404494047165,
        0.04563281685113907,
        0.04465159773826599,
        0.04450879618525505,
        0.043277014046907425,
        0.043190814554691315,
        0.042392343282699585
    ],
    "train_mse": [
        0.008419795893132687,
        0.004003417678177357,
        0.0037911110557615757,
        0.0035214570816606283,
        0.0034520411863923073,
        0.0032788985408842564,
        0.0032586678862571716,
        0.0030954102985560894,
        0.0030223841313272715,
        0.0029597885441035032
    ],
    "train_rmse": [
        0.09175944328308105,
        0.06327256560325623,
        0.06157200038433075,
        0.05934186652302742,
        0.058754075318574905,
        0.057261668145656586,
        0.057084742933511734,
        0.055636413395404816,
        0.0549762137234211,
        0.054403938353061676
    ],
    "train_r2": [
        0.6042006015777588,
        0.8118065595626831,
        0.8217867016792297,
        0.8344626426696777,
        0.837725818157196,
        0.8458648920059204,
        0.8468158841133118,
        0.854490339756012,
        0.857923150062561,
        0.8608657121658325
    ],
    "train_mape": [
        21.51236915588379,
        16.605819702148438,
        16.009260177612305,
        15.459878921508789,
        15.159093856811523,
        14.88330364227295,
        14.606931686401367,
        14.253713607788086,
        14.021489143371582,
        13.920018196105957
    ],
    "train_smape": [
        19.270164489746094,
        14.558752059936523,
        14.119690895080566,
        13.713963508605957,
        13.47632122039795,
        13.220566749572754,
        13.116595268249512,
        12.842103958129883,
        12.734519004821777,
        12.573139190673828
    ],
    "train_explained_variance": [
        0.6048309803009033,
        0.8118081092834473,
        0.8217903971672058,
        0.834463357925415,
        0.8377307057380676,
        0.8458679914474487,
        0.8468160629272461,
        0.8544923067092896,
        0.8579301834106445,
        0.8608675599098206
    ],
    "train_peak_error": [
        0.8184136748313904,
        0.34281617403030396,
        0.38740074634552,
        0.2990964651107788,
        0.3474704623222351,
        0.3355119824409485,
        0.31253647804260254,
        0.29454147815704346,
        0.264021098613739,
        0.2673397660255432
    ],
    "val_loss": [
        0.003540515542506046,
        0.0033647496395965487,
        0.003490091924314394,
        0.0041656678317369316,
        0.003299829284660518,
        0.003707341813020033,
        0.0033345732779959014,
        0.0034529922363221,
        0.0038798825753008507,
        0.003709042175277639
    ],
    "val_mae": [
        0.04680585488677025,
        0.04602717235684395,
        0.04667982831597328,
        0.051149532198905945,
        0.04607575386762619,
        0.04838912934064865,
        0.04537389427423477,
        0.04736163467168808,
        0.04975583776831627,
        0.048882126808166504
    ],
    "val_mse": [
        0.003540515433996916,
        0.0033647497184574604,
        0.0034900919999927282,
        0.004165668040513992,
        0.0032998293172568083,
        0.0037073418498039246,
        0.003334573470056057,
        0.0034529920667409897,
        0.003879882860928774,
        0.003709041979163885
    ],
    "val_rmse": [
        0.05950222909450531,
        0.05800646170973778,
        0.059077002108097076,
        0.06454198807477951,
        0.05744414031505585,
        0.06088794395327568,
        0.05774576589465141,
        0.058762166649103165,
        0.06228870525956154,
        0.060901906341314316
    ],
    "val_r2": [
        0.7536057829856873,
        0.7658377885818481,
        0.7571148872375488,
        0.7100996971130371,
        0.7703558206558228,
        0.7419958710670471,
        0.7679378390312195,
        0.7596967816352844,
        0.7299882173538208,
        0.741877555847168
    ],
    "val_mape": [
        24.654123306274414,
        22.069543838500977,
        20.905797958374023,
        21.096370697021484,
        23.600337982177734,
        23.527851104736328,
        19.878494262695312,
        24.254514694213867,
        25.13686752319336,
        23.574060440063477
    ],
    "val_smape": [
        18.412372589111328,
        18.12728500366211,
        18.31894302368164,
        20.245777130126953,
        18.30069923400879,
        18.80396842956543,
        17.730499267578125,
        18.738801956176758,
        19.39910125732422,
        18.877634048461914
    ],
    "val_explained_variance": [
        0.7625277638435364,
        0.7661107778549194,
        0.7654170393943787,
        0.7448920011520386,
        0.7729794383049011,
        0.7659973502159119,
        0.7734625339508057,
        0.7644791007041931,
        0.7709230780601501,
        0.7602046728134155
    ],
    "val_peak_error": [
        0.2261301875114441,
        0.2440306544303894,
        0.23855745792388916,
        0.24970152974128723,
        0.20935025811195374,
        0.2010459005832672,
        0.23193109035491943,
        0.2087574601173401,
        0.2098298966884613,
        0.21971654891967773
    ],
    "lr": [
        0.0001,
        0.0001,
        0.0001,
        0.0001,
        0.0001,
        0.0001,
        0.0001,
        0.0001,
        0.0001,
        0.0001
    ]
}