{
    "train_loss": [
        0.02692110962291781,
        0.005010783015776609,
        0.004467555983186057,
        0.004118204494430845,
        0.003909779633911465,
        0.0038023563978653576,
        0.003414273401256061,
        0.0033437545063047624,
        0.003217884685971946,
        0.0032864333467674,
        0.0036520804468000417,
        0.003235315904101651,
        0.0028649826781366127,
        0.002693177301807841,
        0.0027089618084225955,
        0.001825587274588148,
        0.0016174574584055669,
        0.0014596446339027703,
        0.0014058481744725405
    ],
    "train_mae": [
        0.10481073707342148,
        0.055799733847379684,
        0.05220425873994827,
        0.0501425676047802,
        0.04889773949980736,
        0.04793483391404152,
        0.04547416418790817,
        0.045179303735494614,
        0.0442650131881237,
        0.04435131326317787,
        0.04688345640897751,
        0.0441826656460762,
        0.04165517911314964,
        0.04035641625523567,
        0.04032785817980766,
        0.03313511237502098,
        0.03114086203277111,
        0.029417838901281357,
        0.02902917005121708
    ],
    "train_mse": [
        0.026921110227704048,
        0.005010782741010189,
        0.004467555787414312,
        0.004118204116821289,
        0.003909779712557793,
        0.0038023567758500576,
        0.0034142734948545694,
        0.0033437544479966164,
        0.003217884572222829,
        0.003286433406174183,
        0.003652080660685897,
        0.003235315904021263,
        0.0028649826999753714,
        0.0026931774336844683,
        0.002708961721509695,
        0.0018255871254950762,
        0.0016174576012417674,
        0.001459644641727209,
        0.001405848190188408
    ],
    "train_rmse": [
        0.1640765368938446,
        0.07078688591718674,
        0.0668397769331932,
        0.06417323648929596,
        0.06252823024988174,
        0.061663251370191574,
        0.05843178555369377,
        0.05782520771026611,
        0.056726399809122086,
        0.05732742324471474,
        0.060432445257902145,
        0.056879837065935135,
        0.05352553352713585,
        0.051895830780267715,
        0.05204768851399422,
        0.04272688925266266,
        0.040217626839876175,
        0.03820529580116272,
        0.03749464079737663
    ],
    "train_r2": [
        -0.26551270484924316,
        0.7644520998001099,
        0.7899882793426514,
        0.8064106702804565,
        0.8162083029747009,
        0.8212580680847168,
        0.839501142501831,
        0.8428161144256592,
        0.8487330675125122,
        0.845510721206665,
        0.8283222913742065,
        0.8479136228561401,
        0.8653223514556885,
        0.8733986020088196,
        0.8726565837860107,
        0.9141824245452881,
        0.9239662289619446,
        0.9313847422599792,
        0.9339135885238647
    ],
    "train_mape": [
        36.697349548339844,
        19.456449508666992,
        17.99398422241211,
        17.00607681274414,
        16.380184173583984,
        16.076282501220703,
        15.36266040802002,
        15.37900447845459,
        14.949803352355957,
        14.960646629333496,
        15.58530044555664,
        14.641189575195312,
        14.2865629196167,
        13.595273971557617,
        13.406933784484863,
        11.070520401000977,
        10.271369934082031,
        9.490225791931152,
        9.335610389709473
    ],
    "train_smape": [
        28.121116638183594,
        16.43668556213379,
        15.447198867797852,
        14.811870574951172,
        14.458516120910645,
        14.15998363494873,
        13.51144790649414,
        13.41884708404541,
        13.143412590026855,
        13.107745170593262,
        13.702762603759766,
        13.052901268005371,
        12.422158241271973,
        11.956853866577148,
        11.918757438659668,
        9.778791427612305,
        9.201286315917969,
        8.604818344116211,
        8.52856159210205
    ],
    "train_explained_variance": [
        -0.2652153968811035,
        0.7644522190093994,
        0.7899911999702454,
        0.8064117431640625,
        0.8162146806716919,
        0.8212774991989136,
        0.8395016193389893,
        0.8428178429603577,
        0.8487346172332764,
        0.8455135822296143,
        0.8283231258392334,
        0.8479150533676147,
        0.8653304576873779,
        0.8733987212181091,
        0.872657299041748,
        0.9141884446144104,
        0.9239677786827087,
        0.931384801864624,
        0.9339140057563782
    ],
    "train_peak_error": [
        1.7727687358856201,
        0.32727211713790894,
        0.40550798177719116,
        0.35416603088378906,
        0.32696229219436646,
        0.3172056972980499,
        0.31532537937164307,
        0.3136789798736572,
        0.27971652150154114,
        0.4957693815231323,
        0.36462855339050293,
        0.3185844421386719,
        0.289836049079895,
        0.29578036069869995,
        0.3293880820274353,
        0.22494226694107056,
        0.19789958000183105,
        0.17666751146316528,
        0.20499864220619202
    ],
    "val_loss": [
        0.005957690344238989,
        0.004266928550435512,
        0.003503637943222529,
        0.00317767117021726,
        0.0032804806458113863,
        0.0038925117259617334,
        0.003200312284518221,
        0.0035279428721707072,
        0.003400767329014945,
        0.0035060886285609477,
        0.0035717757914563737,
        0.0041732302280611915,
        0.005158347435489886,
        0.004296757772953497,
        0.0043959078422191435,
        0.004895899891183316,
        0.004983366333390419,
        0.005521219922899664,
        0.005535633513141128
    ],
    "val_mae": [
        0.06188810244202614,
        0.05107709765434265,
        0.046610381454229355,
        0.044748228043317795,
        0.04510180279612541,
        0.04942185804247856,
        0.04448729753494263,
        0.04677728936076164,
        0.046486999839544296,
        0.046392761170864105,
        0.047016892582178116,
        0.051193974912166595,
        0.05670516565442085,
        0.05149668827652931,
        0.05218810588121414,
        0.05553825572133064,
        0.05596999451518059,
        0.058957166969776154,
        0.0595441609621048
    ],
    "val_mse": [
        0.00595769053325057,
        0.004266928881406784,
        0.0035036380868405104,
        0.0031776714604347944,
        0.0032804803922772408,
        0.0038925115950405598,
        0.003200312377884984,
        0.0035279428120702505,
        0.0034007674548774958,
        0.0035060886293649673,
        0.0035717757418751717,
        0.004173229914158583,
        0.005158348008990288,
        0.004296757746487856,
        0.004395907744765282,
        0.004895899910479784,
        0.004983366467058659,
        0.005521220155060291,
        0.005535632837563753
    ],
    "val_rmse": [
        0.07718607783317566,
        0.06532173603773117,
        0.05919153615832329,
        0.05637083947658539,
        0.057275477796792984,
        0.06238999590277672,
        0.05657130479812622,
        0.05939648672938347,
        0.058316100388765335,
        0.05921223387122154,
        0.05976433679461479,
        0.06460054218769073,
        0.07182163745164871,
        0.06554965674877167,
        0.06630164384841919,
        0.06997070461511612,
        0.07059296220541,
        0.07430491596460342,
        0.07440183311700821
    ],