{
    "train_loss": [
        0.010613262910271098,
        0.00462555181388777,
        0.004076920701455574,
        0.003755318951099641,
        0.003616091000361653,
        0.0035633845770870263,
        0.0034480173038296245,
        0.0032585539946785747,
        0.003299370049219225,
        0.003232287850983579,
        0.00318623777516287,
        0.0031409783118199405,
        0.003063641941378086,
        0.003065791487070404,
        0.0030872056934946523,
        0.0029613129075231593,
        0.0029065001342811754,
        0.002882546003553568,
        0.002835305795703323,
        0.002802997023542034,
        0.0027700819877434094,
        0.0027392924145774717,
        0.0027069621610628105,
        0.0026127128266276133,
        0.002610984607613074,
        0.002561239067986303,
        0.0025707668515383367
    ],
    "train_mae": [
        0.07373591512441635,
        0.053294241428375244,
        0.04998893290758133,
        0.04784907028079033,
        0.04686876758933067,
        0.04647837206721306,
        0.04580165073275566,
        0.044255636632442474,
        0.04464467614889145,
        0.04427072033286095,
        0.0438104011118412,
        0.04345173388719559,
        0.0429665669798851,
        0.04299493134021759,
        0.04306301102042198,
        0.04226141422986984,
        0.04177454113960266,
        0.04170091450214386,
        0.04132253676652908,
        0.04110819473862648,
        0.04094135761260986,
        0.04056311771273613,
        0.04035349562764168,
        0.039595309644937515,
        0.03964710235595703,
        0.03928912803530693,
        0.03937329351902008
    ],
    "train_mse": [
        0.01061326265335083,
        0.0046255518682301044,
        0.0040769209153950214,
        0.003755318932235241,
        0.0036160910967737436,
        0.00356338475830853,
        0.003448017407208681,
        0.0032585537992417812,
        0.003299369942396879,
        0.0032322879415005445,
        0.0031862377654761076,
        0.003140978282317519,
        0.003063641954213381,
        0.0030657914467155933,
        0.003087205346673727,
        0.0029613126534968615,
        0.0029065001290291548,
        0.0028825460467487574,
        0.0028353058733046055,
        0.0028029968962073326,
        0.0027700820937752724,
        0.002739292336627841,
        0.0027069621719419956,
        0.002612712560221553,
        0.0026109847240149975,
        0.0025612390600144863,
        0.0025707667227834463
    ],
    "train_rmse": [
        0.10302069038152695,
        0.06801141053438187,
        0.0638507679104805,
        0.06128065660595894,
        0.06013394147157669,
        0.059694092720746994,
        0.05871982127428055,
        0.057083744555711746,
        0.0574401430785656,
        0.05685321241617203,
        0.05644676834344864,
        0.056044429540634155,
        0.055350176990032196,
        0.05536958947777748,
        0.05556262657046318,
        0.05441794544458389,
        0.0539119653403759,
        0.05368934944272041,
        0.053247589617967606,
        0.052943337708711624,
        0.05263156816363335,
        0.05233824998140335,
        0.05202847346663475,
        0.051114700734615326,
        0.051097795367240906,
        0.05060868710279465,
        0.05070272833108902
    ],
    "train_r2": [
        0.5010896921157837,
        0.782561182975769,
        0.8083512783050537,
        0.8234692215919495,
        0.8300141096115112,
        0.8324916958808899,
        0.8379149436950684,
        0.8468213081359863,
        0.8449025750160217,
        0.8480559587478638,
        0.8502206802368164,
        0.852348268032074,
        0.8559837341308594,
        0.8558827042579651,
        0.8548760414123535,
        0.8607940673828125,
        0.8633706569671631,
        0.8644967079162598,
        0.8667173981666565,
        0.8682361841201782,
        0.8697834610939026,
        0.8712308406829834,
        0.8727505803108215,
        0.8771811127662659,
        0.87726229429245,
        0.8796007633209229,
        0.8791528940200806
    ],
    "train_mape": [
        23.829181671142578,
        17.492809295654297,
        16.73242950439453,
        15.949808120727539,
        15.662251472473145,
        15.493673324584961,
        15.149918556213379,
        14.889534950256348,
        14.769756317138672,
        14.67704963684082,
        14.50959587097168,
        14.396503448486328,
        14.151155471801758,
        14.275039672851562,
        14.061653137207031,
        13.922161102294922,
        13.597537994384766,
        13.620944023132324,
        13.459138870239258,
        13.419207572937012,
        13.282397270202637,
        13.176523208618164,
        13.055170059204102,
        12.77672004699707,
        12.70748233795166,
        12.616094589233398,
        12.703420639038086
    ],
    "train_smape": [
        21.451940536499023,
        15.51526165008545,
        14.715282440185547,
        14.077096939086914,
        13.822738647460938,
        13.709213256835938,
        13.490819931030273,
        13.13136100769043,
        13.203880310058594,
        13.090875625610352,
        12.952092170715332,
        12.880187034606934,
        12.676474571228027,
        12.709095001220703,
        12.650558471679688,
        12.533405303955078,
        12.322275161743164,
        12.30628776550293,
        12.215314865112305,
        12.150532722473145,
        12.071061134338379,
        11.985865592956543,
        11.925896644592285,
        11.674668312072754,
        11.68937873840332,
        11.550824165344238,
        11.618091583251953
    ],
    "train_explained_variance": [
        0.5025931596755981,
        0.7825654745101929,
        0.808351457118988,
        0.823470950126648,
        0.8300156593322754,
        0.83249431848526,
        0.8379150629043579,
        0.8468214273452759,
        0.8449032306671143,
        0.8480587005615234,
        0.8502209186553955,
        0.852348804473877,
        0.8559837341308594,
        0.8558833003044128,
        0.8548763990402222,
        0.860797643661499,
        0.8633706569671631,
        0.8644980192184448,
        0.8667188286781311,
        0.8682361841201782,
        0.8697835206985474,
        0.871235191822052,
        0.8727506995201111,
        0.8771862387657166,
        0.8772623538970947,
        0.8796020150184631,
        0.8791532516479492
    ],
    "train_peak_error": [
        0.8645822405815125,
        0.40358906984329224,
        0.3272205591201782,
        0.38082897663116455,
        0.3238535523414612,
        0.32959288358688354,
        0.33513790369033813,
        0.3035631775856018,
        0.34665727615356445,
        0.31995975971221924,
        0.2831602692604065,
        0.3403560519218445,
        0.3017408847808838,
        0.3006442189216614,
        0.3117624521255493,
        0.27792054414749146,
        0.2994690537452698,
        0.3061331510543823,
        0.2841798663139343,
        0.29690033197402954,
        0.27560824155807495,
        0.2891250252723694,
        0.3492552638053894,
        0.2695388197898865,
        0.30321359634399414,
        0.345963716506958,
        0.28846800327301025
    ],