{
    "train_loss": [
        0.019456864130242824,
        0.00468493544324351,
        0.003977551049264425,
        0.0036885394576612407,
        0.003510392940856044,
        0.00344087392677405,
        0.0034257728409886855,
        0.0032882846001501785,
        0.003284542411556134,
        0.0032047584492338925,
        0.0032026318072010504,
        0.0031499007599354767,
        0.003147666993753427,
        0.003079889477401567,
        0.0030760163256032687,
        0.0030337844217018825,
        0.003033169364815627,
        0.003042482823981938,
        0.003010245134917011,
        0.0029776712877341263
    ],
    "train_mae": [
        0.09547531604766846,
        0.05363451689481735,
        0.049274224787950516,
        0.04745570197701454,
        0.0460086353123188,
        0.04561293125152588,
        0.045390784740448,
        0.04444414749741554,
        0.044421643018722534,
        0.0439750961959362,
        0.043891556560993195,
        0.04349413514137268,
        0.04341502860188484,
        0.04299253597855568,
        0.04287493973970413,
        0.04272680729627609,
        0.0426463782787323,
        0.042709194123744965,
        0.04250525310635567,
        0.04228057712316513
    ],
    "train_mse": [
        0.01945686526596546,
        0.004684935789555311,
        0.003977551124989986,
        0.0036885396111756563,
        0.0035103929694741964,
        0.0034408741630613804,
        0.0034257727675139904,
        0.003288284642621875,
        0.003284542355686426,
        0.0032047585118561983,
        0.003202631836757064,
        0.0031499008182436228,
        0.003147666808217764,
        0.003079889342188835,
        0.003076016204431653,
        0.0030337844509631395,
        0.0030331695452332497,
        0.003042483003810048,
        0.0030102450400590897,
        0.0029776713345199823
    ],
    "train_rmse": [
        0.1394878625869751,
        0.06844659149646759,
        0.06306783109903336,
        0.06073334813117981,
        0.05924857035279274,
        0.058658964931964874,
        0.05853009968996048,
        0.05734356492757797,
        0.05731092765927315,
        0.0566105879843235,
        0.05659180134534836,
        0.05612397566437721,
        0.05610407143831253,
        0.05549675226211548,
        0.05546184629201889,
        0.05507979914546013,
        0.05507421866059303,
        0.05515870824456215,
        0.054865699261426926,
        0.05456804484128952
    ],
    "train_r2": [
        0.08536791801452637,
        0.7797696590423584,
        0.8130225539207458,
        0.826608419418335,
        0.8349827527999878,
        0.8382507562637329,
        0.838960587978363,
        0.845423698425293,
        0.8455995917320251,
        0.849350094795227,
        0.8494500517845154,
        0.8519288301467896,
        0.8520338535308838,
        0.8552199602127075,
        0.8554020524024963,
        0.8573873043060303,
        0.8574161529541016,
        0.8569783568382263,
        0.8584938049316406,
        0.8600250482559204
    ],
    "train_mape": [
        30.101383209228516,
        18.46718406677246,
        17.035852432250977,
        16.290861129760742,
        15.820402145385742,
        15.682638168334961,
        15.437041282653809,
        15.239662170410156,
        15.151198387145996,
        15.00658130645752,
        14.984397888183594,
        14.84989070892334,
        14.771154403686523,
        14.57656478881836,
        14.59184455871582,
        14.523510932922363,
        14.436695098876953,
        14.478354454040527,
        14.433842658996582,
        14.322196960449219
    ],
    "train_smape": [
        29.818435668945312,
        15.726738929748535,
        14.584417343139648,
        14.07286262512207,
        13.662348747253418,
        13.530084609985352,
        13.4525146484375,
        13.223587036132812,
        13.19073486328125,
        13.084218978881836,
        13.041845321655273,
        12.945108413696289,
        12.943146705627441,
        12.794968605041504,
        12.7669038772583,
        12.720836639404297,
        12.691073417663574,
        12.716792106628418,
        12.65994644165039,
        12.598042488098145
    ],
    "train_explained_variance": [
        0.12087923288345337,
        0.779775857925415,
        0.8130237460136414,
        0.8266085982322693,
        0.8349828124046326,
        0.8382531404495239,
        0.8389623165130615,
        0.845423698425293,
        0.8456003069877625,
        0.8493523597717285,
        0.849452018737793,
        0.8519288897514343,
        0.8520341515541077,
        0.8552209138870239,
        0.8554020524024963,
        0.8573873043060303,
        0.8574172854423523,
        0.8569793105125427,
        0.8584939241409302,
        0.8600255250930786
    ],
    "train_peak_error": [
        0.9719014763832092,
        0.44041454792022705,
        0.369812548160553,
        0.35506945848464966,
        0.33664339780807495,
        0.35676854848861694,
        0.35168761014938354,
        0.32708311080932617,
        0.3104866147041321,
        0.33399391174316406,
        0.30489325523376465,
        0.31576383113861084,
        0.31244415044784546,
        0.301694393157959,
        0.3123512864112854,
        0.31256598234176636,
        0.3088003993034363,
        0.3093574643135071,
        0.29223060607910156,
        0.3031156063079834
    ],
    "val_loss": [
        0.0061324846857770095,
        0.004019632747450428,
        0.003724372875106206,
        0.003430460490983167,
        0.0033936936066238034,
        0.0035927664842322574,
        0.003337666732225594,
        0.0032480685331141776,
        0.0032618950953934903,
        0.0031650074773045965,
        0.0032656367021284514,
        0.003349105781647745,
        0.0031851422587717824,
        0.003339418776487436,
        0.003231144316909875,
        0.0033118808268830717,
        0.0033688485761769384,
        0.0031692410819232466,
        0.0031880320610960934,
        0.00329917652974669
    ],
    "val_mae": [
        0.06310002505779266,
        0.05042124539613724,
        0.04827864095568657,
        0.04628760367631912,
        0.046003133058547974,
        0.047484129667282104,
        0.045779984444379807,
        0.04520080238580704,
        0.04524581879377365,
        0.044744811952114105,
        0.04540182277560234,
        0.04580387845635414,
        0.044897012412548065,
        0.04578476399183273,
        0.0451943464577198,
        0.04558928310871124,
        0.045959439128637314,
        0.044709526002407074,
        0.04485902190208435,
        0.04544588178396225
    ],
    "val_mse": [
        0.006132484879344702,
        0.004019632935523987,
        0.003724372945725918,
        0.0034304603468626738,
        0.003393693594262004,
        0.0035927663557231426,
        0.0033376668579876423,
        0.0032480687368661165,
        0.0032618949189782143,
        0.003165007336065173,
        0.0032656367402523756,
        0.003349105827510357,
        0.0031851420644670725,
        0.0033394189085811377,
        0.0032311442773789167,
        0.0033118806313723326,
        0.0033688487019389868,
        0.003169241128489375,
        0.0031880319584161043,
        0.003299176227301359
    ],
    "val_rmse": [
        0.07831018418073654,
        0.06340057402849197,
        0.061027642339468,
        0.05857013165950775,
        0.05825541540980339,
        0.05993968993425369,
        0.05777254328131676,
        0.056991830468177795,
        0.057113002985715866,
        0.05625839903950691,
        0.057145748287439346,
        0.057871460914611816,
        0.056437063962221146,
        0.0577877052128315,
        0.05684315413236618,
        0.05754894018173218,
        0.058041784912347794,
        0.05629601329565048,
        0.05646266043186188,
        0.057438455522060394
    ],