{
    "train_loss": [
        0.008166477446066937,
        0.0036761695056322383,
        0.0033203903473665,
        0.0032921951012099596,
        0.0031992139745238278,
        0.003144245495594629,
        0.003137236622087456,
        0.0029864574514911657,
        0.0030185944068028326,
        0.0030070992782555493,
        0.003040645156316789,
        0.0029746095128125893,
        0.002942688040694057,
        0.002900133711207752,
        0.0029732577326624047,
        0.0029119550497958705,
        0.0029425730199444493,
        0.002829966616057098,
        0.00289325791771026,
        0.002795278561549232,
        0.0028445414880144643,
        0.0028686234070999304,
        0.002848165629971599,
        0.002894433169198142,
        0.002798938415798806,
        0.0028044697415932117,
        0.002648372905328227,
        0.0026780323538938226,
        0.0026277926469283662,
        0.0026430016672014693
    ],
    "train_mae": [
        0.06427362561225891,
        0.04704732447862625,
        0.044608134776353836,
        0.04462248831987381,
        0.04387067258358002,
        0.04345789551734924,
        0.04337212070822716,
        0.042378511279821396,
        0.042488690465688705,
        0.042624182999134064,
        0.04282914847135544,
        0.0424589067697525,
        0.04203313961625099,
        0.04164505749940872,
        0.04231710359454155,
        0.04178333282470703,
        0.04191877692937851,
        0.0414094477891922,
        0.04166387766599655,
        0.04093865677714348,
        0.04151489585638046,
        0.04158239811658859,
        0.04133177176117897,
        0.04178333654999733,
        0.04092130437493324,
        0.040997181087732315,
        0.039891477674245834,
        0.03989547863602638,
        0.03976266086101532,
        0.03976688161492348
    ],
    "train_mse": [
        0.008166477084159851,
        0.00367616955190897,
        0.003320390358567238,
        0.003292195266112685,
        0.003199213882908225,
        0.0031442453619092703,
        0.0031372366938740015,
        0.0029864574316889048,
        0.0030185941141098738,
        0.003007099498063326,
        0.0030406450387090445,
        0.0029746098443865776,
        0.002942688064649701,
        0.0029001336079090834,
        0.0029732577968388796,
        0.0029119551181793213,
        0.0029425728134810925,
        0.002829966600984335,
        0.002893257886171341,
        0.002795278560370207,
        0.0028445415664464235,
        0.002868623472750187,
        0.002848165575414896,
        0.0028944332152605057,
        0.0027989381924271584,
        0.002804469782859087,
        0.0026483729016035795,
        0.0026780322659760714,
        0.0026277927681803703,
        0.0026430017314851284
    ],
    "train_rmse": [
        0.09036856144666672,
        0.06063142418861389,
        0.05762282758951187,
        0.0573776550590992,
        0.05656159296631813,
        0.05607357248663902,
        0.05601103976368904,
        0.05464848875999451,
        0.05494173243641853,
        0.054837025701999664,
        0.05514204502105713,
        0.05453998222947121,
        0.05424654856324196,
        0.05385288968682289,
        0.054527588188648224,
        0.05396253615617752,
        0.0542454868555069,
        0.053197428584098816,
        0.053789012134075165,
        0.05287039279937744,
        0.05333424359560013,
        0.05355953052639961,
        0.053368207067251205,
        0.053799938410520554,
        0.052904993295669556,
        0.05295724421739578,
        0.05146234482526779,
        0.05174970626831055,
        0.05126200243830681,
        0.05141013115644455
    ],
    "train_r2": [
        0.6161086559295654,
        0.8271899223327637,
        0.8439144492149353,
        0.8452398180961609,
        0.8496107459068298,
        0.8521946668624878,
        0.8525241613388062,
        0.8596120476722717,
        0.8581013679504395,
        0.8586416840553284,
        0.8570647835731506,
        0.8601689338684082,
        0.8616695404052734,
        0.8636699914932251,
        0.8602325320243835,
        0.8631142377853394,
        0.861674964427948,
        0.8669683933258057,
        0.8639931678771973,
        0.868598997592926,
        0.8662832379341125,
        0.8651511669158936,
        0.8661128878593445,
        0.8639379143714905,
        0.8684269785881042,
        0.8681669235229492,
        0.875504732131958,
        0.8741105198860168,
        0.8764722347259521,
        0.8757572770118713
    ],
    "train_mape": [
        20.831600189208984,
        15.710245132446289,
        14.879521369934082,
        14.829800605773926,
        14.676555633544922,
        14.38946533203125,
        14.478837966918945,
        14.06689453125,
        14.081493377685547,
        14.182517051696777,
        14.096414566040039,
        13.963521957397461,
        14.011960983276367,
        13.800053596496582,
        13.901381492614746,
        13.83674430847168,
        13.869426727294922,
        13.688514709472656,
        13.774980545043945,
        13.506404876708984,
        13.730016708374023,
        13.69308090209961,
        13.600915908813477,
        13.818487167358398,
        13.381155014038086,
        13.511130332946777,
        13.118021011352539,
        13.140890121459961,
        13.04814338684082,
        13.06509780883789
    ],
    "train_smape": [
        18.47008514404297,
        13.830530166625977,
        13.182775497436523,
        13.168451309204102,
        12.972265243530273,
        12.865248680114746,
        12.832898139953613,
        12.574180603027344,
        12.577840805053711,
        12.638789176940918,
        12.661611557006836,
        12.51489543914795,
        12.464529037475586,
        12.371152877807617,
        12.491338729858398,
        12.37131118774414,
        12.397741317749023,
        12.224016189575195,
        12.314055442810059,
        12.125934600830078,
        12.324745178222656,
        12.296232223510742,
        12.241101264953613,
        12.373831748962402,
        12.064855575561523,
        12.147395133972168,
        11.825821876525879,
        11.809507369995117,
        11.778305053710938,
        11.776496887207031
    ],
    "train_explained_variance": [
        0.6166490316390991,
        0.8271914124488831,
        0.8439227938652039,
        0.8452403545379639,
        0.8496116399765015,
        0.8521949648857117,
        0.8525270223617554,
        0.8596128225326538,
        0.8581013679504395,
        0.8586444854736328,
        0.8570665717124939,
        0.8601691722869873,
        0.8616695404052734,
        0.8636753559112549,
        0.8602325320243835,
        0.8631163835525513,
        0.8616767525672913,
        0.8669686317443848,
        0.8639940619468689,
        0.8685990571975708,
        0.866284191608429,
        0.8651531338691711,
        0.8661129474639893,
        0.8639417290687561,
        0.8684291839599609,
        0.8681669235229492,
        0.8755057454109192,
        0.8741118311882019,
        0.8764724731445312,
        0.8757598996162415
    ],