{
    "train_loss": [
        6.2974037742299025,
        0.024574641093726618,
        0.016111152150557483,
        0.011927512483897467,
        0.016222660918213623,
        0.013960033302852516,
        0.008763208181983905,
        0.011572130802911196,
        0.009708737480100546,
        0.008627305912373323,
        0.007279027867179061,
        0.009035309262823244,
        0.008534831975290135,
        0.005965466621350199,
        0.006040219834597651,
        0.005794023908974833,
        0.006103608780087673,
        0.00588614968318779,
        0.006167987287057387,
        0.005718386646428542,
        0.004935873981109919,
        0.0042688471261868085,
        0.0040911038881876255,
        0.004172277933297237,
        0.004270046665402345,
        0.004229795420542359,
        0.004352401680056774,
        0.004393001385999931,
        0.00435818231122568,
        0.004508428675274653,
        0.004299257365580049,
        0.00372906188569626,
        0.003695325586011888,
        0.00373627796773108,
        0.003811962687963377
    ],
    "train_mae": [
        0.49606892466545105,
        0.12466894090175629,
        0.09980887919664383,
        0.08630810678005219,
        0.09956203401088715,
        0.0926748663187027,
        0.07430268824100494,
        0.08515749871730804,
        0.07722152769565582,
        0.07354588806629181,
        0.06781356036663055,
        0.07542446255683899,
        0.0727352723479271,
        0.06095963716506958,
        0.061356887221336365,
        0.060194067656993866,
        0.06181614473462105,
        0.06051984429359436,
        0.06153036281466484,
        0.0591631717979908,
        0.05506523326039314,
        0.0510643869638443,
        0.05006681755185127,
        0.05079512670636177,
        0.050848186016082764,
        0.050873782485723495,
        0.05159108340740204,
        0.051644306629896164,
        0.051799360662698746,
        0.05270490050315857,
        0.05113367363810539,
        0.04764167219400406,
        0.04736393317580223,
        0.0476544164121151,
        0.047927211970090866
    ],
    "train_mse": [
        6.297404766082764,
        0.0245746411383152,
        0.01611115224659443,
        0.011927513405680656,
        0.01622266136109829,
        0.013960033655166626,
        0.0087632080540061,
        0.011572130024433136,
        0.009708737954497337,
        0.00862730573862791,
        0.007279027719050646,
        0.00903530977666378,
        0.00853483285754919,
        0.005965466611087322,
        0.006040220148861408,
        0.0057940236292779446,
        0.0061036087572574615,
        0.00588614959269762,
        0.006167987361550331,
        0.0057183862663805485,
        0.00493587413802743,
        0.004268846940249205,
        0.004091103561222553,
        0.004172277636826038,
        0.004270046949386597,
        0.004229795187711716,
        0.004352401476353407,
        0.004393001552671194,
        0.004358182195574045,
        0.004508428741246462,
        0.004299257416278124,
        0.0037290616892278194,
        0.003695325693115592,
        0.0037362780421972275,
        0.0038119626697152853
    ],
    "train_rmse": [
        2.50946307182312,
        0.1567630022764206,
        0.12692971527576447,
        0.10921315848827362,
        0.12736821174621582,
        0.11815258860588074,
        0.09361200779676437,
        0.10757383704185486,
        0.09853293001651764,
        0.09288328886032104,
        0.0853172168135643,
        0.0950542464852333,
        0.09238415956497192,
        0.07723643630743027,
        0.07771885395050049,
        0.07611848413944244,
        0.07812559604644775,
        0.07672124356031418,
        0.07853653281927109,
        0.07562001049518585,
        0.07025577872991562,
        0.06533641368150711,
        0.06396173685789108,
        0.06459317356348038,
        0.06534559279680252,
        0.06503687798976898,
        0.06597273051738739,
        0.06627972424030304,
        0.0660165324807167,
        0.06714483350515366,
        0.0655687227845192,
        0.06106604263186455,
        0.060789190232753754,
        0.06112510338425636,
        0.061741095036268234
    ],
    "train_r2": [
        -295.0296325683594,
        -0.15520954132080078,
        0.2426438331604004,
        0.43930917978286743,
        0.23740190267562866,
        0.343764066696167,
        0.5880573987960815,
        0.45601505041122437,
        0.5436097383499146,
        0.5944459438323975,
        0.6578260660171509,
        0.575266420841217,
        0.5987929105758667,
        0.7195742130279541,
        0.7160601615905762,
        0.7276334166526794,
        0.7130804061889648,
        0.7233027219772339,
        0.7100540399551392,
        0.7311890125274658,
        0.7679734826087952,
        0.7993292212486267,
        0.807684600353241,
        0.8038687705993652,
        0.7992728352546692,
        0.801164984703064,
        0.7954014539718628,
        0.7934929132461548,
        0.7951297163963318,
        0.7880669236183167,
        0.7978996634483337,
        0.824703574180603,
        0.8262894153594971,
        0.8243643045425415,
        0.8208065032958984
    ],
    "train_mape": [
        157.0167236328125,
        43.97785186767578,
        33.8936882019043,
        29.681819915771484,
        33.646236419677734,
        31.487497329711914,
        25.70476531982422,
        28.504493713378906,
        26.291799545288086,
        25.0101318359375,
        23.605226516723633,
        25.572433471679688,
        24.850378036499023,
        21.05108642578125,
        21.238445281982422,
        20.970340728759766,
        21.613725662231445,
        21.30860710144043,
        21.632417678833008,
        20.62457275390625,
        19.301219940185547,
        17.877235412597656,
        17.53693389892578,
        17.648223876953125,
        17.87704849243164,
        17.628023147583008,
        17.82762908935547,
        18.02069854736328,
        17.99555778503418,
        18.24482536315918,
        17.826261520385742,
        16.465669631958008,
        16.451156616210938,
        16.375661849975586,
        16.409988403320312
    ],
    "train_smape": [
        48.26163101196289,
        33.737518310546875,
        27.529706954956055,
        24.50702667236328,
        27.942562103271484,
        26.397598266601562,
        21.569778442382812,
        24.475257873535156,
        22.526470184326172,
        21.499309539794922,
        19.813732147216797,
        21.91217041015625,
        21.144563674926758,
        17.921283721923828,
        18.053855895996094,
        17.620956420898438,
        18.144474029541016,
        17.762104034423828,
        18.0579833984375,
        17.343734741210938,
        16.31769371032715,
        15.239635467529297,
        15.023395538330078,
        15.151411056518555,
        15.18098258972168,
        15.147174835205078,
        15.329705238342285,
        15.408164024353027,
        15.405169486999512,
        15.631718635559082,
        15.239485740661621,
        14.240065574645996,
        14.183588027954102,
        14.200531005859375,
        14.291379928588867
    ],