{
    "train_loss": [
        0.010775082406679756,
        0.004329011799696443,
        0.0038549648679296403,
        0.0036452209924991126,
        0.003268121416997887,
        0.003277832631720364,
        0.002821366664013418,
        0.0026746959906390404,
        0.0024723455412684198,
        0.0022509468353651093,
        0.001894895228991277,
        0.001822033163152797,
        0.0015599595470754187
    ],
    "train_mae": [
        0.06824978440999985,
        0.05162810906767845,
        0.048362597823143005,
        0.04731222614645958,
        0.04447271674871445,
        0.04484886676073074,
        0.04158924147486687,
        0.04041151702404022,
        0.03872611001133919,
        0.03669547662138939,
        0.03402665629982948,
        0.03319782763719559,
        0.030691998079419136
    ],
    "train_mse": [
        0.010775080882012844,
        0.004329011309891939,
        0.003854964626953006,
        0.0036452212370932102,
        0.0032681215088814497,
        0.0032778324093669653,
        0.002821366535499692,
        0.0026746958028525114,
        0.002472345717251301,
        0.0022509468253701925,
        0.0018948952201753855,
        0.0018220331985503435,
        0.0015599594917148352
    ],
    "train_rmse": [
        0.10380309075117111,
        0.06579522043466568,
        0.062088362872600555,
        0.06037566810846329,
        0.05716748535633087,
        0.05725235864520073,
        0.053116537630558014,
        0.05171746015548706,
        0.049722686409950256,
        0.04744414612650871,
        0.04353039339184761,
        0.04268528148531914,
        0.039496321231126785
    ],
    "train_r2": [
        0.49348288774490356,
        0.7965009808540344,
        0.8187850713729858,
        0.8286447525024414,
        0.8463715314865112,
        0.8459150195121765,
        0.8673726320266724,
        0.8742673397064209,
        0.8837795257568359,
        0.8941870331764221,
        0.9109243750572205,
        0.9143494963645935,
        0.9266691207885742
    ],
    "train_mape": [
        23.412200927734375,
        17.27691078186035,
        16.235410690307617,
        15.746541023254395,
        14.947340965270996,
        14.917895317077637,
        13.74647331237793,
        13.052860260009766,
        12.719635963439941,
        11.85566520690918,
        10.94758415222168,
        10.505439758300781,
        9.602499008178711
    ],
    "train_smape": [
        19.593463897705078,
        15.148152351379395,
        14.279410362243652,
        13.984589576721191,
        13.231428146362305,
        13.30553150177002,
        12.391791343688965,
        12.002388000488281,
        11.555534362792969,
        10.865971565246582,
        10.085277557373047,
        9.806220054626465,
        9.079034805297852
    ],
    "train_explained_variance": [
        0.49402374029159546,
        0.7965061664581299,
        0.8187900185585022,
        0.8286512494087219,
        0.846371591091156,
        0.8459153175354004,
        0.8673727512359619,
        0.8742681741714478,
        0.8837806582450867,
        0.8941870927810669,
        0.91092449426651,
        0.9143502712249756,
        0.9266695380210876
    ],
    "train_peak_error": [
        1.1786223649978638,
        0.3444153070449829,
        0.3227185606956482,
        0.30276429653167725,
        0.3047652244567871,
        0.2704135775566101,
        0.2254536747932434,
        0.23568788170814514,
        0.2608623802661896,
        0.23417305946350098,
        0.20490938425064087,
        0.22423788905143738,
        0.1960495114326477
    ],
    "val_loss": [
        0.0041033102774979185,
        0.004940825348163841,
        0.0033822539616074655,
        0.0034165085649801243,
        0.004129341749956818,
        0.003569657169550443,
        0.004322810912364089,
        0.004086676897454283,
        0.00404579158339703,
        0.004209853171960538,
        0.004523926366174178,
        0.004873112505737344,
        0.004835271452211862
    ],
    "val_mae": [
        0.05118769034743309,
        0.05706419050693512,
        0.04660496488213539,
        0.04655233770608902,
        0.051282625645399094,
        0.04707247391343117,
        0.05310865119099617,
        0.05211183428764343,
        0.05154590308666229,
        0.05203932151198387,
        0.05356507748365402,
        0.056480612605810165,
        0.055200304836034775
    ],
    "val_mse": [
        0.004103310406208038,
        0.004940825514495373,
        0.003382254159078002,
        0.0034165086690336466,
        0.004129341803491116,
        0.0035696569830179214,
        0.004322811029851437,
        0.004086676985025406,
        0.004045791458338499,
        0.004209853243082762,
        0.004523926414549351,
        0.00487311277538538,
        0.004835270810872316
    ],
    "val_rmse": [
        0.06405708938837051,
        0.07029100507497787,
        0.05815714970231056,
        0.058450907468795776,
        0.06425995379686356,
        0.05974660813808441,
        0.06574808806180954,
        0.06392712146043777,
        0.06360653787851334,
        0.06488338112831116,
        0.06726013869047165,
        0.06980768591165543,
        0.06953611224889755
    ],
    "val_r2": [
        0.7144392728805542,
        0.6561543345451355,
        0.7646195888519287,
        0.7622357606887817,
        0.7126277685165405,
        0.7515777349472046,
        0.6991636753082275,
        0.7155969142913818,
        0.7184422016143799,
        0.7070246934890747,
        0.6851674914360046,
        0.6608666181564331,
        0.663500189781189
    ],
    "val_mape": [
        27.699750900268555,
        31.706768035888672,
        22.72948455810547,
        23.169960021972656,
        22.804332733154297,
        20.84676170349121,
        26.22445297241211,
        27.475202560424805,
        25.215044021606445,
        26.38115882873535,
        25.588584899902344,
        23.247407913208008,
        23.61371612548828
    ],
    "val_smape": [
        20.06206703186035,
        21.999340057373047,
        18.517866134643555,
        18.449787139892578,
        20.646446228027344,
        18.722448348999023,
        20.36739158630371,
        20.526336669921875,
        20.10158348083496,
        20.29427719116211,
        20.690183639526367,
        22.52070426940918,
        22.02823257446289
    ],
    "val_explained_variance": [
        0.7460326552391052,
        0.7679405808448792,
        0.7646607756614685,
        0.7626057267189026,
        0.712834358215332,
        0.766680121421814,
        0.7343060970306396,
        0.7578310966491699,
        0.7282222509384155,
        0.7083683013916016,
        0.6875782012939453,
        0.6608750820159912,
        0.6647336483001709
    ],
    "val_peak_error": [
        0.1965525895357132,
        0.20561529695987701,
        0.2124059945344925,
        0.19382411241531372,
        0.23706579208374023,
        0.21813280880451202,
        0.2121814787387848,
        0.20053760707378387,
        0.19457751512527466,
        0.20449164509773254,
        0.21741873025894165,
        0.21876317262649536,
        0.23269957304000854
    ],
    "lr": [
        0.01,
        0.01,
        0.01,
        0.01,
        0.01,
        0.01,
        0.01,
        0.01,
        0.01,
        0.01,
        0.01,
        0.01,
        0.01
    ]
}