{
    "train_loss": [
        0.00868234345156711,
        0.0040589838432565474,
        0.003681123552029115,
        0.0033415283014244764,
        0.0033790682933282244,
        0.0030437249721431245,
        0.002684847605770004,
        0.0026754131827641495,
        0.0024463714454985453,
        0.002472160925526189,
        0.0021300421699884556,
        0.0021251089871358454,
        0.001893443063355743
    ],
    "train_mae": [
        0.06324750930070877,
        0.05007317289710045,
        0.04729186370968819,
        0.04500528797507286,
        0.045195356011390686,
        0.04336708039045334,
        0.04015535116195679,
        0.040281180292367935,
        0.038410864770412445,
        0.03878399357199669,
        0.035920001566410065,
        0.03587457910180092,
        0.03380580618977547
    ],
    "train_mse": [
        0.008682344108819962,
        0.004058984108269215,
        0.0036811234895139933,
        0.003341528121381998,
        0.003379068337380886,
        0.003043724922463298,
        0.0026848474517464638,
        0.0026754133868962526,
        0.0024463715963065624,
        0.0024721608497202396,
        0.002130042063072324,
        0.0021251090802252293,
        0.0018934431718662381
    ],
    "train_rmse": [
        0.09317909926176071,
        0.06371016055345535,
        0.06067226454615593,
        0.057805951684713364,
        0.05812975391745567,
        0.0551699623465538,
        0.05181551352143288,
        0.0517243966460228,
        0.04946080967783928,
        0.049720827490091324,
        0.04615237936377525,
        0.04609890654683113,
        0.0435137115418911
    ],
    "train_r2": [
        0.5918586850166321,
        0.8091944456100464,
        0.8269570469856262,
        0.8429207801818848,
        0.8411561250686646,
        0.8569200038909912,
        0.8737901449203491,
        0.8742336630821228,
        0.885000467300415,
        0.8837881684303284,
        0.8998705744743347,
        0.9001024961471558,
        0.9109926223754883
    ],
    "train_mape": [
        21.250761032104492,
        16.77435874938965,
        15.882287979125977,
        15.176177024841309,
        15.031962394714355,
        14.28261661529541,
        13.324713706970215,
        13.045692443847656,
        12.502326011657715,
        12.551373481750488,
        11.720754623413086,
        11.5299654006958,
        10.728829383850098
    ],
    "train_smape": [
        18.187997817993164,
        14.692418098449707,
        13.923989295959473,
        13.404282569885254,
        13.40745735168457,
        12.836400032043457,
        11.985970497131348,
        11.911639213562012,
        11.378530502319336,
        11.406866073608398,
        10.754467010498047,
        10.651256561279297,
        9.966611862182617
    ],
    "train_explained_variance": [
        0.5918592214584351,
        0.8091985583305359,
        0.8269617557525635,
        0.8429213762283325,
        0.841160774230957,
        0.8569234609603882,
        0.8737901449203491,
        0.8742340803146362,
        0.885002613067627,
        0.8837889432907104,
        0.8998711109161377,
        0.9001040458679199,
        0.9109927415847778
    ],
    "train_peak_error": [
        1.1508091688156128,
        0.37354332208633423,
        0.3004497289657593,
        0.27214935421943665,
        0.37881237268447876,
        0.24705910682678223,
        0.23678669333457947,
        0.2880949378013611,
        0.24667087197303772,
        0.28018680214881897,
        0.2515827715396881,
        0.21571490168571472,
        0.23911398649215698
    ],
    "val_loss": [
        0.004956017429236886,
        0.0034363274036893258,
        0.003219245706530784,
        0.0035144661832600833,
        0.0039096403674041625,
        0.003485573268857309,
        0.003570149927634558,
        0.003775059163315798,
        0.004559296112199374,
        0.005442117340661746,
        0.004375467825171759,
        0.004351275737511275,
        0.004840540951318878
    ],
    "val_mae": [
        0.05620994418859482,
        0.04633359611034393,
        0.04530341178178787,
        0.04699448496103287,
        0.049395445734262466,
        0.047371406108140945,
        0.047528110444545746,
        0.04904533550143242,
        0.05394307151436806,
        0.05999773368239403,
        0.05315326154232025,
        0.05258198082447052,
        0.055303871631622314
    ],
    "val_mse": [
        0.0049560172483325005,
        0.0034363276790827513,
        0.0032192454673349857,
        0.003514466341584921,
        0.003909640479832888,
        0.0034855734556913376,
        0.0035701498854905367,
        0.003775059012696147,
        0.004559296183288097,
        0.005442117340862751,
        0.0043754675425589085,
        0.004351275973021984,
        0.004840541165322065
    ],
    "val_rmse": [
        0.07039898633956909,
        0.05862019956111908,
        0.05673839524388313,
        0.05928293615579605,
        0.0625271201133728,
        0.05903874710202217,
        0.05975073203444481,
        0.06144150719046593,
        0.0675225630402565,
        0.07377070933580399,
        0.0661473199725151,
        0.06596419960260391,
        0.06957399845123291
    ],
    "val_r2": [
        0.6550971269607544,
        0.7608565092086792,
        0.7759638428688049,
        0.755418598651886,
        0.7279173135757446,
        0.7574293613433838,
        0.751543402671814,
        0.7372832298278809,
        0.6827059984207153,
        0.6212680339813232,
        0.6954991817474365,
        0.6971827149391174,
        0.6631333827972412
    ],
    "val_mape": [
        23.820663452148438,
        22.366256713867188,
        23.26270294189453,
        22.866926193237305,
        20.901737213134766,
        23.1608829498291,
        21.852474212646484,
        24.37637710571289,
        23.308147430419922,
        28.490516662597656,
        23.694612503051758,
        22.917804718017578,
        25.02777862548828
    ],
    "val_smape": [
        21.782791137695312,
        18.274463653564453,
        18.074827194213867,
        18.457027435302734,
        19.26026725769043,
        18.5225772857666,
        18.454973220825195,
        19.30587387084961,
        20.609132766723633,
        22.058252334594727,
        20.798175811767578,
        20.37548065185547,
        20.502370834350586
    ],
    "val_explained_variance": [
        0.7443063259124756,
        0.764606237411499,
        0.780049741268158,
        0.7569054365158081,
        0.7671302556991577,
        0.7681394815444946,
        0.7515815496444702,
        0.7439224720001221,
        0.6904972791671753,
        0.7012572884559631,
        0.6964254379272461,
        0.6987106800079346,
        0.683809757232666
    ],
    "val_peak_error": [
        0.29540809988975525,
        0.22513443231582642,
        0.2008567452430725,
        0.2093176245689392,
        0.2457267940044403,
        0.1949312686920166,
        0.22434797883033752,
        0.23073509335517883,
        0.23453637957572937,
        0.24682682752609253,
        0.2348412573337555,
        0.23786324262619019,
        0.25980687141418457
    ],
    "lr": [
        0.01,
        0.01,
        0.01,
        0.01,
        0.01,
        0.01,
        0.01,
        0.01,
        0.01,
        0.01,
        0.01,
        0.01,
        0.01
    ]
}