{
    "train_loss": [
        0.008602703283885502,
        0.003995467997428867,
        0.0036791373540621926,
        0.0035391090269919602,
        0.003414180447942441,
        0.0033204973719416866,
        0.003227505168905088,
        0.003226834939382666,
        0.003120795840193613,
        0.003125247741633629,
        0.0030706462374144395,
        0.0030559898630487282,
        0.0029622040482554985,
        0.0029198509869936906,
        0.0029019318617863623,
        0.0028494459447265617,
        0.002816480857976418,
        0.002791664187171209,
        0.0027706478386639345,
        0.002764299613573596,
        0.0027071354311947386,
        0.002713707436625562,
        0.0026898568100384387,
        0.002650919079870935,
        0.002618727582044979,
        0.002611098685598204,
        0.0025453461422375407,
        0.0025228328932598034,
        0.0023944446498328545,
        0.0023730131041844655,
        0.0023732458447800844,
        0.0023663189534238534
    ],
    "train_mae": [
        0.06812192499637604,
        0.04922828823328018,
        0.0472588911652565,
        0.04644346237182617,
        0.045563600957393646,
        0.04470418393611908,
        0.04422296583652496,
        0.044170595705509186,
        0.043263956904411316,
        0.0434938408434391,
        0.04307154193520546,
        0.04289190098643303,
        0.04230544716119766,
        0.04180937632918358,
        0.041793495416641235,
        0.041393015533685684,
        0.041101645678281784,
        0.040933556854724884,
        0.04088403657078743,
        0.040820375084877014,
        0.040340423583984375,
        0.04031914472579956,
        0.0403195284307003,
        0.03997982665896416,
        0.039796940982341766,
        0.03976787254214287,
        0.03914787992835045,
        0.039036739617586136,
        0.03793990984559059,
        0.03775147348642349,
        0.03776197507977486,
        0.037676241248846054
    ],
    "train_mse": [
        0.008602702990174294,
        0.003995467908680439,
        0.003679137211292982,
        0.003539108671247959,
        0.0034141805954277515,
        0.003320497227832675,
        0.0032275051344186068,
        0.0032268348149955273,
        0.0031207960564643145,
        0.00312524801120162,
        0.00307064619846642,
        0.0030559897422790527,
        0.0029622039292007685,
        0.002919851103797555,
        0.002901931758970022,
        0.0028494461439549923,
        0.002816480817273259,
        0.002791664097458124,
        0.0027706478722393513,
        0.002764299511909485,
        0.0027071356307715178,
        0.002713707508519292,
        0.0026898568030446768,
        0.0026509189046919346,
        0.002618727507069707,
        0.0026110985781997442,
        0.002545346040278673,
        0.0025228329468518496,
        0.002394444774836302,
        0.0023730129469186068,
        0.0023732460103929043,
        0.002366319065913558
    ],
    "train_rmse": [
        0.09275075793266296,
        0.06320971250534058,
        0.06065589189529419,
        0.05949040874838829,
        0.0584309883415699,
        0.05762375518679619,
        0.0568111352622509,
        0.05680523440241814,
        0.055864084511995316,
        0.05590391904115677,
        0.05541341006755829,
        0.055281005799770355,
        0.05442613363265991,
        0.054035644978284836,
        0.0538695827126503,
        0.05338020250201225,
        0.05307052657008171,
        0.05283620208501816,
        0.05263694375753403,
        0.05257660523056984,
        0.05203014239668846,
        0.052093256264925,
        0.05186383053660393,
        0.05148707330226898,
        0.05117350444197655,
        0.051098909229040146,
        0.05045142397284508,
        0.0502278096973896,
        0.048933062702417374,
        0.04871357977390289,
        0.048715971410274506,
        0.04864482581615448
    ],
    "train_r2": [
        0.5956025123596191,
        0.8121802806854248,
        0.8270503878593445,
        0.8336328864097595,
        0.8395055532455444,
        0.8439094424247742,
        0.8482807874679565,
        0.8483123183250427,
        0.8532969951629639,
        0.8530877232551575,
        0.8556544780731201,
        0.8563434481620789,
        0.8607521653175354,
        0.862743079662323,
        0.8635854125022888,
        0.8660526871681213,
        0.8676023483276367,
        0.8687689304351807,
        0.869756817817688,
        0.8700552582740784,
        0.8727424144744873,
        0.8724335432052612,
        0.8735547065734863,
        0.8753851056098938,
        0.8768983483314514,
        0.8772569894790649,
        0.8803478479385376,
        0.8814061880111694,
        0.8874414563179016,
        0.88844895362854,
        0.8884379863739014,
        0.8887636065483093
    ],
    "train_mape": [
        22.540504455566406,
        16.572223663330078,
        16.00870704650879,
        15.698625564575195,
        15.378030776977539,
        14.946927070617676,
        14.823357582092285,
        14.757205963134766,
        14.405811309814453,
        14.426462173461914,
        14.299047470092773,
        14.257176399230957,
        13.938408851623535,
        13.777727127075195,
        13.751588821411133,
        13.637298583984375,
        13.534982681274414,
        13.434863090515137,
        13.403741836547852,
        13.341302871704102,
        13.251786231994629,
        13.230395317077637,
        13.192461013793945,
        13.01460075378418,
        13.040656089782715,
        12.986072540283203,
        12.7536039352417,
        12.730461120605469,
        12.354372024536133,
        12.264782905578613,
        12.246668815612793,
        12.25106143951416
    ],
    "train_smape": [
        19.576568603515625,
        14.45470905303955,
        13.944231033325195,
        13.704607963562012,
        13.453777313232422,
        13.195748329162598,
        13.066741943359375,
        13.0262451171875,
        12.781530380249023,
        12.829507827758789,
        12.71839427947998,
        12.656146049499512,
        12.472464561462402,
        12.318161964416504,
        12.307969093322754,
        12.197014808654785,
        12.103425025939941,
        12.0420560836792,
        12.039247512817383,
        12.007092475891113,
        11.89934253692627,
        11.87105941772461,
        11.85031795501709,
        11.751779556274414,
        11.70811939239502,
        11.704964637756348,
        11.510298728942871,
        11.475406646728516,
        11.15719223022461,
        11.093891143798828,
        11.088593482971191,
        11.076057434082031
    ],
    "train_explained_variance": [
        0.5968308448791504,
        0.8121813535690308,
        0.82705157995224,
        0.8336334228515625,
        0.8395063281059265,
        0.843909502029419,
        0.848281979560852,
        0.8483126163482666,
        0.8532969951629639,
        0.8530879020690918,
        0.8556545376777649,
        0.8563452363014221,
        0.8607522249221802,
        0.8627433776855469,
        0.8635863065719604,
        0.8660527467727661,
        0.8676028251647949,
        0.8687690496444702,
        0.8697569966316223,
        0.870055615901947,
        0.8727434277534485,
        0.8724395632743835,
        0.8735566735267639,
        0.8753858208656311,
        0.8768985271453857,
        0.8772590756416321,
        0.88034987449646,
        0.8814067244529724,
        0.8874421119689941,
        0.8884491324424744,
        0.8884400725364685,
        0.8887642025947571
    ],