{
    "train_loss": [
        0.0379222814449064,
        0.004313138667138208,
        0.003800707458502261,
        0.003730627834721448,
        0.0033437626406930695,
        0.0031487750801254466,
        0.0029972792367511667,
        0.002819585355391752,
        0.002630318854937075,
        0.0024544058690984384,
        0.002127002879636595,
        0.002134297971111762,
        0.0017220446202344056,
        0.0016690757945199233,
        0.001380665574859691,
        0.0011867261917906653,
        0.000642141481499833,
        0.0005132741355554518,
        0.0004693488265751979,
        0.0004416666864076246
    ],
    "train_mae": [
        0.08914652466773987,
        0.05142519995570183,
        0.04807919263839722,
        0.04779639467597008,
        0.04504328966140747,
        0.043746575713157654,
        0.04270423576235771,
        0.04154965654015541,
        0.03992718085646629,
        0.038477249443531036,
        0.03616674616932869,
        0.03604503720998764,
        0.03246619552373886,
        0.03226161748170853,
        0.02915114536881447,
        0.027008524164557457,
        0.019539017230272293,
        0.017545068636536598,
        0.016831425949931145,
        0.016336902976036072
    ],
    "train_mse": [
        0.03792228177189827,
        0.0043131387792527676,
        0.00380070717073977,
        0.0037306277081370354,
        0.0033437625970691442,
        0.0031487753149122,
        0.0029972794000059366,
        0.00281958538107574,
        0.002630318980664015,
        0.0024544058833271265,
        0.00212700292468071,
        0.002134297974407673,
        0.0017220446607097983,
        0.0016690758056938648,
        0.0013806655770167708,
        0.0011867262655869126,
        0.0006421414436772466,
        0.0005132741061970592,
        0.00046934880083426833,
        0.0004416666633915156
    ],
    "train_rmse": [
        0.19473643600940704,
        0.06567449122667313,
        0.0616498738527298,
        0.061078865081071854,
        0.057825274765491486,
        0.05611395090818405,
        0.05474741384387016,
        0.05309976637363434,
        0.05128663405776024,
        0.049541961401700974,
        0.04611944034695625,
        0.04619846120476723,
        0.041497524827718735,
        0.0408543236553669,
        0.03715730831027031,
        0.03444889187812805,
        0.02534051053225994,
        0.022655554115772247,
        0.021664459258317947,
        0.021015867590904236
    ],
    "train_r2": [
        -0.7826579809188843,
        0.7972471117973328,
        0.8213356137275696,
        0.8246299028396606,
        0.8428157567977905,
        0.8519817590713501,
        0.8591033220291138,
        0.8674563765525818,
        0.8763534426689148,
        0.8846228122711182,
        0.9000134468078613,
        0.8996704816818237,
        0.9190497994422913,
        0.9215397834777832,
        0.9350973963737488,
        0.9442141652107239,
        0.9698140621185303,
        0.9758719205856323,
        0.9779367446899414,
        0.9792380332946777
    ],
    "train_mape": [
        29.183387756347656,
        17.3590087890625,
        16.223461151123047,
        15.846952438354492,
        15.053065299987793,
        14.592656135559082,
        14.169001579284668,
        13.893153190612793,
        13.175582885742188,
        12.816274642944336,
        11.877254486083984,
        11.625012397766113,
        10.290743827819824,
        10.467700004577637,
        9.135965347290039,
        8.688399314880371,
        5.959096431732178,
        5.271271705627441,
        5.104733467102051,
        4.914257526397705
    ],
    "train_smape": [
        23.245067596435547,
        15.077627182006836,
        14.19865608215332,
        14.028295516967773,
        13.333418846130371,
        13.000551223754883,
        12.648307800292969,
        12.396793365478516,
        11.824714660644531,
        11.408419609069824,
        10.700576782226562,
        10.690648078918457,
        9.597082138061523,
        9.673233032226562,
        8.644363403320312,
        8.1482572555542,
        5.872049808502197,
        5.199328899383545,
        5.042598247528076,
        4.86475944519043
    ],
    "train_explained_variance": [
        -0.7815508842468262,
        0.7972534894943237,
        0.8213443756103516,
        0.8246331214904785,
        0.8428218960762024,
        0.8519851565361023,
        0.8591052889823914,
        0.8674563765525818,
        0.8763536810874939,
        0.8846237063407898,
        0.9000136256217957,
        0.8996726274490356,
        0.9190500974655151,
        0.9215425252914429,
        0.9350974559783936,
        0.9442142248153687,
        0.9698178768157959,
        0.9758722186088562,
        0.9779369831085205,
        0.9792380332946777
    ],
    "train_peak_error": [
        2.5458664894104004,
        0.35075220465660095,
        0.30679094791412354,
        0.3272804617881775,
        0.2750928997993469,
        0.26857292652130127,
        0.2617419958114624,
        0.24685454368591309,
        0.25598397850990295,
        0.23994684219360352,
        0.21123701333999634,
        0.2643606662750244,
        0.24148106575012207,
        0.1914581060409546,
        0.20639222860336304,
        0.2111007571220398,
        0.13899901509284973,
        0.13160476088523865,
        0.11931896209716797,
        0.12342110276222229
    ],
    "val_loss": [
        0.003659356439472746,
        0.004157560418339834,
        0.0036635265452619778,
        0.003221693535053955,
        0.002945165604071544,
        0.003177940070347713,
        0.004162762634013947,
        0.0038082868015902826,
        0.003801995482858565,
        0.003636125102170187,
        0.004243840308953747,
        0.004403491686265782,
        0.004733807921255503,
        0.005248104831833633,
        0.004637785940196553,
        0.005078146065712618,
        0.0049118153907010235,
        0.004956837603989854,
        0.004989986193714757,
        0.005189799398699735
    ],
    "val_mae": [
        0.04819082096219063,
        0.05113998427987099,
        0.04778607562184334,
        0.0446784645318985,
        0.043030187487602234,
        0.044938307255506516,
        0.052000898867845535,
        0.049739591777324677,
        0.04927612468600273,
        0.048213861882686615,
        0.05213974788784981,
        0.05333026871085167,
        0.05552763491868973,
        0.05881604924798012,
        0.055051982402801514,
        0.05764036253094673,
        0.057335495948791504,
        0.057643432170152664,
        0.05784974619746208,
        0.05915667116641998
    ],
    "val_mse": [
        0.003659356851130724,
        0.004157560411840677,
        0.003663526615127921,
        0.0032216934487223625,
        0.002945165615528822,
        0.0031779403798282146,
        0.004162762779742479,
        0.0038082869723439217,
        0.003801995422691107,
        0.0036361252423375845,
        0.004243840463459492,
        0.0044034915044903755,
        0.004733807872980833,
        0.005248104687780142,
        0.004637786187231541,
        0.005078145768493414,
        0.004911815281957388,
        0.004956837277859449,
        0.004989986307919025,
        0.005189799703657627
    ],
    "val_rmse": [
        0.0604926198720932,
        0.06447914987802505,
        0.060527075082063675,
        0.05675996467471123,
        0.05426938086748123,
        0.056373223662376404,
        0.0645194724202156,
        0.06171131879091263,
        0.06166032329201698,
        0.06030029058456421,
        0.06514476239681244,
        0.06635881215333939,
        0.06880267709493637,
        0.07244380563497543,
        0.06810129433870316,
        0.07126110792160034,
        0.0700843408703804,
        0.07040481269359589,
        0.07063983380794525,
        0.07204026728868484
    ],