{
    "train_loss": [
        0.017946274313596168,
        0.004284391524974377,
        0.003876714131825203,
        0.003573392280693105,
        0.0034150525227417154,
        0.0034177184412752144,
        0.003046401075148261,
        0.002986467846204399,
        0.002623823318174496,
        0.0026601383246625905,
        0.0023562903990016195,
        0.0021423107387553973,
        0.0018269087784746868,
        0.001876290899196901,
        0.001046526628781793,
        0.0008843393227191477,
        0.0008057048652677594,
        0.0007513173409245243
    ],
    "train_mae": [
        0.07295743376016617,
        0.05112147703766823,
        0.04873271286487579,
        0.046768467873334885,
        0.045601680874824524,
        0.04566634073853493,
        0.043115172535181046,
        0.04285426437854767,
        0.03998794034123421,
        0.04039774090051651,
        0.03827831894159317,
        0.03616472706198692,
        0.033529769629240036,
        0.033792246133089066,
        0.024964667856693268,
        0.02281310223042965,
        0.021852118894457817,
        0.021222244948148727
    ],
    "train_mse": [
        0.0179462730884552,
        0.004284391645342112,
        0.0038767140358686447,
        0.0035733922850340605,
        0.0034150523133575916,
        0.003417718457058072,
        0.0030464010778814554,
        0.002986468141898513,
        0.0026238232385367155,
        0.0026601385325193405,
        0.002356290351599455,
        0.002142310608178377,
        0.0018269089050590992,
        0.001876290887594223,
        0.001046526595018804,
        0.0008843393879942596,
        0.0008057048544287682,
        0.0007513173623010516
    ],
    "train_rmse": [
        0.1339637041091919,
        0.06545526534318924,
        0.06226326525211334,
        0.05977785959839821,
        0.05843845009803772,
        0.058461256325244904,
        0.05519421398639679,
        0.054648589342832565,
        0.0512232668697834,
        0.051576532423496246,
        0.048541635274887085,
        0.046285100281238556,
        0.04274235665798187,
        0.04331617429852486,
        0.03235006332397461,
        0.029737845063209534,
        0.028384940698742867,
        0.027410168200731277
    ],
    "train_r2": [
        0.1563781499862671,
        0.7985985279083252,
        0.8177626729011536,
        0.8320212960243225,
        0.839464545249939,
        0.8393392562866211,
        0.8567941784858704,
        0.8596115112304688,
        0.8766587972640991,
        0.8749517202377319,
        0.8892350196838379,
        0.899293839931488,
        0.9141203165054321,
        0.9117989540100098,
        0.9508046507835388,
        0.9584288001060486,
        0.962125301361084,
        0.9646819233894348
    ],
    "train_mape": [
        23.527729034423828,
        17.202848434448242,
        16.407146453857422,
        15.614599227905273,
        15.050504684448242,
        15.187295913696289,
        14.26891803741455,
        14.019942283630371,
        13.3471097946167,
        13.110298156738281,
        12.530064582824707,
        11.808513641357422,
        10.845230102539062,
        10.949334144592285,
        7.8512444496154785,
        7.147691249847412,
        6.771670818328857,
        6.492992401123047
    ],
    "train_smape": [
        20.2913818359375,
        14.970670700073242,
        14.357645988464355,
        13.828054428100586,
        13.470040321350098,
        13.48413372039795,
        12.804424285888672,
        12.79445743560791,
        12.027873992919922,
        11.95885181427002,
        11.52960205078125,
        10.832113265991211,
        10.064802169799805,
        10.110267639160156,
        7.432086944580078,
        6.765411853790283,
        6.467294692993164,
        6.280986309051514
    ],
    "train_explained_variance": [
        0.15715378522872925,
        0.7986045479774475,
        0.8177658319473267,
        0.832035481929779,
        0.8394696712493896,
        0.8393449187278748,
        0.8567944765090942,
        0.8596147894859314,
        0.8766588568687439,
        0.8749521970748901,
        0.8892368674278259,
        0.8992946743965149,
        0.9141203165054321,
        0.9117989540100098,
        0.9508047699928284,
        0.9584288597106934,
        0.9621269106864929,
        0.9646819233894348
    ],
    "train_peak_error": [
        1.7437163591384888,
        0.3573926091194153,
        0.3471364974975586,
        0.32688236236572266,
        0.29786062240600586,
        0.2541181445121765,
        0.27368882298469543,
        0.23771658539772034,
        0.25128915905952454,
        0.24572747945785522,
        0.23267880082130432,
        0.2645346522331238,
        0.21645939350128174,
        0.2553597688674927,
        0.193315327167511,
        0.18004000186920166,
        0.16533592343330383,
        0.15141290426254272
    ],
    "val_loss": [
        0.005241950589145045,
        0.0032813912067770046,
        0.0031975433860885367,
        0.00402364521508487,
        0.003736166844358869,
        0.0032633479350923206,
        0.0043146836140574955,
        0.0036316953995097563,
        0.004612905524985986,
        0.003907272458384684,
        0.004213572995965,
        0.004176690401107394,
        0.004369333699586794,
        0.004698250306093489,
        0.004707418863239477,
        0.004666399914208505,
        0.004815243290764072,
        0.004878972953976058
    ],
    "val_mae": [
        0.057597965002059937,
        0.045306939631700516,
        0.04440802335739136,
        0.05078720301389694,
        0.048170506954193115,
        0.045559030026197433,
        0.05260218307375908,
        0.048040661960840225,
        0.05372965335845947,
        0.050631023943424225,
        0.051664914935827255,
        0.05156251788139343,
        0.05298539623618126,
        0.054402127861976624,
        0.05426424369215965,
        0.05411301925778389,
        0.054939154535532,
        0.055277712643146515
    ],
    "val_mse": [
        0.005241950508207083,
        0.003281390992924571,
        0.003197543555870652,
        0.00402364507317543,
        0.003736166749149561,
        0.0032633477821946144,
        0.004314683843404055,
        0.0036316956393420696,
        0.004612905438989401,
        0.003907272592186928,
        0.004213572945445776,
        0.0041766902431845665,
        0.004369333852082491,
        0.004698250442743301,
        0.0047074188478291035,
        0.004666400142014027,
        0.004815243650227785,
        0.004878973122686148
    ],
    "val_rmse": [
        0.07240131497383118,
        0.0572834275662899,
        0.05654682591557503,
        0.06343220919370651,
        0.06112419068813324,
        0.05712571740150452,
        0.06568625569343567,
        0.06026355177164078,
        0.06791837513446808,
        0.06250818073749542,
        0.06491204351186752,
        0.06462731957435608,
        0.06610094010829926,
        0.06854378432035446,
        0.06861063092947006,
        0.06831105798482895,
        0.06939195841550827,
        0.0698496475815773
    ],
    "val_r2": [
        0.6351982355117798,
        0.7716389298439026,
        0.7774741649627686,
        0.7199834585189819,
        0.7399898767471313,
        0.7728946208953857,
        0.6997292637825012,
        0.747260332107544,
        0.6789752244949341,
        0.7280821204185486,
        0.70676589012146,
        0.7093325853347778,
        0.6959260106086731,
        0.6730358004570007,
        0.6723977327346802,
        0.6752523183822632,
        0.6648939251899719,
        0.6604588031768799
    ],