{
    "train_loss": [
        0.008532172700803736,
        0.0038319793590903452,
        0.003670234343486968,
        0.003401739092899358,
        0.003223298380199838,
        0.003125389037598711,
        0.002826677732889798,
        0.002655373968370816,
        0.002597790648777024,
        0.002385440542579035,
        0.0021045016948581094,
        0.0019767600110752277,
        0.0017960617540459722,
        0.0015782748366776707,
        0.0014055515457270973,
        0.0008473483919910315,
        0.0007239503630939436,
        0.0006797932076276687,
        0.0006391133012145347
    ],
    "train_mae": [
        0.06429630517959595,
        0.04834608733654022,
        0.04720567911863327,
        0.045206405222415924,
        0.044231437146663666,
        0.043486710637807846,
        0.04115014523267746,
        0.039958078414201736,
        0.03955080732703209,
        0.037900011986494064,
        0.03601674363017082,
        0.03455240651965141,
        0.03284067288041115,
        0.030971601605415344,
        0.029352746903896332,
        0.022621842101216316,
        0.020845334976911545,
        0.020214399322867393,
        0.01956373266875744
    ],
    "train_mse": [
        0.008532173000276089,
        0.0038319791201502085,
        0.0036702342331409454,
        0.0034017390571534634,
        0.0032232983503490686,
        0.0031253888737410307,
        0.0028266776353120804,
        0.0026553738862276077,
        0.00259779067710042,
        0.0023854405153542757,
        0.002104501472786069,
        0.001976759871467948,
        0.001796061871573329,
        0.0015782747650519013,
        0.001405551447533071,
        0.0008473484194837511,
        0.000723950332030654,
        0.0006797932437621057,
        0.0006391133065335453
    ],
    "train_rmse": [
        0.09236976504325867,
        0.061902981251478195,
        0.06058245897293091,
        0.058324430137872696,
        0.05677409842610359,
        0.05590517818927765,
        0.05316650867462158,
        0.051530320197343826,
        0.05096852779388428,
        0.048840973526239395,
        0.04587484523653984,
        0.04446076601743698,
        0.04237997159361839,
        0.039727505296468735,
        0.037490684539079666,
        0.029109248891472816,
        0.026906324550509453,
        0.026072844862937927,
        0.02528068982064724
    ],
    "train_r2": [
        0.5989179611206055,
        0.8198655843734741,
        0.8274689316749573,
        0.8400903940200806,
        0.8484785556793213,
        0.8530811071395874,
        0.867123007774353,
        0.8751756548881531,
        0.8778825402259827,
        0.8878647685050964,
        0.9010711908340454,
        0.9070760607719421,
        0.9155703783035278,
        0.9258081912994385,
        0.9339275360107422,
        0.9601677060127258,
        0.9659684300422668,
        0.9680441617965698,
        0.9699564576148987
    ],
    "train_mape": [
        21.522001266479492,
        16.28923797607422,
        15.846508979797363,
        15.211441993713379,
        14.729825019836426,
        14.26857852935791,
        13.538066864013672,
        13.131368637084961,
        12.938570976257324,
        12.430558204650879,
        11.727917671203613,
        11.237196922302246,
        10.594046592712402,
        10.124369621276855,
        9.623037338256836,
        7.6003618240356445,
        6.999485015869141,
        6.763452529907227,
        6.504570484161377
    ],
    "train_smape": [
        18.438961029052734,
        14.246761322021484,
        13.927695274353027,
        13.378599166870117,
        13.053596496582031,
        12.841547966003418,
        12.183588027954102,
        11.850086212158203,
        11.702666282653809,
        11.224095344543457,
        10.628364562988281,
        10.193219184875488,
        9.638154983520508,
        9.19180679321289,
        8.76412582397461,
        6.864169120788574,
        6.325507164001465,
        6.139596462249756,
        5.925204277038574
    ],
    "train_explained_variance": [
        0.5989944338798523,
        0.8198667168617249,
        0.8274701237678528,
        0.8400905132293701,
        0.848480224609375,
        0.8530820608139038,
        0.867124617099762,
        0.8751763105392456,
        0.8778828978538513,
        0.8878647685050964,
        0.9010715484619141,
        0.9070765972137451,
        0.915571391582489,
        0.9258093237876892,
        0.9339276552200317,
        0.9601686000823975,
        0.965969979763031,
        0.9680444598197937,
        0.9699566960334778
    ],
    "train_peak_error": [
        0.8471794128417969,
        0.3216755986213684,
        0.3265857696533203,
        0.3479767441749573,
        0.4238770008087158,
        0.30155423283576965,
        0.30776089429855347,
        0.26342177391052246,
        0.2581692934036255,
        0.23474544286727905,
        0.22824424505233765,
        0.2577919363975525,
        0.22069308161735535,
        0.20845019817352295,
        0.19500359892845154,
        0.1337897777557373,
        0.12539580464363098,
        0.11471578478813171,
        0.11551371216773987
    ],
    "val_loss": [
        0.0038423992431447875,
        0.005273586121126474,
        0.0034600049150075845,
        0.003132113047788362,
        0.0033207423755188853,
        0.0035830667066528536,
        0.005646354379735405,
        0.003467913094988401,
        0.0050279207992628755,
        0.004079853578959759,
        0.004246712899532356,
        0.004163253617158039,
        0.004059359233343987,
        0.004847245479082997,
        0.004860859341088602,
        0.004652491826698077,
        0.004715605179625128,
        0.004906464052862294,
        0.00508821519038124
    ],
    "val_mae": [
        0.04900655895471573,
        0.059196438640356064,
        0.04686814174056053,
        0.044559046626091,
        0.04589034989476204,
        0.04851550981402397,
        0.06133032590150833,
        0.047468382865190506,
        0.05732506513595581,
        0.05166119709610939,
        0.05264635384082794,
        0.0522293820977211,
        0.050966911017894745,
        0.05685672163963318,
        0.05669364705681801,
        0.05539544299244881,
        0.05562423914670944,
        0.056629639118909836,
        0.0576532781124115
    ],
    "val_mse": [
        0.00384239898994565,
        0.005273585673421621,
        0.003460005158558488,
        0.003132113255560398,
        0.003320742631331086,
        0.003583066863939166,
        0.005646354518830776,
        0.0034679132513701916,
        0.005027920939028263,
        0.004079853650182486,
        0.004246712662279606,
        0.004163253586739302,
        0.004059359431266785,
        0.004847245290875435,
        0.004860859829932451,
        0.004652492236346006,
        0.0047156051732599735,
        0.00490646343678236,
        0.005088215693831444
    ],
    "val_rmse": [
        0.06198708713054657,
        0.07261946052312851,
        0.05882180854678154,
        0.05596528574824333,
        0.05762588605284691,
        0.05985872447490692,
        0.07514222711324692,
        0.058888990432024,
        0.0709078311920166,
        0.06387373059988022,
        0.06516680866479874,
        0.06452327966690063,
        0.06371310353279114,
        0.06962215900421143,
        0.06971986591815948,
        0.06820917874574661,
        0.06867026537656784,
        0.07004614919424057,
        0.07133173197507858
    ],