{
    "train_loss": [
        0.2645221536655169,
        0.01510921542691696,
        0.01321920405752637,
        0.010918309219676299,
        0.010111019460340544,
        0.012910700411621439,
        0.009446230288802898,
        0.008961281208667658,
        0.0076881201136272045,
        0.007304154704737024,
        0.006350057349762271,
        0.007383600353576403,
        0.0058900964595512495,
        0.006362475262036692,
        0.005458645894844803,
        0.005529693427257388,
        0.005698258408157388,
        0.0054560821008317485,
        0.005317841640106896,
        0.005343984460719903,
        0.005238228983446546,
        0.004954816186808102,
        0.005172121078249709,
        0.005687139835197936,
        0.004776877724213037,
        0.00558311668814574,
        0.004988829319903708,
        0.013975386201262659,
        0.021320565977424388,
        0.02177530520405144,
        0.021472697314408738
    ],
    "train_mae": [
        0.21431195735931396,
        0.09773528575897217,
        0.09029685705900192,
        0.08243227005004883,
        0.07917307317256927,
        0.08909957855939865,
        0.07707828283309937,
        0.07451039552688599,
        0.06910373270511627,
        0.06744599342346191,
        0.06283268332481384,
        0.06729403138160706,
        0.060679733753204346,
        0.0632515549659729,
        0.058077868074178696,
        0.058401912450790405,
        0.05924403667449951,
        0.0580529123544693,
        0.057277049869298935,
        0.05743599310517311,
        0.05705365538597107,
        0.05509393662214279,
        0.05627240613102913,
        0.058023110032081604,
        0.054146479815244675,
        0.05813518539071083,
        0.05566424876451492,
        0.08161808550357819,
        0.11675634235143661,
        0.11784175783395767,
        0.11721288412809372
    ],
    "train_mse": [
        0.26452216506004333,
        0.015109216794371605,
        0.013219204731285572,
        0.010918309912085533,
        0.010111019015312195,
        0.012910700403153896,
        0.009446230717003345,
        0.008961280807852745,
        0.007688120473176241,
        0.0073041548021137714,
        0.006350057199597359,
        0.00738360034301877,
        0.0058900960721075535,
        0.0063624754548072815,
        0.005458645988255739,
        0.00552969379350543,
        0.0056982580572366714,
        0.005456082057207823,
        0.0053178416565060616,
        0.005343984346836805,
        0.005238228477537632,
        0.004954816307872534,
        0.005172121338546276,
        0.0056871394626796246,
        0.0047768778167665005,
        0.005583116319030523,
        0.004988829605281353,
        0.013975385576486588,
        0.021320566534996033,
        0.02177530527114868,
        0.021472694352269173
    ],
    "train_rmse": [
        0.5143171548843384,
        0.12291955202817917,
        0.11497479677200317,
        0.1044907197356224,
        0.10055356472730637,
        0.11362526565790176,
        0.097191721200943,
        0.09466404467821121,
        0.08768192678689957,
        0.08546435087919235,
        0.07968724519014359,
        0.08592788130044937,
        0.07674696296453476,
        0.07976512610912323,
        0.07388264685869217,
        0.07436191290616989,
        0.07548680901527405,
        0.07386529445648193,
        0.07292353361845016,
        0.07310256361961365,
        0.07237561047077179,
        0.07039045542478561,
        0.07191745936870575,
        0.07541312277317047,
        0.06911496073007584,
        0.07472025603055954,
        0.07063164561986923,
        0.11821753531694412,
        0.14601564407348633,
        0.1475645750761032,
        0.14653563499450684
    ],
    "train_r2": [
        -11.434709548950195,
        0.28974300622940063,
        0.37858903408050537,
        0.48674994707107544,
        0.5246992111206055,
        0.39309126138687134,
        0.5559497475624084,
        0.5787463784217834,
        0.6385953426361084,
        0.656644880771637,
        0.7014952898025513,
        0.6529102921485901,
        0.7231172323226929,
        0.7009115219116211,
        0.743398904800415,
        0.7400590777397156,
        0.7321351766586304,
        0.7435194253921509,
        0.7500178813934326,
        0.7487889528274536,
        0.7537603378295898,
        0.7670830488204956,
        0.7568678855895996,
        0.7326578497886658,
        0.7754476070404053,
        0.737547755241394,
        0.7654841542243958,
        0.34304237365722656,
        -0.0022412538528442383,
        -0.02361762523651123,
        -0.009392619132995605
    ],
    "train_mape": [
        74.1812515258789,
        33.579654693603516,
        30.791521072387695,
        27.669187545776367,
        26.313796997070312,
        30.621585845947266,
        25.780052185058594,
        24.576250076293945,
        22.44900894165039,
        22.474956512451172,
        20.80521583557129,
        22.0711612701416,
        19.781185150146484,
        20.76736068725586,
        18.840673446655273,
        19.146127700805664,
        19.738384246826172,
        19.520950317382812,
        19.24342918395996,
        19.432376861572266,
        19.053953170776367,
        18.424964904785156,
        18.70275115966797,
        19.483829498291016,
        18.369773864746094,
        19.680707931518555,
        18.879518508911133,
        28.980545043945312,
        46.351661682128906,
        46.627174377441406,
        46.40119552612305
    ],
    "train_smape": [
        43.35340118408203,
        26.822162628173828,
        24.78422737121582,
        23.059616088867188,
        22.313865661621094,
        24.773664474487305,
        21.762474060058594,
        21.09699821472168,
        19.80710792541504,
        19.286304473876953,
        18.072750091552734,
        19.360057830810547,
        17.536239624023438,
        18.19441032409668,
        16.772764205932617,
        16.89944076538086,
        17.122892379760742,
        16.866840362548828,
        16.684049606323242,
        16.640674591064453,
        16.558977127075195,
        16.073558807373047,
        16.311321258544922,
        16.904809951782227,
        15.912689208984375,
        16.93052864074707,
        16.2291202545166,
        23.12995147705078,
        31.43391227722168,
        31.641536712646484,
        31.564266204833984
    ],
    "train_explained_variance": [
        -11.411813735961914,
        0.28974682092666626,
        0.3785892724990845,
        0.48675405979156494,
        0.524713397026062,
        0.3931369185447693,
        0.5559520721435547,
        0.5787498354911804,
        0.6385987997055054,
        0.6566611528396606,
        0.7014954090118408,
        0.6529223918914795,
        0.7231316566467285,
        0.7009153962135315,
        0.7434030771255493,
        0.7400662899017334,
        0.7321383953094482,
        0.7435203194618225,
        0.7500203847885132,
        0.748792290687561,
        0.7537603378295898,
        0.7670838236808777,
        0.7568739652633667,
        0.7326580882072449,
        0.7754484415054321,
        0.737554669380188,
        0.7654862403869629,
        0.34384584426879883,
        -0.0022411346435546875,
        -0.02361452579498291,
        -0.009392619132995605
    ],