{
    "train_loss": [
        0.009154431602548576,
        0.003558316111832811,
        0.0033220634421652867,
        0.00315313800210205,
        0.0030524892128009546,
        0.0029444879098356005,
        0.0029046885823415733,
        0.002776625921071049,
        0.0026542434330544323,
        0.0026233072958252953,
        0.0025430978944128327,
        0.0024257303883963295,
        0.0024029955399260295,
        0.0023114375387659172,
        0.002129706949798292
    ],
    "train_mae": [
        0.0658642128109932,
        0.0461839959025383,
        0.04472832754254341,
        0.0435933917760849,
        0.0427996888756752,
        0.04216292127966881,
        0.041786085814237595,
        0.040831875056028366,
        0.03987640514969826,
        0.039718735963106155,
        0.03929825499653816,
        0.038096025586128235,
        0.03809436783194542,
        0.037350255995988846,
        0.0358567014336586
    ],
    "train_mse": [
        0.009154431521892548,
        0.003558316035196185,
        0.0033220634795725346,
        0.0031531378626823425,
        0.003052489133551717,
        0.0029444878455251455,
        0.0029046887066215277,
        0.0027766257990151644,
        0.002654243726283312,
        0.0026233072858303785,
        0.002543098060414195,
        0.002425730461254716,
        0.002402995713055134,
        0.002311437390744686,
        0.002129707019776106
    ],
    "train_rmse": [
        0.09567879140377045,
        0.05965162068605423,
        0.05763734504580498,
        0.05615280941128731,
        0.05524933710694313,
        0.05426313355565071,
        0.05389516428112984,
        0.052693698555231094,
        0.051519352942705154,
        0.05121823027729988,
        0.05042913928627968,
        0.049251705408096313,
        0.04902036115527153,
        0.04807741194963455,
        0.04614874720573425
    ],
    "train_r2": [
        0.5696666836738586,
        0.8327299952507019,
        0.8438358306884766,
        0.8517767190933228,
        0.8565080165863037,
        0.8615849614143372,
        0.8634558320045471,
        0.8694758415222168,
        0.875228762626648,
        0.8766830563545227,
        0.8804535269737244,
        0.8859707713127136,
        0.8870395421981812,
        0.8913434743881226,
        0.8998863101005554
    ],
    "train_mape": [
        21.221647262573242,
        15.453614234924316,
        14.861824035644531,
        14.415963172912598,
        14.240886688232422,
        13.849065780639648,
        13.600672721862793,
        13.343628883361816,
        13.024301528930664,
        12.777836799621582,
        12.792640686035156,
        12.19194221496582,
        12.262505531311035,
        11.879509925842285,
        11.4259033203125
    ],
    "train_smape": [
        19.3380126953125,
        13.641783714294434,
        13.183246612548828,
        12.897027969360352,
        12.707106590270996,
        12.477632522583008,
        12.338826179504395,
        12.101624488830566,
        11.795252799987793,
        11.715320587158203,
        11.63281536102295,
        11.224332809448242,
        11.285514831542969,
        10.993475914001465,
        10.592920303344727
    ],
    "train_explained_variance": [
        0.5708274841308594,
        0.832731306552887,
        0.8438363671302795,
        0.8517779111862183,
        0.8565080165863037,
        0.8615877032279968,
        0.8634563684463501,
        0.8694801330566406,
        0.8752303719520569,
        0.8766860961914062,
        0.8804535865783691,
        0.8859716653823853,
        0.8870409727096558,
        0.8913436532020569,
        0.8998863101005554
    ],
    "train_peak_error": [
        0.804195761680603,
        0.3591644763946533,
        0.3519930839538574,
        0.3388269543647766,
        0.32994186878204346,
        0.28880774974823,
        0.30836135149002075,
        0.2782992124557495,
        0.2729005217552185,
        0.303877055644989,
        0.2706718444824219,
        0.27451038360595703,
        0.2709503471851349,
        0.2663564682006836,
        0.21628233790397644
    ],
    "val_loss": [
        0.0033131044687998057,
        0.003448809512301261,
        0.003223209486597573,
        0.0038569471102020293,
        0.0031716571247084537,
        0.0032060952764674487,
        0.0032009634369542057,
        0.0037289288398816432,
        0.003298517674401992,
        0.003471107894970144,
        0.003318245609210496,
        0.0034867570546569583,
        0.003308708034991789,
        0.003981834877275681,
        0.0035335790967608955
    ],
    "val_mae": [
        0.04563465714454651,
        0.04666547849774361,
        0.04476933926343918,
        0.04944893717765808,
        0.04453723132610321,
        0.04490523040294647,
        0.04486820846796036,
        0.04841674491763115,
        0.04553203284740448,
        0.04711880534887314,
        0.04538394883275032,
        0.04713117331266403,
        0.04594798758625984,
        0.04906236007809639,
        0.04773611202836037
    ],
    "val_mse": [
        0.0033131043892353773,
        0.0034488097298890352,
        0.003223209409043193,
        0.0038569471798837185,
        0.0031716572120785713,
        0.003206095192581415,
        0.003200963605195284,
        0.0037289289757609367,
        0.003298517782241106,
        0.0034711076878011227,
        0.0033182455226778984,
        0.003486757166683674,
        0.0033087078481912613,
        0.00398183474317193,
        0.003533579409122467
    ],
    "val_rmse": [
        0.05755957216024399,
        0.05872656777501106,
        0.056773316115140915,
        0.062104325741529465,
        0.056317467242479324,
        0.05662238970398903,
        0.056577060371637344,
        0.061064958572387695,
        0.05743272230029106,
        0.058916106820106506,
        0.057604216039180756,
        0.059048768132925034,
        0.05752136930823326,
        0.06310178339481354,
        0.059443917125463486
    ],
    "val_r2": [
        0.7694319486618042,
        0.7599878311157227,
        0.7756879329681396,
        0.7315844297409058,
        0.77927565574646,
        0.7768790125846863,
        0.7772361040115356,
        0.7404935359954834,
        0.7704470753669739,
        0.7584360241889954,
        0.7690741419792175,
        0.7573469877243042,
        0.7697378993034363,
        0.7228931188583374,
        0.7540884613990784
    ],
    "val_mape": [
        23.771934509277344,
        24.648433685302734,
        21.2470703125,
        27.60772132873535,
        19.998464584350586,
        22.65087890625,
        21.06211280822754,
        23.520328521728516,
        20.52448081970215,
        24.117637634277344,
        19.921714782714844,
        22.340803146362305,
        21.28643798828125,
        19.489809036254883,
        22.464557647705078
    ],
    "val_smape": [
        18.20930290222168,
        18.452028274536133,
        17.766782760620117,
        19.653358459472656,
        17.622146606445312,
        17.86442756652832,
        17.567123413085938,
        18.649248123168945,
        17.749353408813477,
        18.58289337158203,
        17.779184341430664,
        18.623027801513672,
        18.098169326782227,
        19.558536529541016,
        19.017866134643555
    ],
    "val_explained_variance": [
        0.7733427286148071,
        0.7702445387840271,
        0.7760807871818542,
        0.7872463464736938,
        0.7828382253646851,
        0.7935749292373657,
        0.7827000021934509,
        0.7783645391464233,
        0.7706612944602966,
        0.784216582775116,
        0.7724295854568481,
        0.7583653926849365,
        0.7721866965293884,
        0.7569895386695862,
        0.7541175484657288
    ],