{
    "train_loss": [
        0.013780653134208322,
        0.004075103023302015,
        0.004032342273573467,
        0.0039526735114136045,
        0.0038189849555162274,
        0.003914077536490542,
        0.003739531557320595,
        0.0036945127064409544,
        0.0035278002302980057,
        0.003747383092007764,
        0.00358645813015494,
        0.0035923351469400503,
        0.003444218088341419,
        0.0034814840655879777,
        0.003654089413294096,
        0.0035752939621546296,
        0.003417840621225465,
        0.0033669917759989202,
        0.0035683092351332744,
        0.0035261005771033732,
        0.0033539624156730266,
        0.0033943329064795224
    ],
    "train_mae": [
        0.07327181845903397,
        0.04994853958487511,
        0.049619656056165695,
        0.049024034291505814,
        0.04792572557926178,
        0.04885995015501976,
        0.04753667488694191,
        0.047182027250528336,
        0.0460793673992157,
        0.047465600073337555,
        0.04627128690481186,
        0.04633296653628349,
        0.04540855810046196,
        0.045727819204330444,
        0.04704299196600914,
        0.046554628759622574,
        0.04534123092889786,
        0.04505561664700508,
        0.046407219022512436,
        0.045965783298015594,
        0.044965580105781555,
        0.04514342173933983
    ],
    "train_mse": [
        0.013780652545392513,
        0.004075103439390659,
        0.004032342229038477,
        0.003952673636376858,
        0.003818984841927886,
        0.003914077766239643,
        0.0037395316176116467,
        0.00369451311416924,
        0.003527800552546978,
        0.0037473831325769424,
        0.0035864582750946283,
        0.0035923351533710957,
        0.0034442180767655373,
        0.003481484018266201,
        0.003654089290648699,
        0.0035752940457314253,
        0.0034178404603153467,
        0.0033669916447252035,
        0.003568309359252453,
        0.003526100656017661,
        0.0033539622090756893,
        0.0033943329472094774
    ],
    "train_rmse": [
        0.11739102751016617,
        0.06383653730154037,
        0.06350072473287582,
        0.06287029385566711,
        0.061797935515642166,
        0.06256259232759476,
        0.06115170940756798,
        0.06078250706195831,
        0.05939529091119766,
        0.061215873807668686,
        0.05988704413175583,
        0.05993609130382538,
        0.05868745967745781,
        0.059004101902246475,
        0.060449063777923584,
        0.05979376286268234,
        0.05846229940652847,
        0.0580257847905159,
        0.05973532795906067,
        0.05938097834587097,
        0.0579134039580822,
        0.058260902762413025
    ],
    "train_r2": [
        0.3521963953971863,
        0.8084367513656616,
        0.8104468584060669,
        0.8141919374465942,
        0.8204764127731323,
        0.8160062432289124,
        0.8242113590240479,
        0.8263276219367981,
        0.8341645002365112,
        0.8238422870635986,
        0.8314070701599121,
        0.8311308026313782,
        0.8380935192108154,
        0.8363417387008667,
        0.8282278776168823,
        0.8319318890571594,
        0.8393334746360779,
        0.8417237997055054,
        0.832260251045227,
        0.8342443704605103,
        0.8423362970352173,
        0.8404385447502136
    ],
    "train_mape": [
        24.450178146362305,
        16.979555130004883,
        16.737533569335938,
        16.436594009399414,
        16.015268325805664,
        16.3459529876709,
        15.85698413848877,
        15.707453727722168,
        15.312808990478516,
        15.758627891540527,
        15.45283317565918,
        15.428709983825684,
        15.249268531799316,
        15.215781211853027,
        15.698335647583008,
        15.376570701599121,
        15.054523468017578,
        15.021347999572754,
        15.562701225280762,
        15.432866096496582,
        14.886990547180176,
        14.94238567352295
    ],
    "train_smape": [
        20.773962020874023,
        14.703734397888184,
        14.598739624023438,
        14.39953327178955,
        14.092409133911133,
        14.334879875183105,
        13.971580505371094,
        13.883599281311035,
        13.608826637268066,
        13.977498054504395,
        13.694770812988281,
        13.697427749633789,
        13.472297668457031,
        13.545395851135254,
        13.907395362854004,
        13.718269348144531,
        13.432680130004883,
        13.40210247039795,
        13.767480850219727,
        13.638191223144531,
        13.362648963928223,
        13.370193481445312
    ],
    "train_explained_variance": [
        0.35268718004226685,
        0.8084373474121094,
        0.8104564547538757,
        0.8141956329345703,
        0.8204873204231262,
        0.8160105347633362,
        0.8242135047912598,
        0.8263276815414429,
        0.8341689109802246,
        0.8238425254821777,
        0.8314082026481628,
        0.831130862236023,
        0.8380955457687378,
        0.8363439440727234,
        0.8282279968261719,
        0.831932544708252,
        0.8393335342407227,
        0.8417243361473083,
        0.8322619199752808,
        0.8342453241348267,
        0.8423362970352173,
        0.8404386043548584
    ],
    "train_peak_error": [
        1.3185006380081177,
        0.3063125014305115,
        0.3723425269126892,
        0.3511883616447449,
        0.3634762763977051,
        0.36402422189712524,
        0.3495727777481079,
        0.34124672412872314,
        0.34923845529556274,
        0.3482593297958374,
        0.36653947830200195,
        0.358537495136261,
        0.31637078523635864,
        0.3289676904678345,
        0.33125460147857666,
        0.3578997254371643,
        0.41310369968414307,
        0.3471575975418091,
        0.34669315814971924,
        0.3595702052116394,
        0.3286725878715515,
        0.3657419681549072
    ],
    "val_loss": [
        0.003908873108456836,
        0.003979592078077279,
        0.0064010159783869335,
        0.0036150650166832713,
        0.004366552542640473,
        0.003574876615496205,
        0.003422305970553228,
        0.0034886141016194933,
        0.003301628335586769,
        0.0032457573173179043,
        0.0037370586644509714,
        0.0029342529247682408,
        0.004224125530952655,
        0.0033216931717805296,
        0.0033062020431292786,
        0.003615310789528135,
        0.003786947861658878,
        0.004098554794683302,
        0.0033787786124421537,
        0.0034787995672764644,
        0.00327945564933818,
        0.003946953431649549
    ],
    "val_mae": [
        0.0493481419980526,
        0.04967915266752243,
        0.06476684659719467,
        0.047300878912210464,
        0.052989210933446884,
        0.04735385626554489,
        0.0464264415204525,
        0.046355776488780975,
        0.04536464810371399,
        0.0452735610306263,
        0.048984259366989136,
        0.04320424050092697,
        0.05151180177927017,
        0.045769937336444855,
        0.04501406103372574,
        0.0481056347489357,
        0.0493687242269516,
        0.05113056302070618,
        0.04598391428589821,
        0.047516096383333206,
        0.0448748879134655,
        0.0499982126057148
    ],
    "val_mse": [
        0.0039088730700314045,
        0.003979592118412256,
        0.0064010159112513065,
        0.003615065012127161,
        0.004366552457213402,
        0.003574876580387354,
        0.0034223059192299843,
        0.003488614223897457,
        0.003301628166809678,
        0.0032457574270665646,
        0.0037370584905147552,
        0.002934252843260765,
        0.004224125295877457,
        0.003321693278849125,
        0.0033062018919736147,
        0.003615311114117503,
        0.003786947578191757,
        0.004098555073142052,
        0.0033787786960601807,
        0.003478799480944872,
        0.00327945570461452,
        0.0039469534531235695
    ],