{
    "train_loss": [
        0.009507592721012731,
        0.003921271563174381,
        0.003586616379749392,
        0.0034501371087500197,
        0.0032588975212875133,
        0.003282612036082528,
        0.0032629078222055617,
        0.00315319779193414,
        0.003045127926775276,
        0.0030127138305412146,
        0.0029374170577971806,
        0.0028912889354646082,
        0.002852549507617196,
        0.0028100775507668785,
        0.002757853892279086,
        0.002671492982200553,
        0.0026401781377433276,
        0.002619867302086781,
        0.0025668131483091512
    ],
    "train_mae": [
        0.07009092718362808,
        0.0487561896443367,
        0.04658527672290802,
        0.04545498639345169,
        0.04428822547197342,
        0.04436219856142998,
        0.04430249705910683,
        0.04353492707014084,
        0.04272230714559555,
        0.042439185082912445,
        0.04191470518708229,
        0.041517626494169235,
        0.04136386886239052,
        0.041090402752161026,
        0.04070707783102989,
        0.03999725729227066,
        0.03960917517542839,
        0.039490312337875366,
        0.039266038686037064
    ],
    "train_mse": [
        0.009507591836154461,
        0.00392127176746726,
        0.0035866161342710257,
        0.003450137097388506,
        0.003258897690102458,
        0.003282611956819892,
        0.0032629077322781086,
        0.0031531979329884052,
        0.0030451281927525997,
        0.0030127137433737516,
        0.002937417011708021,
        0.002891289070248604,
        0.002852549310773611,
        0.0028100775089114904,
        0.002757854061201215,
        0.002671492751687765,
        0.002640178194269538,
        0.0026198674459010363,
        0.0025668132584542036
    ],
    "train_rmse": [
        0.09750688076019287,
        0.06262005865573883,
        0.059888362884521484,
        0.0587378665804863,
        0.0570867545902729,
        0.0572940818965435,
        0.057121869176626205,
        0.05615334212779999,
        0.05518268048763275,
        0.05488819256424904,
        0.054197944700717926,
        0.05377070978283882,
        0.053409263491630554,
        0.05301016569137573,
        0.05251527577638626,
        0.05168648436665535,
        0.05138266459107399,
        0.05118463933467865,
        0.05066372826695442
    ],
    "train_r2": [
        0.553065299987793,
        0.8156681060791016,
        0.83139967918396,
        0.8378152847290039,
        0.8468050956726074,
        0.8456903696060181,
        0.8466166257858276,
        0.8517738580703735,
        0.8568540215492249,
        0.8583777546882629,
        0.8619173169136047,
        0.8640857338905334,
        0.865906834602356,
        0.8679033517837524,
        0.8703582286834717,
        0.8744179606437683,
        0.8758900165557861,
        0.8768447637557983,
        0.8793387413024902
    ],
    "train_mape": [
        22.593303680419922,
        16.400978088378906,
        15.785921096801758,
        15.42650318145752,
        14.925141334533691,
        14.889060020446777,
        14.774619102478027,
        14.6639404296875,
        14.231011390686035,
        14.108202934265137,
        13.859648704528809,
        13.646878242492676,
        13.666200637817383,
        13.4937744140625,
        13.354340553283691,
        13.082297325134277,
        12.993470191955566,
        12.848995208740234,
        12.835165977478027
    ],
    "train_smape": [
        20.462411880493164,
        14.39521312713623,
        13.820859909057617,
        13.4714994430542,
        13.147468566894531,
        13.140815734863281,
        13.119552612304688,
        12.928035736083984,
        12.68747615814209,
        12.561777114868164,
        12.434252738952637,
        12.241889953613281,
        12.24437427520752,
        12.145586013793945,
        12.039922714233398,
        11.820830345153809,
        11.6979398727417,
        11.644023895263672,
        11.585677146911621
    ],
    "train_explained_variance": [
        0.5545357465744019,
        0.815674364566803,
        0.8314008712768555,
        0.837815523147583,
        0.8468053340911865,
        0.8456916809082031,
        0.8466166257858276,
        0.8517746925354004,
        0.8568544983863831,
        0.8583791851997375,
        0.8619187474250793,
        0.8640859127044678,
        0.8659082651138306,
        0.8679033517837524,
        0.8703593015670776,
        0.8744186162948608,
        0.8758901357650757,
        0.8768460154533386,
        0.8793387413024902
    ],
    "train_peak_error": [
        0.6802740097045898,
        0.3593236207962036,
        0.38754743337631226,
        0.3483041524887085,
        0.3326377272605896,
        0.35696202516555786,
        0.32377803325653076,
        0.3145277500152588,
        0.29161012172698975,
        0.2850834131240845,
        0.27824509143829346,
        0.3101915717124939,
        0.26385557651519775,
        0.2698543667793274,
        0.2740859389305115,
        0.28159230947494507,
        0.262062668800354,
        0.27837711572647095,
        0.26205477118492126
    ],
    "val_loss": [
        0.004200104750063029,
        0.003750905020417069,
        0.0038199665168930086,
        0.0036084792875557496,
        0.0034733914639197773,
        0.0033936505875610513,
        0.003362186531864589,
        0.0035182230250253308,
        0.003153557100520878,
        0.0033490238028491357,
        0.0032637100035941106,
        0.0033413819964010294,
        0.003463150352413813,
        0.0032643224034297597,
        0.003320904326149457,
        0.0034882357202657907,
        0.003667640474310024,
        0.0036046547476510458,
        0.003512774815568499
    ],
    "val_mae": [
        0.051017601042985916,
        0.04861735180020332,
        0.04886903986334801,
        0.047556813806295395,
        0.046637069433927536,
        0.04629494249820709,
        0.04634302109479904,
        0.046882547438144684,
        0.04483788087964058,
        0.045675601810216904,
        0.04541231691837311,
        0.046250004321336746,
        0.04640979692339897,
        0.04509872943162918,
        0.04590009152889252,
        0.04694696143269539,
        0.048194464296102524,
        0.04810112714767456,
        0.046658705919981
    ],
    "val_mse": [
        0.004200104624032974,
        0.0037509051617234945,
        0.0038199664559215307,
        0.0036084793973714113,
        0.0034733915235847235,
        0.0033936507534235716,
        0.0033621867187321186,
        0.003518223064020276,
        0.0031535569578409195,
        0.003349023638293147,
        0.00326371006667614,
        0.0033413823693990707,
        0.0034631502348929644,
        0.003264322644099593,
        0.003320904215797782,
        0.003488235641270876,
        0.0036676404997706413,
        0.0036046544555574656,
        0.003512774594128132
    ],
    "val_rmse": [
        0.06480821222066879,
        0.06124463304877281,
        0.06180587783455849,
        0.060070618987083435,
        0.058935485780239105,
        0.05825505033135414,
        0.0579843670129776,
        0.05931461229920387,
        0.05615653842687607,
        0.05787074938416481,
        0.057128891348838806,
        0.057804692536592484,
        0.058848537504673004,
        0.05713425204157829,
        0.05762728676199913,
        0.059061288833618164,
        0.06056104600429535,
        0.06003877520561218,
        0.05926866456866264
    ],