{
    "train_loss": [
        0.3148716288067924,
        0.007470461854241495,
        0.006345964126541416,
        0.005731511174357415,
        0.005574410182158824,
        0.00563203865159095,
        0.005664283690429836,
        0.0053793560643431194,
        0.005554245371603668,
        0.005643623945245275,
        0.005327763524224163,
        0.005824628435103151,
        0.00515094918582281,
        0.004909897109553422,
        0.00516708633067237,
        0.005036899609031838,
        0.004736200461307958,
        0.00469169245503559,
        0.004600898935595142,
        0.004504649882053808,
        0.004581346335491906,
        0.004422226080427431,
        0.0044110182456548715,
        0.004220476698905096,
        0.004288565696997741,
        0.004312534689710757,
        0.004243204264055575,
        0.004110659131906101
    ],
    "train_mae": [
        0.16986455023288727,
        0.06811175495386124,
        0.06282059848308563,
        0.05957987159490585,
        0.05850892886519432,
        0.05899522453546524,
        0.059160079807043076,
        0.057359423488378525,
        0.058352164924144745,
        0.05879193916916847,
        0.05722413212060928,
        0.060110196471214294,
        0.056169748306274414,
        0.05461738258600235,
        0.05639692395925522,
        0.0554044246673584,
        0.05337373912334442,
        0.053476713597774506,
        0.05276408791542053,
        0.052344221621751785,
        0.05283088982105255,
        0.051850464195013046,
        0.0518859326839447,
        0.05072702839970589,
        0.050893865525722504,
        0.051289644092321396,
        0.0507093109190464,
        0.05016792193055153
    ],
    "train_mse": [
        0.314871609210968,
        0.007470462005585432,
        0.006345964036881924,
        0.005731511395424604,
        0.005574410315603018,
        0.005632038693875074,
        0.005664283875375986,
        0.0053793564438819885,
        0.0055542453192174435,
        0.005643623881042004,
        0.0053277635015547276,
        0.005824628751724958,
        0.005150949582457542,
        0.00490989675745368,
        0.0051670861430466175,
        0.005036899819970131,
        0.00473620044067502,
        0.004691692069172859,
        0.004600898828357458,
        0.004504649434238672,
        0.0045813461765646935,
        0.0044222259894013405,
        0.004411018453538418,
        0.0042204768396914005,
        0.004288565833121538,
        0.004312534816563129,
        0.004243204370141029,
        0.004110659006983042
    ],
    "train_rmse": [
        0.5611342191696167,
        0.0864318311214447,
        0.07966156303882599,
        0.07570674270391464,
        0.0746619701385498,
        0.07504691183567047,
        0.0752614364027977,
        0.07334409654140472,
        0.07452680915594101,
        0.07512405514717102,
        0.07299152761697769,
        0.07631925493478775,
        0.07177011668682098,
        0.07007065415382385,
        0.0718824490904808,
        0.07097111642360687,
        0.068820059299469,
        0.06849592924118042,
        0.067829929292202,
        0.06711668521165848,
        0.06768564134836197,
        0.06649982184171677,
        0.06641549617052078,
        0.06496519595384598,
        0.06548713892698288,
        0.06566989421844482,
        0.06513988226652145,
        0.06411442160606384
    ],
    "train_r2": [
        -13.801547050476074,
        0.648827075958252,
        0.7016876935958862,
        0.730571985244751,
        0.7379570603370667,
        0.7352480292320251,
        0.7337322235107422,
        0.7471261620521545,
        0.7389049530029297,
        0.7347034215927124,
        0.7495514154434204,
        0.7261947393417358,
        0.7578631639480591,
        0.7691946029663086,
        0.7571046352386475,
        0.7632244825363159,
        0.7773597836494446,
        0.7794520258903503,
        0.7837200164794922,
        0.7882445454597473,
        0.7846391797065735,
        0.7921191453933716,
        0.7926459908485413,
        0.8016030192375183,
        0.7984023094177246,
        0.7972755432128906,
        0.8005346059799194,
        0.8067653179168701
    ],
    "train_mape": [
        55.257808685302734,
        21.95174789428711,
        20.56829833984375,
        19.31671714782715,
        19.12444305419922,
        19.32339859008789,
        19.23648452758789,
        18.621501922607422,
        19.009798049926758,
        19.051950454711914,
        18.579479217529297,
        19.52763557434082,
        18.213191986083984,
        17.62285041809082,
        18.022701263427734,
        17.76995086669922,
        17.2540225982666,
        17.301374435424805,
        17.33041763305664,
        17.30898094177246,
        17.476579666137695,
        17.21366310119629,
        17.175474166870117,
        16.958375930786133,
        17.076322555541992,
        17.172975540161133,
        17.037702560424805,
        16.94364356994629
    ],
    "train_smape": [
        31.992483139038086,
        19.32944107055664,
        18.01798439025879,
        17.038259506225586,
        16.799434661865234,
        16.989404678344727,
        17.192401885986328,
        16.702733993530273,
        16.855079650878906,
        16.9453182220459,
        16.575531005859375,
        17.35561752319336,
        16.308500289916992,
        15.85886287689209,
        16.295257568359375,
        16.005558013916016,
        15.481819152832031,
        15.493941307067871,
        15.346048355102539,
        15.217621803283691,
        15.360363006591797,
        15.126782417297363,
        15.119264602661133,
        14.874436378479004,
        14.888869285583496,
        15.042556762695312,
        14.851768493652344,
        14.77237606048584
    ],
    "train_explained_variance": [
        -13.771170616149902,
        0.6488277912139893,
        0.7016876935958862,
        0.7305722236633301,
        0.7379704713821411,
        0.7352480292320251,
        0.7337322235107422,
        0.7471339106559753,
        0.7389076948165894,
        0.7347086668014526,
        0.7495555877685547,
        0.7261993288993835,
        0.7578697204589844,
        0.7691948413848877,
        0.7571293115615845,
        0.7632361054420471,
        0.7773621082305908,
        0.7794548273086548,
        0.7837228775024414,
        0.7882460355758667,
        0.7846400737762451,
        0.7921218276023865,
        0.7926523089408875,
        0.8016082048416138,
        0.7984049916267395,
        0.7972767949104309,
        0.8005346655845642,
        0.8067654967308044
    ],
    "train_peak_error": [
        9.585627555847168,
        0.46880489587783813,
        0.4007610082626343,
        0.3876644968986511,
        0.38243865966796875,
        0.38959842920303345,
        0.39083701372146606,
        0.3794052004814148,
        0.4140598773956299,
        0.36333167552948,
        0.4364720582962036,
        0.45124346017837524,
        0.3786492943763733,
        0.3600749373435974,
        0.32862138748168945,
        0.3474733233451843,
        0.4086201786994934,
        0.35995596647262573,
        0.3300190567970276,
        0.32920747995376587,
        0.370283305644989,
        0.3449035882949829,
        0.3324974775314331,
        0.33091872930526733,
        0.3339807391166687,
        0.3687673807144165,
        0.3779364228248596,
        0.32613545656204224
    ],