{
    "train_loss": [
        0.3279382160991569,
        0.012355629792347994,
        0.008376424482673414,
        0.007379104712880897,
        0.00580604102501438,
        0.005758581206820745,
        0.005977964472672596,
        0.005064427371668799,
        0.004721016532187667,
        0.004328309817503101,
        0.004460882428143461,
        0.004194212923107661,
        0.0038976570296869032,
        0.004086817545171697,
        0.004165655057144163,
        0.006596269154681511,
        0.005501313557547576,
        0.004950793343730141,
        0.004675772778884079,
        0.0043591934112414575,
        0.004485795272661923,
        0.004067034424215191
    ],
    "train_mae": [
        0.19169822335243225,
        0.08707377314567566,
        0.07153724879026413,
        0.0672042965888977,
        0.05958113074302673,
        0.05952201411128044,
        0.06055352836847305,
        0.05556536465883255,
        0.05415177717804909,
        0.051271747797727585,
        0.05226689949631691,
        0.05066867545247078,
        0.04850344359874725,
        0.049917541444301605,
        0.05041932687163353,
        0.06365884840488434,
        0.05799487233161926,
        0.05491810664534569,
        0.053674280643463135,
        0.051758795976638794,
        0.05293199419975281,
        0.049989596009254456
    ],
    "train_mse": [
        0.3279381990432739,
        0.012355630286037922,
        0.008376424200832844,
        0.007379104848951101,
        0.005806041415780783,
        0.005758581217378378,
        0.005977964494377375,
        0.005064427386969328,
        0.004721016623079777,
        0.004328309558331966,
        0.004460882395505905,
        0.004194213077425957,
        0.003897657385095954,
        0.0040868171490728855,
        0.004165655001997948,
        0.0065962690860033035,
        0.00550131406635046,
        0.004950793460011482,
        0.0046757725067436695,
        0.00435919314622879,
        0.004485795274376869,
        0.0040670339949429035
    ],
    "train_rmse": [
        0.572658896446228,
        0.11115588247776031,
        0.09152280539274216,
        0.08590171486139297,
        0.07619738578796387,
        0.07588531821966171,
        0.07731729745864868,
        0.07116478681564331,
        0.06870965659618378,
        0.06578988581895828,
        0.06678983569145203,
        0.06476274132728577,
        0.0624312199652195,
        0.06392821669578552,
        0.06454188376665115,
        0.08121741563081741,
        0.07417084276676178,
        0.07036187499761581,
        0.06837961822748184,
        0.06602418422698975,
        0.06697607785463333,
        0.06377330422401428
    ],
    "train_r2": [
        -14.415783882141113,
        0.4191840887069702,
        0.6062394380569458,
        0.6531215906143188,
        0.7270684838294983,
        0.7292995452880859,
        0.7189866900444031,
        0.7619304060935974,
        0.7780735492706299,
        0.7965339422225952,
        0.7903019785881042,
        0.802837610244751,
        0.8167781829833984,
        0.8078861236572266,
        0.8041800856590271,
        0.6899212598800659,
        0.7413931488990784,
        0.7672721147537231,
        0.7802003622055054,
        0.7950822114944458,
        0.7891308665275574,
        0.8088160753250122
    ],
    "train_mape": [
        63.045738220214844,
        29.797849655151367,
        24.131336212158203,
        22.57722282409668,
        20.014631271362305,
        19.918712615966797,
        20.21378517150879,
        18.460660934448242,
        17.9912052154541,
        17.147945404052734,
        17.34379768371582,
        16.831844329833984,
        16.230443954467773,
        16.48910140991211,
        16.611047744750977,
        20.62041473388672,
        18.706993103027344,
        18.205307006835938,
        17.868896484375,
        17.189231872558594,
        17.75174331665039,
        16.990934371948242
    ],
    "train_smape": [
        37.8468017578125,
        24.089019775390625,
        20.247577667236328,
        19.16181755065918,
        17.18206024169922,
        17.20924949645996,
        17.48390769958496,
        16.13775634765625,
        15.750709533691406,
        15.032158851623535,
        15.294894218444824,
        14.843790054321289,
        14.289565086364746,
        14.639785766601562,
        14.745771408081055,
        18.18629264831543,
        16.621570587158203,
        15.928321838378906,
        15.604654312133789,
        15.058329582214355,
        15.388947486877441,
        14.660100936889648
    ],
    "train_explained_variance": [
        -14.371438026428223,
        0.41919779777526855,
        0.6062443256378174,
        0.6531296968460083,
        0.7270684838294983,
        0.7293022871017456,
        0.7189972400665283,
        0.76193767786026,
        0.7780746221542358,
        0.7965356707572937,
        0.7903122305870056,
        0.8028386235237122,
        0.8167789578437805,
        0.8078876733779907,
        0.8041837215423584,
        0.6899335384368896,
        0.7414010763168335,
        0.7672725319862366,
        0.7802067995071411,
        0.7950832843780518,
        0.7891309261322021,
        0.8088164925575256
    ],
    "train_peak_error": [
        6.609669208526611,
        0.5702384114265442,
        0.49444830417633057,
        0.4054611921310425,
        0.4008365869522095,
        0.39735329151153564,
        0.38859790563583374,
        0.3817031979560852,
        0.32062816619873047,
        0.3688763380050659,
        0.3572378158569336,
        0.34498125314712524,
        0.343478798866272,
        0.3907710909843445,
        0.3316054940223694,
        0.45680224895477295,
        0.41087663173675537,
        0.3775230646133423,
        0.41977518796920776,
        0.3349376916885376,
        0.3202969431877136,
        0.3679056167602539
    ],
    "val_loss": [
        0.010543109787721857,
        0.007968086571760957,
        0.006479348522349656,
        0.005292574959746796,
        0.004838210628133455,
        0.007313902247027099,
        0.004075640576804499,
        0.005092244339209023,
        0.005128317350092873,
        0.004194681690938824,
        0.003873491046293605,
        0.0031504945126663653,
        0.0034394161555272853,
        0.003549126190997714,
        0.004546698900609673,
        0.0060210159520129505,
        0.003943260548663118,
        0.007670571497179193,
        0.004737599262860503,
        0.003785004358095445,
        0.003628439131333566,
        0.0033766797066351276
    ],
    "val_mae": [
        0.08026187121868134,
        0.07177786529064178,
        0.06514187157154083,
        0.058265890926122665,
        0.0555676631629467,
        0.0715654119849205,
        0.04997583478689194,
        0.056386832147836685,
        0.05644901841878891,
        0.05148192495107651,
        0.04983621463179588,
        0.04425906762480736,
        0.04623572900891304,
        0.04711080715060234,
        0.05352175608277321,
        0.06076710298657417,
        0.049192264676094055,
        0.07105100154876709,
        0.05502502992749214,
        0.0493026040494442,
        0.047588199377059937,
        0.04581179842352867
    ],
    "val_mse": [
        0.010543109849095345,
        0.007968086749315262,
        0.00647934852167964,
        0.005292574875056744,
        0.00483821053057909,
        0.007313902024179697,
        0.0040756408125162125,
        0.005092244129627943,
        0.005128317046910524,
        0.004194681532680988,
        0.003873491194099188,
        0.00315049453638494,
        0.00343941617757082,
        0.003549126209691167,
        0.004546698648482561,
        0.006021016277372837,
        0.003943260293453932,
        0.007670571096241474,
        0.004737599287182093,
        0.0037850041408091784,
        0.003628439037129283,
        0.003376679727807641
    ],