{
    "train_loss": [
        0.009590445761217816,
        0.005478580823739021,
        0.005031609498517452,
        0.004719251796062138,
        0.004699383743074306,
        0.004567475658262101,
        0.004545028584153198,
        0.004339317037900919,
        0.004381514760232679,
        0.004410421514675915,
        0.004315425358439997,
        0.00412174542573317,
        0.004278815263321278,
        0.004108708882197397,
        0.0040619715148751765,
        0.00406626812167897,
        0.004165741852865683,
        0.0040693388305285474,
        0.003790899335239192,
        0.003902224045140084,
        0.003949954802102227,
        0.003807248861186694,
        0.00370860074515792,
        0.003786824158121564,
        0.0037268222011570032,
        0.003725036756421812
    ],
    "train_mae": [
        0.07259687781333923,
        0.05833176523447037,
        0.05560190603137016,
        0.05396203696727753,
        0.0535384863615036,
        0.05286070331931114,
        0.052610013633966446,
        0.051453847438097,
        0.05176878720521927,
        0.05191929638385773,
        0.05132357403635979,
        0.05002117156982422,
        0.05100385099649429,
        0.05016332119703293,
        0.04970303177833557,
        0.04965914785861969,
        0.05044909939169884,
        0.04987118020653725,
        0.047951847314834595,
        0.048730336129665375,
        0.04865270107984543,
        0.04790525138378143,
        0.04723839834332466,
        0.04807426035404205,
        0.04773595556616783,
        0.04762519896030426
    ],
    "train_mse": [
        0.009590446017682552,
        0.0054785809479653835,
        0.005031609907746315,
        0.004719252232462168,
        0.004699383396655321,
        0.004567475989460945,
        0.004545028321444988,
        0.004339317325502634,
        0.004381515085697174,
        0.004410421941429377,
        0.0043154251761734486,
        0.004121745470911264,
        0.004278815351426601,
        0.004108709283173084,
        0.004061971325427294,
        0.004066267982125282,
        0.004165742080658674,
        0.0040693385526537895,
        0.0037908994127064943,
        0.003902224125340581,
        0.003949955105781555,
        0.003807248780503869,
        0.0037086009979248047,
        0.003786823945119977,
        0.0037268218584358692,
        0.003725036745890975
    ],
    "train_rmse": [
        0.09793082624673843,
        0.07401743531227112,
        0.07093384116888046,
        0.06869681179523468,
        0.06855204701423645,
        0.0675831064581871,
        0.06741682440042496,
        0.06587349623441696,
        0.06619301438331604,
        0.06641101092100143,
        0.06569189578294754,
        0.06420081853866577,
        0.06541265547275543,
        0.06409921497106552,
        0.06373360008001328,
        0.06376729905605316,
        0.06454256176948547,
        0.06379136443138123,
        0.06157027930021286,
        0.0624677836894989,
        0.06284866482019424,
        0.0617029070854187,
        0.06089828535914421,
        0.06153717637062073,
        0.06104770302772522,
        0.06103307753801346
    ],
    "train_r2": [
        0.5491704940795898,
        0.7424618005752563,
        0.7634730935096741,
        0.7781564593315125,
        0.7790904641151428,
        0.7852911949157715,
        0.786346435546875,
        0.7960165739059448,
        0.794032871723175,
        0.7926740646362305,
        0.7971396446228027,
        0.8062441945075989,
        0.7988606691360474,
        0.8068569898605347,
        0.8090540766716003,
        0.8088520765304565,
        0.8041759729385376,
        0.8087077140808105,
        0.8217966556549072,
        0.8165634870529175,
        0.8143197298049927,
        0.8210281133651733,
        0.8256653547286987,
        0.8219882249832153,
        0.8248088359832764,
        0.8248927593231201
    ],
    "train_mape": [
        24.050249099731445,
        19.762802124023438,
        18.783594131469727,
        18.601852416992188,
        18.481752395629883,
        18.3313045501709,
        18.043493270874023,
        17.640335083007812,
        17.59963035583496,
        17.739843368530273,
        17.6922550201416,
        17.218358993530273,
        17.66300392150879,
        17.28850746154785,
        17.196720123291016,
        17.027469635009766,
        17.471675872802734,
        17.287782669067383,
        16.47418975830078,
        16.69869041442871,
        16.931745529174805,
        16.331602096557617,
        16.02314567565918,
        16.375715255737305,
        16.33837127685547,
        16.353097915649414
    ],
    "train_smape": [
        20.839357376098633,
        16.959009170532227,
        16.22807502746582,
        15.896478652954102,
        15.895883560180664,
        15.672760009765625,
        15.5170259475708,
        15.256498336791992,
        15.331842422485352,
        15.402470588684082,
        15.288080215454102,
        14.81939697265625,
        15.186394691467285,
        14.912546157836914,
        14.769660949707031,
        14.739982604980469,
        15.00080680847168,
        14.807756423950195,
        14.287322998046875,
        14.524571418762207,
        14.49624252319336,
        14.27182674407959,
        14.037175178527832,
        14.355069160461426,
        14.2362699508667,
        14.161038398742676
    ],
    "train_explained_variance": [
        0.5500709414482117,
        0.7424829602241516,
        0.7634924054145813,
        0.7781633734703064,
        0.7790958285331726,
        0.7853102087974548,
        0.7863466739654541,
        0.7960283756256104,
        0.7940337061882019,
        0.7926772832870483,
        0.797146201133728,
        0.8062450885772705,
        0.7988626956939697,
        0.8068620562553406,
        0.8090544939041138,
        0.808853268623352,
        0.8041766285896301,
        0.8087145090103149,
        0.8217969536781311,
        0.8165681958198547,
        0.8143208026885986,
        0.8210281133651733,
        0.8256660103797913,
        0.821988582611084,
        0.8248130679130554,
        0.8248955011367798
    ],
    "train_peak_error": [
        0.7205602526664734,
        0.35045325756073,
        0.3717018961906433,
        0.3235974907875061,
        0.3263692259788513,
        0.35723137855529785,
        0.3724963068962097,
        0.3646925091743469,
        0.3943725824356079,
        0.3714093565940857,
        0.3547525405883789,
        0.35271841287612915,
        0.34963321685791016,
        0.33934617042541504,
        0.28441381454467773,
        0.34866535663604736,
        0.3506132960319519,
        0.3010227084159851,
        0.2826386094093323,
        0.3028077483177185,
        0.372882217168808,
        0.30791276693344116,
        0.3272593021392822,
        0.3401485085487366,
        0.32064318656921387,
        0.3064277172088623
    ],
    "val_loss": [
        0.004813498716881807,
        0.004344934653758788,
        0.003954995800540012,
        0.00513725399917407,
        0.004439470305127634,
        0.006377903248498337,
        0.004060203391964809,
        0.0037510216904455703,
        0.003792493403353226,
        0.0038146391819338416,
        0.004203926560254567,
        0.003516461067772705,
        0.0036357360170055316,
        0.003913343868238463,
        0.0035684843163387918,
        0.0034360061336657127,
        0.00372932784165517,
        0.004086396466377828,
        0.003632044519713189,
        0.003536534020275199,
        0.003326526944786846,
        0.003471044403594657,
        0.0033400633611897234,
        0.0037199652635177475,
        0.0035362806713891974,
        0.0033539368368671846
    ],