{
    "train_loss": [
        0.3605879803550106,
        0.006892369317380882,
        0.005728683411596573,
        0.005411288307900173,
        0.004342957807567396,
        0.004778723850766331,
        0.0045625393673655815,
        0.004315634264870844,
        0.004354506927126621,
        0.00478572539124706,
        0.004191499273783088,
        0.00403642078926119,
        0.0043262839988294196,
        0.004079892534186185,
        0.003972955039509531,
        0.003710339047408722,
        0.004123985326945068,
        0.0038133027836005583,
        0.004062229823070293,
        0.004059145392191717,
        0.004055895081336777,
        0.003857454484763152
    ],
    "train_mae": [
        0.19898734986782074,
        0.06528998166322708,
        0.059450287371873856,
        0.057898156344890594,
        0.051543254405260086,
        0.05412869527935982,
        0.05295203998684883,
        0.051402077078819275,
        0.0516604520380497,
        0.05411302298307419,
        0.050461798906326294,
        0.04955534636974335,
        0.05148392915725708,
        0.04975590109825134,
        0.048957329243421555,
        0.04740830883383751,
        0.050196632742881775,
        0.04779541492462158,
        0.049552131444215775,
        0.049641359597444534,
        0.0497332364320755,
        0.04855123162269592
    ],
    "train_mse": [
        0.3605879843235016,
        0.006892369594424963,
        0.005728683900088072,
        0.005411288235336542,
        0.004342957865446806,
        0.004778723698109388,
        0.004562539514154196,
        0.00431563425809145,
        0.0043545071966946125,
        0.0047857253812253475,
        0.00419149873778224,
        0.004036421421915293,
        0.004326284397393465,
        0.004079892300069332,
        0.003972955048084259,
        0.003710339078679681,
        0.004123985301703215,
        0.003813302842900157,
        0.00406222976744175,
        0.004059145227074623,
        0.004055894911289215,
        0.0038574545178562403
    ],
    "train_rmse": [
        0.6004897952079773,
        0.08302029967308044,
        0.07568807154893875,
        0.07356145977973938,
        0.06590112298727036,
        0.06912831217050552,
        0.06754657626152039,
        0.06569349020719528,
        0.065988689661026,
        0.06917893886566162,
        0.06474178284406662,
        0.06353283673524857,
        0.06577449291944504,
        0.06387403607368469,
        0.0630313828587532,
        0.06091255322098732,
        0.06421826034784317,
        0.061751946806907654,
        0.06373562663793564,
        0.06371141970157623,
        0.06368590891361237,
        0.06210840865969658
    ],
    "train_r2": [
        -15.950590133666992,
        0.6760021448135376,
        0.7307049036026001,
        0.7456250786781311,
        0.7958453893661499,
        0.7753608226776123,
        0.7855232954025269,
        0.7971298098564148,
        0.7953025102615356,
        0.7750316858291626,
        0.8029652237892151,
        0.8102551102638245,
        0.7966291904449463,
        0.808211624622345,
        0.8132385611534119,
        0.8255836963653564,
        0.8061388731002808,
        0.8207435607910156,
        0.8090419173240662,
        0.8091869354248047,
        0.809339702129364,
        0.818668007850647
    ],
    "train_mape": [
        65.15937042236328,
        21.270612716674805,
        19.426647186279297,
        19.10886001586914,
        17.252933502197266,
        17.898916244506836,
        17.634849548339844,
        17.276018142700195,
        17.15215301513672,
        17.998565673828125,
        16.898597717285156,
        16.61119270324707,
        17.007484436035156,
        16.729412078857422,
        16.508691787719727,
        16.12311363220215,
        16.818805694580078,
        16.163713455200195,
        16.629148483276367,
        17.025829315185547,
        16.84201431274414,
        16.442977905273438
    ],
    "train_smape": [
        37.13521957397461,
        18.573566436767578,
        17.1138916015625,
        16.733274459838867,
        15.128368377685547,
        15.817633628845215,
        15.433380126953125,
        15.099604606628418,
        15.08183479309082,
        15.787969589233398,
        14.777292251586914,
        14.582456588745117,
        14.990641593933105,
        14.686362266540527,
        14.479096412658691,
        14.043585777282715,
        14.709490776062012,
        14.097185134887695,
        14.545557022094727,
        14.680327415466309,
        14.667184829711914,
        14.326272964477539
    ],
    "train_explained_variance": [
        -15.946115493774414,
        0.6760027408599854,
        0.7307074069976807,
        0.7456262111663818,
        0.7958469390869141,
        0.7753678560256958,
        0.7855319976806641,
        0.7971325516700745,
        0.7953044772148132,
        0.7750646471977234,
        0.8029683828353882,
        0.8102645874023438,
        0.7966390252113342,
        0.8082175850868225,
        0.8132444620132446,
        0.8255839347839355,
        0.806145429611206,
        0.8207451105117798,
        0.8090422749519348,
        0.8091902136802673,
        0.8093425631523132,
        0.8186686038970947
    ],
    "train_peak_error": [
        10.448755264282227,
        0.4250737428665161,
        0.4372197389602661,
        0.3712189197540283,
        0.3354302644729614,
        0.3465905785560608,
        0.3493322730064392,
        0.34160059690475464,
        0.3384319543838501,
        0.3381556272506714,
        0.31529170274734497,
        0.3170512318611145,
        0.34972357749938965,
        0.32686173915863037,
        0.3562808036804199,
        0.32203197479248047,
        0.3277885913848877,
        0.34000593423843384,
        0.3575613498687744,
        0.4262177646160126,
        0.3329998254776001,
        0.31937718391418457
    ],
    "val_loss": [
        0.00794343601376247,
        0.004405143451776436,
        0.003915862294530376,
        0.004176018279307127,
        0.00364797683298695,
        0.0035976230331006454,
        0.003981427244118435,
        0.003350548942392464,
        0.0040228357359016545,
        0.0038289031703963123,
        0.003574936604931307,
        0.003182141205041314,
        0.0033239220835523105,
        0.003471695806281708,
        0.0035691514649770135,
        0.0036690590762459546,
        0.0038223661780156354,
        0.003557672218533514,
        0.007457271784597592,
        0.0045335352088478826,
        0.00330337661938246,
        0.0040748442216314
    ],
    "val_mae": [
        0.06988087296485901,
        0.052119407802820206,
        0.04975896701216698,
        0.05054878070950508,
        0.04769233986735344,
        0.047313790768384933,
        0.049245428293943405,
        0.04524735361337662,
        0.049663200974464417,
        0.04880088195204735,
        0.04676227271556854,
        0.04460323601961136,
        0.04539388418197632,
        0.04640097916126251,
        0.047302763909101486,
        0.04758889228105545,
        0.0489458404481411,
        0.047499459236860275,
        0.06942620873451233,
        0.05304444581270218,
        0.04558182880282402,
        0.05108841508626938
    ],
    "val_mse": [
        0.007943435572087765,
        0.004405143205076456,
        0.003915862180292606,
        0.004176018293946981,
        0.00364797655493021,
        0.0035976232029497623,
        0.003981427289545536,
        0.0033505491446703672,
        0.0040228357538580894,
        0.0038289029616862535,
        0.0035749366506934166,
        0.0031821413431316614,
        0.0033239219337701797,
        0.0034716958180069923,
        0.003569151507690549,
        0.0036690589040517807,
        0.003822366241365671,
        0.003557672258466482,
        0.007457271683961153,
        0.004533534869551659,
        0.0033033769577741623,
        0.004074844066053629
    ],