{
    "train_loss": [
        0.017356887892028387,
        0.004125447396846227,
        0.0038062398583884514,
        0.0036765413283993066,
        0.00351586422354235,
        0.0032174503559880977,
        0.002870338436267886,
        0.0028762439154000606,
        0.002590069684571596,
        0.0024612604617835205,
        0.002152343964461327,
        0.0021210468785726037,
        0.0017955554202678096,
        0.0017718613196477562
    ],
    "train_mae": [
        0.07359478622674942,
        0.050175148993730545,
        0.047941867262125015,
        0.04746101796627045,
        0.046315617859363556,
        0.04442044347524643,
        0.04177140071988106,
        0.04205230250954628,
        0.039827656000852585,
        0.03869878873229027,
        0.03607984632253647,
        0.03589743748307228,
        0.03310991823673248,
        0.032940592616796494
    ],
    "train_mse": [
        0.017356885597109795,
        0.004125447943806648,
        0.003806239925324917,
        0.0036765411496162415,
        0.003515864023938775,
        0.0032174503430724144,
        0.0028703385032713413,
        0.002876244019716978,
        0.002590069780126214,
        0.00246126065030694,
        0.0021523439791053534,
        0.0021210466511547565,
        0.00179555534850806,
        0.0017718612216413021
    ],
    "train_rmse": [
        0.13174553215503693,
        0.06422965228557587,
        0.06169473007321358,
        0.06063448637723923,
        0.059294722974300385,
        0.056722573935985565,
        0.0535755418241024,
        0.05363062396645546,
        0.05089272931218147,
        0.04961109533905983,
        0.04639336094260216,
        0.04605482146143913,
        0.04237399250268936,
        0.04209348186850548
    ],
    "train_r2": [
        0.18408417701721191,
        0.8060701489448547,
        0.8210755586624146,
        0.8271724581718445,
        0.8347256183624268,
        0.8487534523010254,
        0.8650705814361572,
        0.8647929430007935,
        0.87824547290802,
        0.8843005895614624,
        0.8988221883773804,
        0.9002934098243713,
        0.9155941605567932,
        0.9167079925537109
    ],
    "train_mape": [
        24.149974822998047,
        16.977792739868164,
        16.00928497314453,
        15.711363792419434,
        15.311410903930664,
        14.679211616516113,
        13.73017406463623,
        13.567115783691406,
        13.098980903625488,
        12.420114517211914,
        11.498445510864258,
        11.50667953491211,
        10.49063777923584,
        10.27184009552002
    ],
    "train_smape": [
        20.38450813293457,
        14.800622940063477,
        14.148992538452148,
        14.000020980834961,
        13.714043617248535,
        13.16808032989502,
        12.48335075378418,
        12.389824867248535,
        11.80267333984375,
        11.4443941116333,
        10.613057136535645,
        10.56704330444336,
        9.887710571289062,
        9.781885147094727
    ],
    "train_explained_variance": [
        0.18437957763671875,
        0.8060709834098816,
        0.8210795521736145,
        0.8271763920783997,
        0.8347302079200745,
        0.8487569689750671,
        0.8650732040405273,
        0.8647943735122681,
        0.8782458901405334,
        0.8843026161193848,
        0.8988235592842102,
        0.9002935886383057,
        0.915594220161438,
        0.9167079925537109
    ],
    "train_peak_error": [
        2.1664633750915527,
        0.39128434658050537,
        0.3902353048324585,
        0.3244609236717224,
        0.3108605146408081,
        0.290840208530426,
        0.2707536220550537,
        0.27260783314704895,
        0.24022501707077026,
        0.2588164210319519,
        0.27335575222969055,
        0.25621333718299866,
        0.21828681230545044,
        0.2046152949333191
    ],
    "val_loss": [
        0.004083407354212815,
        0.004806205393468438,
        0.0036196567831400166,
        0.0033527298422074683,
        0.004442489882596105,
        0.003525966419637364,
        0.0035188274745152686,
        0.0037492418227543078,
        0.003591650301295755,
        0.0037391519979674288,
        0.004704395672842431,
        0.004984111883979049,
        0.0046452523377998696,
        0.005588605166044381
    ],
    "val_mae": [
        0.050780266523361206,
        0.054337870329618454,
        0.04792470484972,
        0.04612348973751068,
        0.052883222699165344,
        0.04744155704975128,
        0.047529324889183044,
        0.0488908588886261,
        0.04740135744214058,
        0.048866137862205505,
        0.054955195635557175,
        0.05605068430304527,
        0.054374296218156815,
        0.05974388122558594
    ],
    "val_mse": [
        0.004083407111465931,
        0.004806205630302429,
        0.0036196564324200153,
        0.0033527298364788294,
        0.004442490171641111,
        0.003525966312736273,
        0.0035188274923712015,
        0.0037492418196052313,
        0.0035916499327868223,
        0.003739152103662491,
        0.004704395309090614,
        0.004984111990779638,
        0.004645252134650946,
        0.00558860506862402
    ],
    "val_rmse": [
        0.06390154361724854,
        0.06932680308818817,
        0.060163579881191254,
        0.05790276080369949,
        0.06665200740098953,
        0.05937984585762024,
        0.05931970477104187,
        0.06123105436563492,
        0.05993037670850754,
        0.06114860624074936,
        0.06858859211206436,
        0.07059824466705322,
        0.06815608590841293,
        0.07475697249174118
    ],
    "val_r2": [
        0.7158244252204895,
        0.6655229330062866,
        0.7480981349945068,
        0.766674280166626,
        0.6908348798751831,
        0.7546182870864868,
        0.7551150918006897,
        0.7390799522399902,
        0.7500472068786621,
        0.7397820949554443,
        0.6726081371307373,
        0.6531418561935425,
        0.6767240762710571,
        0.6110735535621643
    ],
    "val_mape": [
        26.787826538085938,
        22.049875259399414,
        24.928695678710938,
        24.36305046081543,
        23.25250816345215,
        22.825180053710938,
        22.887083053588867,
        22.34545135498047,
        22.810997009277344,
        22.466405868530273,
        27.541181564331055,
        24.62666130065918,
        26.0247859954834,
        24.100093841552734
    ],
    "val_smape": [
        19.662132263183594,
        22.231124877929688,
        18.787593841552734,
        18.35990333557129,
        20.13800811767578,
        18.446043014526367,
        18.416898727416992,
        19.304428100585938,
        18.671693801879883,
        18.854995727539062,
        20.798416137695312,
        21.305774688720703,
        20.793291091918945,
        23.673686981201172
    ],
    "val_explained_variance": [
        0.753757894039154,
        0.7396577596664429,
        0.7501093149185181,
        0.7798240780830383,
        0.7311292886734009,
        0.7609355449676514,
        0.7738901376724243,
        0.75428307056427,
        0.7514791488647461,
        0.7526230812072754,
        0.7181556820869446,
        0.6532169580459595,
        0.6862950325012207,
        0.7108692526817322
    ],
    "val_peak_error": [
        0.18859392404556274,
        0.2617046535015106,
        0.25184929370880127,
        0.21391427516937256,
        0.28000393509864807,
        0.19527369737625122,
        0.2009275257587433,
        0.21417051553726196,
        0.19957803189754486,
        0.22091156244277954,
        0.22710281610488892,
        0.2736787497997284,
        0.2605680227279663,
        0.2602421045303345
    ],
    "lr": [
        0.01,
        0.01,
        0.01,
        0.01,
        0.01,
        0.01,
        0.01,
        0.01,
        0.01,
        0.01,
        0.01,
        0.01,
        0.01,
        0.01
    ]
}