{
    "train_loss": [
        0.014921358649032948,
        0.004063413084746916,
        0.0038618590400422083,
        0.003781164286820873,
        0.0037742972104983924,
        0.0037407324076923322,
        0.0035290840610931232,
        0.0036725182860259243,
        0.0035203115059375175,
        0.003491475272678042,
        0.0035483333350395355,
        0.0034118059191165545,
        0.003483719819525808,
        0.0034547736291611875,
        0.0033159356404632665,
        0.003498538728156647,
        0.00334533160617336,
        0.0033477147373532994,
        0.003332145628318386,
        0.003016789914181698,
        0.0030056193125232605,
        0.0029814572065266056,
        0.0029878622588003457
    ],
    "train_mae": [
        0.07084700465202332,
        0.049456942826509476,
        0.04861283302307129,
        0.04791325703263283,
        0.04807719215750694,
        0.04748070240020752,
        0.04621531069278717,
        0.04700193554162979,
        0.04603490233421326,
        0.045688606798648834,
        0.04637369513511658,
        0.045200321823358536,
        0.04592062160372734,
        0.04545885697007179,
        0.04467753693461418,
        0.04591314122080803,
        0.044916823506355286,
        0.044994041323661804,
        0.04464279115200043,
        0.04251071810722351,
        0.04277142882347107,
        0.042463649064302444,
        0.0424540750682354
    ],
    "train_mse": [
        0.014921358786523342,
        0.0040634130127727985,
        0.003861859207972884,
        0.0037811645306646824,
        0.0037742971908301115,
        0.0037407323252409697,
        0.0035290841478854418,
        0.00367251830175519,
        0.0035203113220632076,
        0.003491475246846676,
        0.003548333188518882,
        0.0034118059556931257,
        0.0034837196581065655,
        0.003454773686826229,
        0.003315935842692852,
        0.003498538862913847,
        0.0033453316427767277,
        0.0033477148972451687,
        0.003332145744934678,
        0.0030167899094522,
        0.0030056191608309746,
        0.0029814571607857943,
        0.0029878620989620686
    ],
    "train_rmse": [
        0.12215301394462585,
        0.06374490261077881,
        0.06214385852217674,
        0.06149117276072502,
        0.061435308307409286,
        0.061161525547504425,
        0.0594060942530632,
        0.06060130521655083,
        0.05933221057057381,
        0.059088706970214844,
        0.0595678873360157,
        0.05841066688299179,
        0.059023045003414154,
        0.05877732113003731,
        0.057584162801504135,
        0.05914844945073128,
        0.057838842272758484,
        0.05785943940281868,
        0.057724740356206894,
        0.05492531135678291,
        0.05482352897524834,
        0.054602719843387604,
        0.0546613410115242
    ],
    "train_r2": [
        0.2985738515853882,
        0.8089863061904907,
        0.8184609413146973,
        0.8222543001174927,
        0.8225771188735962,
        0.8241549134254456,
        0.8341041207313538,
        0.8273615837097168,
        0.8345165252685547,
        0.8358720541000366,
        0.8331992626190186,
        0.839617133140564,
        0.8362365961074829,
        0.8375973105430603,
        0.8441238403320312,
        0.8355399966239929,
        0.8427420258522034,
        0.8426299691200256,
        0.8433618545532227,
        0.8581861257553101,
        0.8587112426757812,
        0.8598470687866211,
        0.8595460057258606
    ],
    "train_mape": [
        22.883596420288086,
        16.650972366333008,
        16.246356964111328,
        15.927804946899414,
        15.903082847595215,
        15.724250793457031,
        15.386331558227539,
        15.566672325134277,
        15.269102096557617,
        15.128813743591309,
        15.370683670043945,
        15.04387092590332,
        15.32268238067627,
        15.136575698852539,
        14.6639986038208,
        15.297144889831543,
        14.730755805969238,
        14.690312385559082,
        14.989950180053711,
        14.073493003845215,
        14.032430648803711,
        13.810552597045898,
        13.764288902282715
    ],
    "train_smape": [
        19.766128540039062,
        14.504684448242188,
        14.290234565734863,
        14.100204467773438,
        14.097137451171875,
        13.919569969177246,
        13.655823707580566,
        13.760900497436523,
        13.568130493164062,
        13.43189811706543,
        13.670514106750488,
        13.347681045532227,
        13.63503360748291,
        13.456013679504395,
        13.178646087646484,
        13.537129402160645,
        13.296625137329102,
        13.249238014221191,
        13.27190113067627,
        12.598003387451172,
        12.665730476379395,
        12.551641464233398,
        12.533103942871094
    ],
    "train_explained_variance": [
        0.29857397079467773,
        0.808989405632019,
        0.8184611797332764,
        0.8222613334655762,
        0.8225803971290588,
        0.8241572380065918,
        0.8341045379638672,
        0.8273726105690002,
        0.834519624710083,
        0.8358727097511292,
        0.8332026600837708,
        0.8396173715591431,
        0.8362371921539307,
        0.8375973701477051,
        0.8441249132156372,
        0.8355399966239929,
        0.8427422642707825,
        0.8426302075386047,
        0.8433621525764465,
        0.8581863045692444,
        0.858711838722229,
        0.8598471283912659,
        0.8595465421676636
    ],
    "train_peak_error": [
        1.6363322734832764,
        0.3401027321815491,
        0.3769627809524536,
        0.35091692209243774,
        0.33830928802490234,
        0.30147629976272583,
        0.3080260753631592,
        0.3206888437271118,
        0.33768773078918457,
        0.30970948934555054,
        0.3045961856842041,
        0.3513679504394531,
        0.3170868456363678,
        0.36226892471313477,
        0.2819564938545227,
        0.33606624603271484,
        0.27424049377441406,
        0.28821122646331787,
        0.31242918968200684,
        0.26959484815597534,
        0.273582398891449,
        0.30021795630455017,
        0.3007011115550995
    ],
    "val_loss": [
        0.0033349729784958653,
        0.003128582519552798,
        0.003411551565199876,
        0.0038524502375759453,
        0.0033160817253289464,
        0.0030046049648855657,
        0.003611362559198261,
        0.0028321375012424566,
        0.003181947725724509,
        0.0028911395602115838,
        0.0043859592412444325,
        0.0032708277472582974,
        0.0032284111793910108,
        0.003418947197798398,
        0.0037594106682180928,
        0.003458932772908601,
        0.003289815658274636,
        0.0035343195508709914,
        0.0031561332547755763,
        0.003288444797809926,
        0.003633958192193787,
        0.003501325550676732,
        0.003328570040117065
    ],
    "val_mae": [
        0.04540437459945679,
        0.044127363711595535,
        0.046034056693315506,
        0.04950622096657753,
        0.04540776461362839,
        0.043110501021146774,
        0.047324761748313904,
        0.04198649525642395,
        0.04467830806970596,
        0.04279877245426178,
        0.052411966025829315,
        0.04584831744432449,
        0.04490692913532257,
        0.04631415382027626,
        0.04844618961215019,
        0.046511195600032806,
        0.04559458792209625,
        0.04743433743715286,
        0.044773027300834656,
        0.045468349009752274,
        0.047630809247493744,
        0.04689726233482361,
        0.04589490592479706
    ],