{
    "train_loss": [
        0.013600639609084269,
        0.004295286402349164,
        0.004113800573735205,
        0.004222657567084981,
        0.004036579385167443,
        0.004094876501173731,
        0.004098512910886106,
        0.004188943254126975,
        0.003997763797020419,
        0.004068967192198505,
        0.0041455474343128984,
        0.004202203140973497,
        0.0038659664201915146,
        0.004046922822442476,
        0.003948307822519863
    ],
    "train_mae": [
        0.06888729333877563,
        0.05131169408559799,
        0.050073035061359406,
        0.050718147307634354,
        0.049608223140239716,
        0.04994368925690651,
        0.050122443586587906,
        0.05040579289197922,
        0.04926995933055878,
        0.04974978789687157,
        0.050307270139455795,
        0.05040857568383217,
        0.048518698662519455,
        0.04935166984796524,
        0.04888075962662697
    ],
    "train_mse": [
        0.013600639067590237,
        0.004295286722481251,
        0.00411380035802722,
        0.004222657531499863,
        0.00403657928109169,
        0.004094876814633608,
        0.004098512697964907,
        0.004188943188637495,
        0.0039977640844881535,
        0.004068967420607805,
        0.004145547281950712,
        0.0042022038251161575,
        0.0038659663405269384,
        0.00404692254960537,
        0.00394830759614706
    ],
    "train_rmse": [
        0.11662177741527557,
        0.0655384361743927,
        0.06413891166448593,
        0.06498198211193085,
        0.06353408098220825,
        0.06399122625589371,
        0.06401962786912918,
        0.06472204625606537,
        0.06322787702083588,
        0.06378845870494843,
        0.06438592821359634,
        0.0648244097828865,
        0.0621768943965435,
        0.06361542642116547,
        0.06283555924892426
    ],
    "train_r2": [
        0.36065852642059326,
        0.7980863451957703,
        0.8066176772117615,
        0.8015004992485046,
        0.8102477192878723,
        0.8075072169303894,
        0.8073363304138184,
        0.8030853271484375,
        0.8120723366737366,
        0.8087251782417297,
        0.80512535572052,
        0.8024619817733765,
        0.8182679414749146,
        0.8097614645957947,
        0.8143972158432007
    ],
    "train_mape": [
        22.543292999267578,
        17.360397338867188,
        16.80572509765625,
        17.008808135986328,
        16.61154556274414,
        16.689727783203125,
        16.713703155517578,
        17.085693359375,
        16.707611083984375,
        16.823213577270508,
        16.883996963500977,
        17.023160934448242,
        16.526695251464844,
        16.565935134887695,
        16.497509002685547
    ],
    "train_smape": [
        19.278593063354492,
        15.057723045349121,
        14.661763191223145,
        14.83574390411377,
        14.568072319030762,
        14.614255905151367,
        14.629342079162598,
        14.803997039794922,
        14.50845718383789,
        14.640073776245117,
        14.759500503540039,
        14.736307144165039,
        14.361004829406738,
        14.489459991455078,
        14.363694190979004
    ],
    "train_explained_variance": [
        0.3607631325721741,
        0.7980890274047852,
        0.8066200613975525,
        0.8015102744102478,
        0.8102497458457947,
        0.8075165748596191,
        0.8073363304138184,
        0.8030878305435181,
        0.8120744824409485,
        0.8087257146835327,
        0.8051266074180603,
        0.8024620413780212,
        0.8182685375213623,
        0.8097629547119141,
        0.8143975138664246
    ],
    "train_peak_error": [
        1.9243829250335693,
        0.4109288454055786,
        0.38770806789398193,
        0.36714982986450195,
        0.3572882413864136,
        0.3434144854545593,
        0.3879868984222412,
        0.42944711446762085,
        0.34481102228164673,
        0.36286604404449463,
        0.34920287132263184,
        0.4240568280220032,
        0.33507704734802246,
        0.45237916707992554,
        0.3560279607772827
    ],
    "val_loss": [
        0.003801092339961006,
        0.00722144319106349,
        0.004809468232711656,
        0.004164549613693099,
        0.0032518615306643167,
        0.0042276342821528584,
        0.005045659439303249,
        0.0041954534504857425,
        0.0037805274947673726,
        0.00377641862543072,
        0.003860144345826811,
        0.003798142557883327,
        0.0036592785685102074,
        0.004243431392145886,
        0.004102476997930798
    ],
    "val_mae": [
        0.049076639115810394,
        0.07118120789527893,
        0.05557482689619064,
        0.051591627299785614,
        0.04510190710425377,
        0.05205466225743294,
        0.056726302951574326,
        0.0513739138841629,
        0.04876360297203064,
        0.04860461503267288,
        0.049355730414390564,
        0.04863455146551132,
        0.04735301062464714,
        0.05211908742785454,
        0.050750527530908585
    ],
    "val_mse": [
        0.003801092505455017,
        0.007221443112939596,
        0.004809468053281307,
        0.004164549522101879,
        0.003251861548051238,
        0.0042276340536773205,
        0.005045659374445677,
        0.0041954535990953445,
        0.0037805275060236454,
        0.003776418510824442,
        0.0038601444102823734,
        0.0037981425411999226,
        0.0036592786200344563,
        0.004243431147187948,
        0.0041024768725037575
    ],
    "val_rmse": [
        0.06165299937129021,
        0.08497907221317291,
        0.06935033202171326,
        0.06453332304954529,
        0.05702509731054306,
        0.06502025574445724,
        0.0710328072309494,
        0.06477232277393341,
        0.06148599460721016,
        0.06145257130265236,
        0.06213006004691124,
        0.061629071831703186,
        0.06049197167158127,
        0.06514162570238113,
        0.0640505775809288
    ],
    "val_r2": [
        0.7354714870452881,
        0.4974398612976074,
        0.6652958393096924,
        0.7101775407791138,
        0.7736939787864685,
        0.7057873010635376,
        0.6488586664199829,
        0.7080268263816833,
        0.7369027137756348,
        0.7371885776519775,
        0.7313619256019592,
        0.7356767654418945,
        0.7453407049179077,
        0.7046879529953003,
        0.7144973278045654
    ],
    "val_mape": [
        25.849225997924805,
        37.65146255493164,
        25.71895980834961,
        28.89318084716797,
        23.050159454345703,
        26.23029899597168,
        25.604387283325195,
        24.902231216430664,
        24.85281753540039,
        26.52535057067871,
        26.79391860961914,
        22.86145782470703,
        23.91860008239746,
        24.540111541748047,
        24.444726943969727
    ],
    "val_smape": [
        19.17993927001953,
        25.768810272216797,
        20.315481185913086,
        20.196043014526367,
        17.819507598876953,
        19.817182540893555,
        21.905519485473633,
        19.69663429260254,
        19.046255111694336,
        19.14317512512207,
        19.373050689697266,
        19.40829849243164,
        18.44462776184082,
        20.20151710510254,
        19.717206954956055
    ],
    "val_explained_variance": [
        0.7521188855171204,
        0.7577449083328247,
        0.7271453142166138,
        0.7917029857635498,
        0.7737139463424683,
        0.7469188570976257,
        0.7078019380569458,
        0.7315203547477722,
        0.7449749708175659,
        0.7673912644386292,
        0.7691502571105957,
        0.7653719186782837,
        0.7560470700263977,
        0.7411321997642517,
        0.7191375494003296
    ],