{
    "train_loss": [
        0.013145663658940935,
        0.004306366085784936,
        0.0045086820931419845,
        0.004223163848892257,
        0.004104470810448325,
        0.004220903227601999,
        0.0038908059102755236,
        0.003933497179470659,
        0.004008784084257679,
        0.004197027989966407,
        0.004128975211441712,
        0.00400078894019758,
        0.004022749672116602,
        0.0038872356028415564,
        0.0037936295319252323,
        0.004107784856742554,
        0.003922965677497084,
        0.004007908077624361,
        0.004013747405910337,
        0.003959582734838881,
        0.003912029349863476,
        0.003989770746426411,
        0.0040264582836592976
    ],
    "train_mae": [
        0.06957580894231796,
        0.05116737633943558,
        0.052505653351545334,
        0.05079145357012749,
        0.05015556514263153,
        0.05072042718529701,
        0.048733823001384735,
        0.048768315464258194,
        0.04928426817059517,
        0.05056263506412506,
        0.049880195409059525,
        0.049267835915088654,
        0.04934719204902649,
        0.048618871718645096,
        0.04795381799340248,
        0.04995778948068619,
        0.048759907484054565,
        0.04913174733519554,
        0.04926006495952606,
        0.049137506633996964,
        0.048608094453811646,
        0.04899816960096359,
        0.049383386969566345
    ],
    "train_mse": [
        0.013145663775503635,
        0.004306366201490164,
        0.004508682526648045,
        0.004223163705319166,
        0.004104470368474722,
        0.004220903385430574,
        0.0038908058777451515,
        0.003933497238904238,
        0.004008783958852291,
        0.004197027999907732,
        0.004128974862396717,
        0.0040007890202105045,
        0.004022750072181225,
        0.0038872358854860067,
        0.0037936298176646233,
        0.004107784479856491,
        0.003922965843230486,
        0.004007908049970865,
        0.004013747442513704,
        0.003959582652896643,
        0.003912029322236776,
        0.003989770542830229,
        0.004026458133012056
    ],
    "train_rmse": [
        0.114654541015625,
        0.06562291085720062,
        0.06714672595262527,
        0.06498587131500244,
        0.06406614184379578,
        0.06496848165988922,
        0.06237632408738136,
        0.06271760165691376,
        0.06331495940685272,
        0.064784474670887,
        0.06425710022449493,
        0.063251793384552,
        0.06342515349388123,
        0.06234770268201828,
        0.06159244850277901,
        0.0640920028090477,
        0.06263358145952225,
        0.06330803781747818,
        0.06335414201021194,
        0.06292521208524704,
        0.06254621595144272,
        0.06316462904214859,
        0.06345437467098236
    ],
    "train_r2": [
        0.38204604387283325,
        0.7975655198097229,
        0.7880549430847168,
        0.8014767169952393,
        0.8070562481880188,
        0.801582932472229,
        0.8171002268791199,
        0.8150933980941772,
        0.8115543127059937,
        0.8027052879333496,
        0.8059043288230896,
        0.8119301199913025,
        0.8108978271484375,
        0.8172680735588074,
        0.8216683268547058,
        0.8069005012512207,
        0.8155884742736816,
        0.8115954399108887,
        0.811320960521698,
        0.8138671517372131,
        0.8161025643348694,
        0.8124480843544006,
        0.8107234835624695
    ],
    "train_mape": [
        22.415252685546875,
        16.95132827758789,
        17.53083610534668,
        16.868467330932617,
        16.656307220458984,
        16.852359771728516,
        16.271015167236328,
        16.217670440673828,
        16.455745697021484,
        17.057952880859375,
        16.715120315551758,
        16.59807586669922,
        16.607885360717773,
        16.418460845947266,
        16.12687873840332,
        16.807613372802734,
        16.422067642211914,
        16.65542984008789,
        16.68722152709961,
        16.61194610595703,
        16.455883026123047,
        16.608928680419922,
        16.562110900878906
    ],
    "train_smape": [
        19.410669326782227,
        14.964249610900879,
        15.34544849395752,
        14.795970916748047,
        14.683133125305176,
        14.817362785339355,
        14.28109073638916,
        14.299185752868652,
        14.461369514465332,
        14.850781440734863,
        14.601758003234863,
        14.466412544250488,
        14.519433975219727,
        14.301069259643555,
        14.142833709716797,
        14.615878105163574,
        14.31317138671875,
        14.43132209777832,
        14.420689582824707,
        14.399618148803711,
        14.305906295776367,
        14.424856185913086,
        14.496042251586914
    ],
    "train_explained_variance": [
        0.38216012716293335,
        0.7975696325302124,
        0.7880669832229614,
        0.8014798760414124,
        0.8070582151412964,
        0.8015962839126587,
        0.8171008825302124,
        0.8150938749313354,
        0.8115601539611816,
        0.8027061223983765,
        0.8059080839157104,
        0.8119310140609741,
        0.810899019241333,
        0.8172688484191895,
        0.8216686844825745,
        0.8069005608558655,
        0.8155896067619324,
        0.8115957975387573,
        0.8113210201263428,
        0.8138675093650818,
        0.8161033987998962,
        0.8124481439590454,
        0.8107235431671143
    ],
    "train_peak_error": [
        2.0647757053375244,
        0.34383654594421387,
        0.3618231415748596,
        0.3755015730857849,
        0.42936116456985474,
        0.4098505973815918,
        0.3128659725189209,
        0.35040050745010376,
        0.3864133954048157,
        0.3584447503089905,
        0.3740862011909485,
        0.3778573274612427,
        0.3539692759513855,
        0.32165729999542236,
        0.41323989629745483,
        0.38865911960601807,
        0.34918296337127686,
        0.43110573291778564,
        0.3699371814727783,
        0.34118908643722534,
        0.3729310631752014,
        0.3598729372024536,
        0.3809974193572998
    ],
    "val_loss": [
        0.0038146526376857497,
        0.0034504801442967257,
        0.004753384165224626,
        0.00534751460612785,
        0.0036513401610146967,
        0.003356380475845804,
        0.0034301626930187505,
        0.0033945485323051113,
        0.004882489717665979,
        0.0033732599055515135,
        0.004068857618078268,
        0.003833331828534925,
        0.0032571426495279876,
        0.003430249999317495,
        0.0035284667514371786,
        0.0037822021982840282,
        0.0034972646318898676,
        0.003625305545308607,
        0.0036223350101813887,
        0.004059643032324078,
        0.003433809861433592,
        0.004431194373332768,
        0.0035399206419870688
    ],
    "val_mae": [
        0.04909725487232208,
        0.046950820833444595,
        0.05529322475194931,
        0.05930567532777786,
        0.048064783215522766,
        0.046232763677835464,
        0.04615794122219086,
        0.046276941895484924,
        0.055161550641059875,
        0.04614166542887688,
        0.05067386478185654,
        0.049562178552150726,
        0.044816259294748306,
        0.04629252105951309,
        0.047113414853811264,
        0.048747532069683075,
        0.04670174419879913,
        0.0476958304643631,
        0.047734569758176804,
        0.050510480999946594,
        0.04670579731464386,
        0.05259087681770325,
        0.046996988356113434
    ],