{
    "train_loss": [
        0.02614894732440615,
        0.004474748916484974,
        0.004203793193115139,
        0.004211785658350025,
        0.004170735703280912,
        0.0041494680575435644,
        0.004095477744870918,
        0.003898164407572101,
        0.004140318350883372,
        0.004309562228157875,
        0.004120248851504287,
        0.0040383090757391766,
        0.004214662481895745,
        0.0036528101178330513,
        0.0037113332137045743,
        0.0036341185235743254,
        0.0036456219117813236
    ],
    "train_mae": [
        0.07484114915132523,
        0.05241037905216217,
        0.05054545775055885,
        0.050766490399837494,
        0.050470735877752304,
        0.05045437812805176,
        0.049837660044431686,
        0.04848475381731987,
        0.050256773829460144,
        0.05142112821340561,
        0.05022267997264862,
        0.04963580146431923,
        0.05085183307528496,
        0.04691304638981819,
        0.04716801643371582,
        0.04665045067667961,
        0.04674513265490532
    ],
    "train_mse": [
        0.026148945093154907,
        0.004474748857319355,
        0.004203793127089739,
        0.004211785737425089,
        0.0041707358323037624,
        0.004149467684328556,
        0.004095477983355522,
        0.003898164490237832,
        0.004140317905694246,
        0.004309562034904957,
        0.004120249301195145,
        0.004038309212774038,
        0.004214662127196789,
        0.0036528101190924644,
        0.0037113334983587265,
        0.003634118475019932,
        0.003645621705800295
    ],
    "train_rmse": [
        0.1617063581943512,
        0.0668935626745224,
        0.06483666598796844,
        0.06489827483892441,
        0.0645812377333641,
        0.06441636383533478,
        0.06399592012166977,
        0.06243528425693512,
        0.06434530019760132,
        0.06564725190401077,
        0.06418916583061218,
        0.06354769319295883,
        0.06492043286561966,
        0.06043848395347595,
        0.06092071533203125,
        0.06028364971280098,
        0.06037898361682892
    ],
    "train_r2": [
        -0.22921478748321533,
        0.7896501421928406,
        0.8023872375488281,
        0.8020115494728088,
        0.8039412498474121,
        0.8049409985542297,
        0.8074789643287659,
        0.8167543411254883,
        0.8053711652755737,
        0.7974152565002441,
        0.8063145279884338,
        0.8101663589477539,
        0.8018763065338135,
        0.8282879590988159,
        0.8255369067192078,
        0.8291666507720947,
        0.8286259174346924
    ],
    "train_mape": [
        23.791677474975586,
        17.436643600463867,
        16.870954513549805,
        16.935792922973633,
        16.79329490661621,
        16.798215866088867,
        16.72040367126465,
        16.43023681640625,
        16.783336639404297,
        17.367843627929688,
        16.86097526550293,
        16.71830177307129,
        17.124042510986328,
        15.922239303588867,
        15.908137321472168,
        15.642555236816406,
        15.71987533569336
    ],
    "train_smape": [
        20.133758544921875,
        15.211478233337402,
        14.761297225952148,
        14.829195976257324,
        14.729552268981934,
        14.758123397827148,
        14.591357231140137,
        14.281122207641602,
        14.732025146484375,
        15.076155662536621,
        14.69738483428955,
        14.560726165771484,
        14.85883903503418,
        13.87300968170166,
        13.92047119140625,
        13.747550964355469,
        13.794355392456055
    ],
    "train_explained_variance": [
        -0.2282700538635254,
        0.789650559425354,
        0.802388072013855,
        0.8020195960998535,
        0.8039476871490479,
        0.8049454689025879,
        0.807489812374115,
        0.8167563676834106,
        0.8053770661354065,
        0.7974214553833008,
        0.8063170909881592,
        0.810168981552124,
        0.8018763661384583,
        0.828288197517395,
        0.8255376815795898,
        0.8291666507720947,
        0.8286261558532715
    ],
    "train_peak_error": [
        3.0968239307403564,
        0.38718312978744507,
        0.3595978617668152,
        0.38249289989471436,
        0.3428630828857422,
        0.36231493949890137,
        0.3444351553916931,
        0.3558489680290222,
        0.3848304748535156,
        0.38328850269317627,
        0.3436112403869629,
        0.40201336145401,
        0.39923667907714844,
        0.352078914642334,
        0.36436474323272705,
        0.3668954372406006,
        0.3408673405647278
    ],
    "val_loss": [
        0.004826792599901343,
        0.003186221762188449,
        0.0038956379194965036,
        0.0033931314284919942,
        0.0033866890235770522,
        0.0034309524438585147,
        0.0034937280325366437,
        0.0033077101040256325,
        0.0034938754646857972,
        0.0037261834813000485,
        0.003653211431601252,
        0.00491646007085286,
        0.0042362682580974675,
        0.003770589985543018,
        0.003355465671483079,
        0.0033107457443964567,
        0.0034937113302377916
    ],
    "val_mae": [
        0.05607143044471741,
        0.04455532878637314,
        0.04919584468007088,
        0.04599901661276817,
        0.04621297866106033,
        0.04627075046300888,
        0.0461752787232399,
        0.045562341809272766,
        0.047067251056432724,
        0.048772018402814865,
        0.04819423705339432,
        0.0556475855410099,
        0.05119464546442032,
        0.04853283613920212,
        0.046048473566770554,
        0.0455288365483284,
        0.04684383422136307
    ],
    "val_mse": [
        0.004826792515814304,
        0.0031862217001616955,
        0.003895638044923544,
        0.0033931315410882235,
        0.0033866893500089645,
        0.003430952550843358,
        0.0034937281161546707,
        0.0033077101688832045,
        0.0034938754979521036,
        0.003726183669641614,
        0.0036532115191221237,
        0.004916459787636995,
        0.004236268345266581,
        0.0037705900613218546,
        0.003355465829372406,
        0.00331074558198452,
        0.0034937113523483276
    ],
    "val_rmse": [
        0.06947512179613113,
        0.0564466267824173,
        0.062415048480033875,
        0.05825059115886688,
        0.05819527059793472,
        0.058574333786964417,
        0.059107765555381775,
        0.05751269683241844,
        0.05910901352763176,
        0.06104247272014618,
        0.06044180318713188,
        0.07011747360229492,
        0.06508662551641464,
        0.06140512973070145,
        0.05792638286948204,
        0.05753907933831215,
        0.05910762399435043
    ],
    "val_r2": [
        0.6640902161598206,
        0.7782620191574097,
        0.7288918495178223,
        0.7638626098632812,
        0.7643109560012817,
        0.7612305879592896,
        0.7568618059158325,
        0.7698073387145996,
        0.7568515539169312,
        0.7406846284866333,
        0.7457629442214966,
        0.6578500270843506,
        0.7051864266395569,
        0.7375942468643188,
        0.7664839029312134,
        0.7695960998535156,
        0.756862998008728
    ],
    "val_mape": [
        32.58640670776367,
        21.840633392333984,
        22.915454864501953,
        20.21601104736328,
        25.058141708374023,
        21.467721939086914,
        21.734922409057617,
        23.51898193359375,
        23.562007904052734,
        27.44918441772461,
        25.86493492126465,
        30.26544952392578,
        25.042415618896484,
        23.783985137939453,
        24.019023895263672,
        24.795387268066406,
        23.617645263671875
    ],