{
    "train_loss": [
        0.012722932848871863,
        0.004462044944071135,
        0.00411385863450032,
        0.003931850592637604,
        0.0038040183052709584,
        0.0036742262850830774,
        0.0035720832866638734,
        0.0035397418003367677,
        0.0035132242298931216,
        0.0034831908940340705,
        0.0033835766576865056,
        0.003352163474316982,
        0.00330495596980696,
        0.003227391655378182,
        0.0032034422318007474,
        0.003120079549433125,
        0.003117267750938892,
        0.003049617394497765,
        0.0030100129834185595,
        0.0030056501275209486,
        0.002968138219966167,
        0.002798991648027765,
        0.002815102804674052,
        0.0027664490222042565,
        0.002740441390983859
    ],
    "train_mae": [
        0.08067221939563751,
        0.052394818514585495,
        0.05020395666360855,
        0.04910871386528015,
        0.048317451030015945,
        0.047427281737327576,
        0.04648856818675995,
        0.04627335071563721,
        0.04610767215490341,
        0.046001967042684555,
        0.045207537710666656,
        0.04505714029073715,
        0.04462362825870514,
        0.044127609580755234,
        0.04400862008333206,
        0.04348805546760559,
        0.04345273971557617,
        0.04290122538805008,
        0.0426291823387146,
        0.042649976909160614,
        0.04248204082250595,
        0.0409868061542511,
        0.04118134826421738,
        0.04069055616855621,
        0.040536392480134964
    ],
    "train_mse": [
        0.012722932733595371,
        0.004462044686079025,
        0.0041138590313494205,
        0.003931850660592318,
        0.003804018022492528,
        0.0036742263473570347,
        0.0035720833111554384,
        0.003539741737768054,
        0.0035132241901010275,
        0.0034831908997148275,
        0.003383576637133956,
        0.0033521633595228195,
        0.0033049562480300665,
        0.0032273917458951473,
        0.0032034420873969793,
        0.003120079403743148,
        0.00311726750805974,
        0.00304961740039289,
        0.0030100129079073668,
        0.0030056501273065805,
        0.0029681383166462183,
        0.002798991510644555,
        0.002815102692693472,
        0.0027664490044116974,
        0.002740441355854273
    ],
    "train_rmse": [
        0.11279597878456116,
        0.06679853796958923,
        0.06413937360048294,
        0.06270447373390198,
        0.06167672201991081,
        0.06061539798974991,
        0.05976690724492073,
        0.059495728462934494,
        0.05927245691418648,
        0.059018563479185104,
        0.05816851928830147,
        0.05789786949753761,
        0.05748875066637993,
        0.05681013688445091,
        0.056598957628011703,
        0.055857669562101364,
        0.05583249405026436,
        0.05522334203124046,
        0.0548635832965374,
        0.05482380837202072,
        0.054480623453855515,
        0.05290549620985985,
        0.05305754020810127,
        0.0525970421731472,
        0.05234922468662262
    ],
    "train_r2": [
        0.4019179344177246,
        0.7902473211288452,
        0.8066149353981018,
        0.8151707649230957,
        0.821179986000061,
        0.8272812366485596,
        0.8320828080177307,
        0.8336031436920166,
        0.8348496556282043,
        0.836261510848999,
        0.8409441709518433,
        0.8424208760261536,
        0.8446400165557861,
        0.8482861518859863,
        0.8494119644165039,
        0.8533307313919067,
        0.8534628748893738,
        0.85664302110672,
        0.8585047125816345,
        0.8587098121643066,
        0.8604731559753418,
        0.8684244751930237,
        0.8676670789718628,
        0.8699542284011841,
        0.8711768388748169
    ],
    "train_mape": [
        26.69631004333496,
        17.414382934570312,
        16.846769332885742,
        16.420034408569336,
        16.31171226501465,
        15.95641040802002,
        15.607423782348633,
        15.516283988952637,
        15.483169555664062,
        15.405980110168457,
        15.15064525604248,
        14.965717315673828,
        14.867941856384277,
        14.671693801879883,
        14.658432960510254,
        14.53553295135498,
        14.401907920837402,
        14.202213287353516,
        14.086736679077148,
        14.087674140930176,
        13.987062454223633,
        13.599570274353027,
        13.577717781066895,
        13.390164375305176,
        13.332748413085938
    ],
    "train_smape": [
        23.353046417236328,
        15.297408103942871,
        14.75410270690918,
        14.454002380371094,
        14.257354736328125,
        14.014575958251953,
        13.740585327148438,
        13.699479103088379,
        13.588118553161621,
        13.628089904785156,
        13.407267570495605,
        13.295517921447754,
        13.203805923461914,
        13.080595016479492,
        13.016927719116211,
        12.88271713256836,
        12.825287818908691,
        12.677194595336914,
        12.592795372009277,
        12.605359077453613,
        12.528234481811523,
        12.130159378051758,
        12.154096603393555,
        12.035511016845703,
        11.997187614440918
    ],
    "train_explained_variance": [
        0.4054926037788391,
        0.7902486324310303,
        0.8066155910491943,
        0.8151726126670837,
        0.821180522441864,
        0.8272814154624939,
        0.8320828676223755,
        0.8336048126220703,
        0.8348496556282043,
        0.8362621068954468,
        0.8409473896026611,
        0.8424211144447327,
        0.8446402549743652,
        0.8482869267463684,
        0.8494133353233337,
        0.8533308506011963,
        0.853463351726532,
        0.8566461205482483,
        0.8585053086280823,
        0.8587123155593872,
        0.8604732155799866,
        0.8684245347976685,
        0.8676680326461792,
        0.8699544668197632,
        0.8711768388748169
    ],
    "train_peak_error": [
        0.7813870310783386,
        0.36182844638824463,
        0.35449814796447754,
        0.353390634059906,
        0.3439342975616455,
        0.327101469039917,
        0.3296743631362915,
        0.3439297080039978,
        0.3326534628868103,
        0.29946285486221313,
        0.302884578704834,
        0.3456854224205017,
        0.3091930150985718,
        0.29998695850372314,
        0.29702338576316833,
        0.2972602844238281,
        0.3069804906845093,
        0.2917361259460449,
        0.26602667570114136,
        0.3018931746482849,
        0.30026936531066895,
        0.27699166536331177,
        0.27720725536346436,
        0.2729158401489258,
        0.30029869079589844
    ],
    "val_loss": [
        0.0042446633114767585,
        0.003924031358399837,
        0.0036619410291984142,
        0.0037297266370636952,
        0.0036153764263626266,
        0.003610147777475792,
        0.0034103835640113345,
        0.0034701409525566287,
        0.004172347044612435,
        0.0033648711836916935,
        0.0035607172381936863,
        0.003530498979204475,
        0.003577361403019737,
        0.00376697358135938,
        0.0034726884272351538,
        0.0036031062866514214,
        0.0034752346375595323,
        0.00353418732303188,
        0.0037266526317639315,
        0.0037377444768270894,
        0.003637420839006952,
        0.003574632374944983,
        0.0036964527791928793,
        0.0037108653627684436,
        0.003683243396444072
    ],