{
    "train_loss": [
        0.01896461266057478,
        0.004183052965110908,
        0.0038703801747596274,
        0.0037246039414315104,
        0.003543758263187872,
        0.003468621541374139,
        0.003405668745344722,
        0.0033433489263098868,
        0.0032894721312639384,
        0.0032364338175399536,
        0.003163920575951145,
        0.0031425635537673043,
        0.003061632125718063,
        0.0030963703084705765,
        0.0030279626607679884,
        0.0029760458257869493,
        0.0029326372681885943,
        0.0028928263109258383,
        0.002830343627753434,
        0.00282716227011297,
        0.00274371121565399
    ],
    "train_mae": [
        0.09217343479394913,
        0.05075136944651604,
        0.04872078076004982,
        0.0475374236702919,
        0.046269189566373825,
        0.045799147337675095,
        0.0452888123691082,
        0.04474806413054466,
        0.04470424726605415,
        0.04406799003481865,
        0.04373987391591072,
        0.043333750218153,
        0.042706966400146484,
        0.04298827797174454,
        0.04265783727169037,
        0.04236161708831787,
        0.04194318875670433,
        0.04155002534389496,
        0.04114149510860443,
        0.04118604585528374,
        0.040499866008758545
    ],
    "train_mse": [
        0.018964610993862152,
        0.0041830530390143394,
        0.0038703803438693285,
        0.0037246039137244225,
        0.0035437585320323706,
        0.0034686215221881866,
        0.0034056687727570534,
        0.003343349089846015,
        0.0032894720789045095,
        0.0032364337239414454,
        0.0031639207154512405,
        0.0031425636261701584,
        0.0030616321600973606,
        0.0030963700264692307,
        0.003027962753549218,
        0.002976045710965991,
        0.0029326369985938072,
        0.0028928264509886503,
        0.0028303435537964106,
        0.002827162155881524,
        0.0027437114622443914
    ],
    "train_rmse": [
        0.13771206140518188,
        0.06467652320861816,
        0.06221238151192665,
        0.06102953478693962,
        0.05952947586774826,
        0.05889500305056572,
        0.05835810676217079,
        0.05782170221209526,
        0.0573539212346077,
        0.05688966438174248,
        0.056248739361763,
        0.056058574467897415,
        0.055332016199827194,
        0.055645037442445755,
        0.05502692610025406,
        0.05455314740538597,
        0.05415382608771324,
        0.05378500372171402,
        0.05320097506046295,
        0.0531710647046566,
        0.05238045006990433
    ],
    "train_r2": [
        0.10850781202316284,
        0.803362250328064,
        0.8180603981018066,
        0.8249130845069885,
        0.8334143161773682,
        0.8369463682174683,
        0.8399056792259216,
        0.8428351879119873,
        0.8453678488731384,
        0.847861111164093,
        0.8512698411941528,
        0.8522737622261047,
        0.8560782074928284,
        0.854445219039917,
        0.8576609492301941,
        0.8601014614105225,
        0.862142026424408,
        0.8640134334564209,
        0.8669506311416626,
        0.8671002388000488,
        0.8710230588912964
    ],
    "train_mape": [
        29.350322723388672,
        17.405887603759766,
        16.636245727539062,
        16.162630081176758,
        15.698507308959961,
        15.53467845916748,
        15.31026840209961,
        14.983193397521973,
        14.908209800720215,
        14.764656066894531,
        14.48043155670166,
        14.444478034973145,
        14.200580596923828,
        14.08984088897705,
        14.123055458068848,
        14.003872871398926,
        13.796651840209961,
        13.677962303161621,
        13.498771667480469,
        13.382589340209961,
        13.260412216186523
    ],
    "train_smape": [
        28.770442962646484,
        14.97012996673584,
        14.39385986328125,
        14.028038024902344,
        13.670496940612793,
        13.542604446411133,
        13.394379615783691,
        13.174783706665039,
        13.171627044677734,
        13.018094062805176,
        12.89394474029541,
        12.792963981628418,
        12.587263107299805,
        12.624794006347656,
        12.595520973205566,
        12.50144100189209,
        12.348984718322754,
        12.258700370788574,
        12.129837036132812,
        12.105268478393555,
        11.932096481323242
    ],
    "train_explained_variance": [
        0.134324312210083,
        0.8033683896064758,
        0.8180603981018066,
        0.8249133825302124,
        0.833415150642395,
        0.8369499444961548,
        0.8399067521095276,
        0.8428351879119873,
        0.8453686237335205,
        0.8478611707687378,
        0.8512698411941528,
        0.8522753715515137,
        0.8560782074928284,
        0.85444575548172,
        0.8576610088348389,
        0.860101580619812,
        0.8621422648429871,
        0.864013671875,
        0.8669508695602417,
        0.8671002984046936,
        0.8710231781005859
    ],
    "train_peak_error": [
        0.8729150891304016,
        0.354836642742157,
        0.339877724647522,
        0.33565670251846313,
        0.34073406457901,
        0.33724480867385864,
        0.3299594521522522,
        0.29736119508743286,
        0.28800809383392334,
        0.3207431435585022,
        0.3366187810897827,
        0.3036091923713684,
        0.32050973176956177,
        0.31186139583587646,
        0.30428075790405273,
        0.2824970483779907,
        0.2795368432998657,
        0.27915653586387634,
        0.3175646662712097,
        0.29149359464645386,
        0.27826976776123047
    ],
    "val_loss": [
        0.004574322306865947,
        0.0036060567168358097,
        0.003577240197885808,
        0.0034070086083207414,
        0.0037068344858347726,
        0.0032267960519261874,
        0.003230376172067075,
        0.003253417479631444,
        0.0032259884668286326,
        0.0033895627196824595,
        0.003196853379611757,
        0.0032828661272798084,
        0.003455120898789907,
        0.003691711254927109,
        0.0034775458715802475,
        0.003650044362737442,
        0.003265358052960188,
        0.0032524793673467506,
        0.0032949642460833456,
        0.0034902733264544562,
        0.0034626857494506583
    ],
    "val_mae": [
        0.05343509465456009,
        0.047377459704875946,
        0.04719908908009529,
        0.04626717045903206,
        0.04845523089170456,
        0.04513010010123253,
        0.04523296281695366,
        0.045312948524951935,
        0.045235082507133484,
        0.04635746404528618,
        0.04524441808462143,
        0.045518260449171066,
        0.046877555549144745,
        0.04877723380923271,
        0.04698698967695236,
        0.04840113967657089,
        0.04563462361693382,
        0.04555869475007057,
        0.045913949608802795,
        0.04748830944299698,
        0.047556862235069275
    ],
    "val_mse": [
        0.0045743221417069435,
        0.003606056561693549,
        0.0035772400442510843,
        0.0034070087131112814,
        0.0037068347446620464,
        0.003226795932278037,
        0.003230375936254859,
        0.003253417555242777,
        0.0032259884756058455,
        0.003389562712982297,
        0.0031968532130122185,
        0.003282866207882762,
        0.0034551210701465607,
        0.003691711463034153,
        0.0034775459207594395,
        0.003650044556707144,
        0.0032653582748025656,
        0.0032524792477488518,
        0.0032949643209576607,
        0.0034902733750641346,
        0.003462685737758875
    ],