{
    "train_loss": [
        0.032872691027382155,
        0.005201967405495075,
        0.005317956341367521,
        0.005328901920194081,
        0.005552622467872806,
        0.005245678695745141,
        0.005359663531683246,
        0.005039617393572269,
        0.005468236529098437,
        0.005525934746434693,
        0.00521158026024358,
        0.005117920298277877,
        0.004598126257606308,
        0.004656365227153798,
        0.004661348314437274,
        0.004683810387084119,
        0.004750882094368615,
        0.0046286125964721874,
        0.004658877126488177,
        0.004672599996801644,
        0.004937465774792085,
        0.004665993262787181,
        0.004865429230593424,
        0.004705885635103247,
        0.004648552401706667,
        0.004768975075200974,
        0.004729294161636943,
        0.004727672760841416,
        0.0044612834050103255,
        0.004452984393513738,
        0.004470342186896225,
        0.004479066044915781
    ],
    "train_mae": [
        0.0855257585644722,
        0.056488603353500366,
        0.05722944810986519,
        0.05715956166386604,
        0.058614350855350494,
        0.056810010224580765,
        0.057357072830200195,
        0.055614273995161057,
        0.05794113129377365,
        0.058211542665958405,
        0.056544121354818344,
        0.05597315728664398,
        0.05285763368010521,
        0.05311424657702446,
        0.05330277979373932,
        0.05360747501254082,
        0.05368099361658096,
        0.05311722308397293,
        0.053398411720991135,
        0.05343985557556152,
        0.05511036887764931,
        0.05335501208901405,
        0.054502520710229874,
        0.05361023545265198,
        0.0532190278172493,
        0.053898751735687256,
        0.05371396243572235,
        0.0537102036178112,
        0.05203694850206375,
        0.05200102552771568,
        0.052216511219739914,
        0.052078571170568466
    ],
    "train_mse": [
        0.03287269175052643,
        0.005201967433094978,
        0.0053179566748440266,
        0.005328902043402195,
        0.005552622023969889,
        0.0052456785924732685,
        0.005359663628041744,
        0.005039616953581572,
        0.005468236282467842,
        0.005525934509932995,
        0.005211580079048872,
        0.0051179202273488045,
        0.004598126281052828,
        0.0046563646756112576,
        0.004661348648369312,
        0.004683810286223888,
        0.004750882275402546,
        0.004628612659871578,
        0.004658876918256283,
        0.004672599956393242,
        0.004937465768307447,
        0.00466599315404892,
        0.004865429364144802,
        0.004705885425209999,
        0.004648552741855383,
        0.0047689746133983135,
        0.004729294218122959,
        0.004727672785520554,
        0.004461283795535564,
        0.004452983848750591,
        0.004470342304557562,
        0.004479065537452698
    ],
    "train_rmse": [
        0.18130828440189362,
        0.0721246674656868,
        0.07292432337999344,
        0.07299932837486267,
        0.0745159164071083,
        0.07242705672979355,
        0.0732097253203392,
        0.07099025696516037,
        0.07394752651453018,
        0.07433663308620453,
        0.0721912756562233,
        0.07153964042663574,
        0.06780948489904404,
        0.0682375580072403,
        0.06827407330274582,
        0.06843836605548859,
        0.06892664730548859,
        0.06803391128778458,
        0.0682559683918953,
        0.06835641711950302,
        0.07026710361242294,
        0.06830807775259018,
        0.06975262612104416,
        0.06859945505857468,
        0.06818029284477234,
        0.06905776262283325,
        0.06876986473798752,
        0.06875807791948318,
        0.06679284572601318,
        0.06673067808151245,
        0.0668606162071228,
        0.06692582368850708
    ],
    "train_r2": [
        -0.5452859401702881,
        0.7554649114608765,
        0.7500124573707581,
        0.7494979500770569,
        0.7389812469482422,
        0.7534101009368896,
        0.7480518817901611,
        0.7630966901779175,
        0.742948055267334,
        0.7402358055114746,
        0.7550130486488342,
        0.7594158053398132,
        0.7838504314422607,
        0.7811127305030823,
        0.7808784246444702,
        0.779822587966919,
        0.7766696214675903,
        0.7824172973632812,
        0.7809946537017822,
        0.7803494930267334,
        0.767898678779602,
        0.780660092830658,
        0.7712849378585815,
        0.7787848114967346,
        0.7814799547195435,
        0.7758191227912903,
        0.7776844501495361,
        0.7777606248855591,
        0.7902830839157104,
        0.7906732559204102,
        0.7898572683334351,
        0.7894471883773804
    ],
    "train_mape": [
        27.18944549560547,
        18.679080963134766,
        18.838472366333008,
        19.059877395629883,
        19.51827621459961,
        18.889812469482422,
        19.279294967651367,
        18.569303512573242,
        19.414297103881836,
        19.53224754333496,
        19.052284240722656,
        18.782756805419922,
        17.826946258544922,
        17.865461349487305,
        17.797760009765625,
        17.88302230834961,
        18.039352416992188,
        17.84184455871582,
        17.888940811157227,
        17.836170196533203,
        18.45233917236328,
        17.77552604675293,
        18.42884063720703,
        18.104515075683594,
        17.914810180664062,
        18.122791290283203,
        18.0889949798584,
        18.08354949951172,
        17.453176498413086,
        17.43822479248047,
        17.450889587402344,
        17.38518714904785
    ],
    "train_smape": [
        22.493648529052734,
        16.334836959838867,
        16.477354049682617,
        16.49864387512207,
        16.936851501464844,
        16.42518424987793,
        16.66024398803711,
        16.147092819213867,
        16.774715423583984,
        16.8634090423584,
        16.40919303894043,
        16.30750274658203,
        15.509992599487305,
        15.515481948852539,
        15.540742874145508,
        15.63010025024414,
        15.687958717346191,
        15.51329517364502,
        15.565584182739258,
        15.619172096252441,
        16.03449058532715,
        15.582917213439941,
        15.898283004760742,
        15.701751708984375,
        15.527023315429688,
        15.756492614746094,
        15.705195426940918,
        15.689009666442871,
        15.247326850891113,
        15.220653533935547,
        15.271446228027344,
        15.230792999267578
    ],
    "train_explained_variance": [
        -0.5448398590087891,
        0.7555171251296997,
        0.7500624656677246,
        0.7495155334472656,
        0.7390406727790833,
        0.7534259557723999,
        0.7480771541595459,
        0.763109564781189,
        0.7429811954498291,
        0.7402772903442383,
        0.7550137639045715,
        0.7594255208969116,
        0.7838529348373413,
        0.7811129093170166,
        0.7808785438537598,
        0.7798346281051636,
        0.7766702175140381,
        0.7824295163154602,
        0.7809946537017822,
        0.780366063117981,
        0.7679057717323303,
        0.7806655764579773,
        0.7712878584861755,
        0.7787871956825256,
        0.781482994556427,
        0.7758306264877319,
        0.7777036428451538,
        0.7777609825134277,
        0.7902835607528687,
        0.7906754016876221,
        0.7898576259613037,
        0.789452075958252
    ],