{
    "train_loss": [
        0.01204221832321262,
        0.004142681587114888,
        0.00359202174504985,
        0.003286252413883965,
        0.0031911691838106045,
        0.0028779323205621074,
        0.0029824198229974315,
        0.0025092859003313004,
        0.0021972041330577344,
        0.001932235908204091,
        0.0016784366741257695,
        0.001498391707405827,
        0.0013536583265567378,
        0.001219946174818417,
        0.0011707862659582789,
        0.000534065299881947,
        0.00040888192839275806,
        0.0003521511220492831,
        0.0003619854129853383
    ],
    "train_mae": [
        0.06675643473863602,
        0.05013740807771683,
        0.04667167365550995,
        0.04457734897732735,
        0.04376140236854553,
        0.04180631414055824,
        0.04265495389699936,
        0.03894665464758873,
        0.03639614209532738,
        0.034395672380924225,
        0.03192920610308647,
        0.030148860067129135,
        0.028850264847278595,
        0.02726728655397892,
        0.026636427268385887,
        0.017900170758366585,
        0.01577329821884632,
        0.014667692594230175,
        0.014874190092086792
    ],
    "train_mse": [
        0.012042216956615448,
        0.00414268160238862,
        0.0035920217633247375,
        0.00328625226393342,
        0.0031911691185086966,
        0.0028779322747141123,
        0.0029824196826666594,
        0.002509285928681493,
        0.0021972041577100754,
        0.0019322359003126621,
        0.0016784366453066468,
        0.001498391735367477,
        0.0013536582700908184,
        0.0012199461925774813,
        0.0011707863304764032,
        0.0005340653005987406,
        0.0004088819259777665,
        0.00035215113894082606,
        0.00036198541056364775
    ],
    "train_rmse": [
        0.10973703861236572,
        0.06436366587877274,
        0.05993347615003586,
        0.05732584372162819,
        0.05649043247103691,
        0.05364636331796646,
        0.054611533880233765,
        0.05009277164936066,
        0.04687434434890747,
        0.04395720362663269,
        0.04096872732043266,
        0.038709066808223724,
        0.0367920957505703,
        0.03492772951722145,
        0.034216754138469696,
        0.023109853267669678,
        0.02022082917392254,
        0.018765689805150032,
        0.01902591437101364
    ],
    "train_r2": [
        0.4339171051979065,
        0.8052600026130676,
        0.8311455249786377,
        0.8455191850662231,
        0.8499889373779297,
        0.8647136092185974,
        0.8598018288612366,
        0.8820430040359497,
        0.896713376045227,
        0.90916907787323,
        0.9210997223854065,
        0.9295632839202881,
        0.9363669753074646,
        0.9426525235176086,
        0.9449634552001953,
        0.9748945832252502,
        0.9807791709899902,
        0.9834460020065308,
        0.9829837083816528
    ],
    "train_mape": [
        21.783039093017578,
        16.794395446777344,
        15.620417594909668,
        14.758506774902344,
        14.347237586975098,
        13.571535110473633,
        13.922243118286133,
        12.542610168457031,
        11.646734237670898,
        10.773898124694824,
        10.024714469909668,
        9.411310195922852,
        8.893702507019043,
        8.371990203857422,
        8.311491966247559,
        5.483307838439941,
        4.839762210845947,
        4.466041564941406,
        4.5890069007873535
    ],
    "train_smape": [
        19.053497314453125,
        14.805099487304688,
        13.869087219238281,
        13.161879539489746,
        12.977771759033203,
        12.355611801147461,
        12.627467155456543,
        11.53490924835205,
        10.691987991333008,
        10.132011413574219,
        9.426687240600586,
        8.94138240814209,
        8.548744201660156,
        8.084772109985352,
        7.9992475509643555,
        5.364826679229736,
        4.798312187194824,
        4.41608190536499,
        4.540497779846191
    ],
    "train_explained_variance": [
        0.4339258074760437,
        0.805263340473175,
        0.8311469554901123,
        0.8455208539962769,
        0.8499895334243774,
        0.8647163510322571,
        0.8598087430000305,
        0.8820436596870422,
        0.8967139720916748,
        0.9091755151748657,
        0.9211000204086304,
        0.9295632839202881,
        0.9363695979118347,
        0.9426526427268982,
        0.9449635148048401,
        0.9748945832252502,
        0.9807791709899902,
        0.9834460020065308,
        0.9829838871955872
    ],
    "train_peak_error": [
        1.5769352912902832,
        0.34700673818588257,
        0.32463395595550537,
        0.2913801074028015,
        0.276614248752594,
        0.2799193859100342,
        0.2715139091014862,
        0.24417662620544434,
        0.2641243040561676,
        0.21097791194915771,
        0.21883440017700195,
        0.22686928510665894,
        0.20147225260734558,
        0.22142118215560913,
        0.17657312750816345,
        0.1298755407333374,
        0.11587575078010559,
        0.10160017013549805,
        0.08895361423492432
    ],
    "val_loss": [
        0.004295459535046608,
        0.0034876879825250064,
        0.0034314212606375593,
        0.003132877521277171,
        0.003445064842151545,
        0.0034570615608647145,
        0.004121647771555099,
        0.0038278641317897348,
        0.0038504347640672607,
        0.004561492596558637,
        0.004344472081313352,
        0.0046062626914127915,
        0.005031126287176187,
        0.004556566560439926,
        0.004860221451590601,
        0.005097208110843417,
        0.004617994880745951,
        0.00459882944641407,
        0.005005259306417952
    ],
    "val_mae": [
        0.051649950444698334,
        0.046307213604450226,
        0.0463092066347599,
        0.04446995258331299,
        0.04685581848025322,
        0.04697940871119499,
        0.05170050263404846,
        0.0487581230700016,
        0.0494973324239254,
        0.054369762539863586,
        0.05221807584166527,
        0.054663658142089844,
        0.057576488703489304,
        0.054436586797237396,
        0.05602257698774338,
        0.05757827311754227,
        0.05498814582824707,
        0.054854247719049454,
        0.05748331546783447
    ],
    "val_mse": [
        0.004295459482818842,
        0.0034876877907663584,
        0.0034314212389290333,
        0.00313287740573287,
        0.0034450648818165064,
        0.0034570617135614157,
        0.00412164768204093,
        0.0038278643041849136,
        0.003850434673950076,
        0.004561492707580328,
        0.004344472195953131,
        0.004606262780725956,
        0.005031126085668802,
        0.004556566476821899,
        0.00486022187396884,
        0.005097208544611931,
        0.0046179951168596745,
        0.0045988294295966625,
        0.005005259532481432
    ],
    "val_rmse": [
        0.06553975492715836,
        0.05905665084719658,
        0.058578334748744965,
        0.05597211420536041,
        0.05869467556476593,
        0.05879678204655647,
        0.06420005857944489,
        0.06186973676085472,
        0.06205186992883682,
        0.06753882020711899,
        0.06591261178255081,
        0.06786945462226868,
        0.07093042880296707,
        0.06750234216451645,
        0.06971529126167297,
        0.07139473408460617,
        0.06795582920312881,
        0.0678146705031395,
        0.07074785977602005
    ],