{
    "train_loss": [
        0.013260561747341193,
        0.004583152585315839,
        0.004228992510672939,
        0.003977078373635775,
        0.00386140370342333,
        0.0037390493100453526,
        0.0036347969446945644,
        0.0036020463315973895,
        0.00346547954331319,
        0.003441640100729555,
        0.003353257337226025,
        0.0032917758107083753,
        0.0032923279261349,
        0.0032213494040525138,
        0.0031295268626390367,
        0.003046941522152794,
        0.003065688606125027,
        0.002975933161158051,
        0.0029405903625628394,
        0.002920949509248801,
        0.0028727872208258575,
        0.002805911597592885,
        0.0027743134137572303,
        0.002682840917661395,
        0.002654623350203346,
        0.002609406065207375,
        0.002583120460619333,
        0.0025582073664959164,
        0.002510792973188394,
        0.0023428408628067463,
        0.0023112368421809785,
        0.002296326897813515,
        0.0022986965535682553
    ],
    "train_mae": [
        0.08177406340837479,
        0.053304653614759445,
        0.0509648434817791,
        0.04951935261487961,
        0.048505999147892,
        0.047893259674310684,
        0.04715607315301895,
        0.046992864459753036,
        0.04596422612667084,
        0.04589861258864403,
        0.04530041664838791,
        0.04487770050764084,
        0.0448613241314888,
        0.04420670494437218,
        0.043689560145139694,
        0.04311412200331688,
        0.043210431933403015,
        0.04256420210003853,
        0.04222477972507477,
        0.04220235347747803,
        0.041627753525972366,
        0.04122345894575119,
        0.040927987545728683,
        0.040277495980262756,
        0.04017215222120285,
        0.03978315740823746,
        0.03944839537143707,
        0.03926384076476097,
        0.03879822790622711,
        0.037621211260557175,
        0.03727443143725395,
        0.037157557904720306,
        0.03701762482523918
    ],
    "train_mse": [
        0.013260561041533947,
        0.00458315247669816,
        0.0042289928533136845,
        0.003977078013122082,
        0.0038614035584032536,
        0.003739049658179283,
        0.003634796943515539,
        0.0036020465195178986,
        0.0034654797054827213,
        0.0034416401758790016,
        0.003353257430717349,
        0.003291775705292821,
        0.0032923277467489243,
        0.003221349325031042,
        0.003129526972770691,
        0.003046941477805376,
        0.0030656885355710983,
        0.0029759330209344625,
        0.0029405904933810234,
        0.002920949598774314,
        0.0028727874159812927,
        0.0028059117030352354,
        0.002774313325062394,
        0.0026828411500900984,
        0.0026546234730631113,
        0.0026094058994203806,
        0.0025831202510744333,
        0.0025582073722034693,
        0.0025107930414378643,
        0.002342840889468789,
        0.0023112369235605,
        0.0022963269148021936,
        0.002298696432262659
    ],
    "train_rmse": [
        0.11515451222658157,
        0.06769898533821106,
        0.06503070890903473,
        0.0630640760064125,
        0.062140192836523056,
        0.061147768050432205,
        0.060289278626441956,
        0.06001705303788185,
        0.058868326246738434,
        0.05866549536585808,
        0.05790731683373451,
        0.05737399682402611,
        0.05737880989909172,
        0.05675693228840828,
        0.055942174047231674,
        0.05519910901784897,
        0.055368661880493164,
        0.054552111774683,
        0.05422721058130264,
        0.05404581129550934,
        0.05359838902950287,
        0.05297085642814636,
        0.05267174914479256,
        0.05179614946246147,
        0.05152303725481033,
        0.051082342863082886,
        0.05082440748810768,
        0.05057872459292412,
        0.050107814371585846,
        0.048402901738882065,
        0.04807532578706741,
        0.04792000353336334,
        0.04794472083449364
    ],
    "train_r2": [
        0.37664490938186646,
        0.7845542430877686,
        0.801202654838562,
        0.8130447268486023,
        0.8184823989868164,
        0.8242340087890625,
        0.8291347622871399,
        0.8306742906570435,
        0.8370940685272217,
        0.8382146954536438,
        0.8423694372177124,
        0.8452595472335815,
        0.8452336192131042,
        0.8485701680183411,
        0.8528866171836853,
        0.856768786907196,
        0.8558875322341919,
        0.8601067662239075,
        0.8617681264877319,
        0.8626914024353027,
        0.8649554252624512,
        0.8680991530418396,
        0.8695845603942871,
        0.8738844990730286,
        0.8752109408378601,
        0.8773365616798401,
        0.8785721659660339,
        0.8797432780265808,
        0.8819721341133118,
        0.8898673057556152,
        0.8913528919219971,
        0.8920538425445557,
        0.8919424414634705
    ],
    "train_mape": [
        26.682758331298828,
        17.71002769470215,
        17.043758392333984,
        16.742328643798828,
        16.394149780273438,
        16.02666664123535,
        15.86038875579834,
        15.815814018249512,
        15.389686584472656,
        15.446969985961914,
        15.16388988494873,
        15.017520904541016,
        14.94021224975586,
        14.763200759887695,
        14.62968635559082,
        14.348199844360352,
        14.305363655090332,
        14.066579818725586,
        14.059821128845215,
        13.9559965133667,
        13.667252540588379,
        13.45229721069336,
        13.422204971313477,
        13.178046226501465,
        13.204400062561035,
        13.03538990020752,
        12.895880699157715,
        12.738638877868652,
        12.544414520263672,
        12.106650352478027,
        12.070157051086426,
        12.009258270263672,
        12.001363754272461
    ],
    "train_smape": [
        24.121051788330078,
        15.574201583862305,
        14.96104621887207,
        14.560802459716797,
        14.323894500732422,
        14.1359224319458,
        13.955947875976562,
        13.90237808227539,
        13.611534118652344,
        13.598179817199707,
        13.384485244750977,
        13.27161979675293,
        13.22784423828125,
        13.040879249572754,
        12.963814735412598,
        12.731209754943848,
        12.72558879852295,
        12.548938751220703,
        12.463895797729492,
        12.444561958312988,
        12.248448371887207,
        12.13492202758789,
        12.045768737792969,
        11.887269020080566,
        11.832793235778809,
        11.732515335083008,
        11.625346183776855,
        11.541791915893555,
        11.418035507202148,
        11.072768211364746,
        10.980696678161621,
        10.904041290283203,
        10.89648151397705
    ],
    "train_explained_variance": [
        0.383762001991272,
        0.7845550775527954,
        0.8012027740478516,
        0.8130451440811157,
        0.8184823989868164,
        0.8242348432540894,
        0.8291381001472473,
        0.8306761980056763,
        0.8370943665504456,
        0.8382149338722229,
        0.8423709869384766,
        0.8452595472335815,
        0.8452343940734863,
        0.8485708832740784,
        0.8528896570205688,
        0.8567699790000916,
        0.8558880090713501,
        0.8601075410842896,
        0.8617694973945618,
        0.8626914620399475,
        0.8649561405181885,
        0.8680996894836426,
        0.8695878386497498,
        0.8738844990730286,
        0.875211238861084,
        0.8773365616798401,
        0.8785783648490906,
        0.8797438144683838,
        0.8819722533226013,
        0.8898977637290955,
        0.8913532495498657,
        0.89205402135849,
        0.8919430375099182
    ],