{
    "train_loss": [
        0.033615544782851794,
        0.004997444951117711,
        0.005338671041524154,
        0.004582551612941783,
        0.00433778458001903,
        0.004451364951078756,
        0.004348667778159631,
        0.004260204529290808,
        0.004419829948942576,
        0.004331540669836442,
        0.004388645143789528,
        0.004375700430170907,
        0.004513210032048643,
        0.0042157867055294986,
        0.004675697066346011,
        0.004323755534086452,
        0.004450605101373215
    ],
    "train_mae": [
        0.08813873678445816,
        0.05541098117828369,
        0.05733782798051834,
        0.0529991053044796,
        0.051473695784807205,
        0.051998790353536606,
        0.05158323422074318,
        0.050747234374284744,
        0.05212413892149925,
        0.05152396112680435,
        0.05183303728699684,
        0.05178820714354515,
        0.05255371704697609,
        0.05065133422613144,
        0.0531865619122982,
        0.05137982964515686,
        0.052070315927267075
    ],
    "train_mse": [
        0.03361554443836212,
        0.004997445270419121,
        0.005338670685887337,
        0.004582551773637533,
        0.004337784834206104,
        0.004451364744454622,
        0.004348667338490486,
        0.004260204266756773,
        0.004419829696416855,
        0.0043315403163433075,
        0.0043886457569897175,
        0.004375699907541275,
        0.004513210151344538,
        0.004215786699205637,
        0.004675697069615126,
        0.004323755390942097,
        0.004450604785233736
    ],
    "train_rmse": [
        0.18334542214870453,
        0.07069261372089386,
        0.07306620478630066,
        0.06769454479217529,
        0.06586185842752457,
        0.06671854853630066,
        0.06594442576169968,
        0.06527023762464523,
        0.06648179888725281,
        0.06581443548202515,
        0.06624685227870941,
        0.06614907085895538,
        0.06718043237924576,
        0.06492909044027328,
        0.06837906688451767,
        0.06575527042150497,
        0.06671285629272461
    ],
    "train_r2": [
        -0.580206036567688,
        0.765079140663147,
        0.7490386962890625,
        0.7845824956893921,
        0.7960885763168335,
        0.7907493710517883,
        0.7955769896507263,
        0.7997354865074158,
        0.7922317981719971,
        0.7963821291923523,
        0.793697714805603,
        0.7943062782287598,
        0.7878421545028687,
        0.8018234968185425,
        0.7802039384841919,
        0.7967480421066284,
        0.7907850742340088
    ],
    "train_mape": [
        29.01517677307129,
        18.49115562438965,
        19.22369956970215,
        17.799217224121094,
        17.225543975830078,
        17.603683471679688,
        17.409379959106445,
        17.202434539794922,
        17.74666404724121,
        17.58120346069336,
        17.762060165405273,
        17.77850914001465,
        18.149208068847656,
        17.4703426361084,
        18.36795997619629,
        17.872793197631836,
        18.00198745727539
    ],
    "train_smape": [
        23.1466121673584,
        16.182777404785156,
        16.620222091674805,
        15.461694717407227,
        15.073098182678223,
        15.180161476135254,
        15.136556625366211,
        14.857266426086426,
        15.310785293579102,
        15.13766098022461,
        15.279181480407715,
        15.28516674041748,
        15.4755220413208,
        14.987176895141602,
        15.638957977294922,
        15.20679759979248,
        15.340927124023438
    ],
    "train_explained_variance": [
        -0.5798989534378052,
        0.7650879621505737,
        0.749071478843689,
        0.7846013903617859,
        0.7961053848266602,
        0.7907652258872986,
        0.7955883145332336,
        0.7997448444366455,
        0.7922356128692627,
        0.7963850498199463,
        0.7936979532241821,
        0.7943068146705627,
        0.7878434658050537,
        0.801823616027832,
        0.7802046537399292,
        0.7967489957809448,
        0.7907851934432983
    ],
    "train_peak_error": [
        3.2959718704223633,
        0.3469991087913513,
        0.4674329161643982,
        0.3566676378250122,
        0.35505223274230957,
        0.3622674345970154,
        0.3467850089073181,
        0.4027784466743469,
        0.3746683597564697,
        0.3746058940887451,
        0.4168736934661865,
        0.3670217990875244,
        0.3725259304046631,
        0.42002230882644653,
        0.4160636067390442,
        0.40115463733673096,
        0.44325506687164307
    ],
    "val_loss": [
        0.005407410569006591,
        0.0035670079846310317,
        0.004179160103148265,
        0.003535857678796399,
        0.0036888322427788443,
        0.004730165668046303,
        0.0034955901870162313,
        0.003549837635682641,
        0.0037616940410204716,
        0.004071017371678203,
        0.00394768225735978,
        0.004315400290363234,
        0.0036990304563944932,
        0.0038298910960099467,
        0.005140410829134447,
        0.003984351205713243,
        0.0038961597358834724
    ],
    "val_mae": [
        0.05818120390176773,
        0.0471089705824852,
        0.05095300450921059,
        0.047384291887283325,
        0.048270825296640396,
        0.054359424859285355,
        0.04696357622742653,
        0.04805995151400566,
        0.04824403300881386,
        0.050927985459566116,
        0.05011539161205292,
        0.0522138811647892,
        0.04834945499897003,
        0.04897354543209076,
        0.05786041542887688,
        0.049937762320041656,
        0.04887907952070236
    ],
    "val_mse": [
        0.005407410673797131,
        0.0035670080687850714,
        0.004179160110652447,
        0.003535857889801264,
        0.0036888322792947292,
        0.004730165936052799,
        0.0034955900628119707,
        0.0035498375073075294,
        0.0037616940680891275,
        0.004071017261594534,
        0.003947682213038206,
        0.004315400030463934,
        0.003699030727148056,
        0.0038298910949379206,
        0.005140411201864481,
        0.003984351176768541,
        0.003896160051226616
    ],
    "val_rmse": [
        0.07353509962558746,
        0.059724435210227966,
        0.06464642286300659,
        0.059463080018758774,
        0.060735758394002914,
        0.0687762051820755,
        0.05912351608276367,
        0.05958051234483719,
        0.06133265048265457,
        0.0638045221567154,
        0.06283058226108551,
        0.06569170206785202,
        0.060819655656814575,
        0.06188611313700676,
        0.07169666141271591,
        0.06312171369791031,
        0.06241922825574875
    ],
    "val_r2": [
        0.6236833333969116,
        0.7517620325088501,
        0.7091607451438904,
        0.7539299130439758,
        0.7432839870452881,
        0.6708147525787354,
        0.7567322254180908,
        0.7529569864273071,
        0.738213300704956,
        0.7166866660118103,
        0.7252699136734009,
        0.6996793746948242,
        0.7425742149353027,
        0.7334673404693604,
        0.6422646045684814,
        0.7227180004119873,
        0.7288554906845093
    ],
    "val_mape": [
        27.801328659057617,
        25.74663543701172,
        26.402441024780273,
        26.133602142333984,
        25.49738311767578,
        27.36520767211914,
        25.781578063964844,
        24.81754493713379,
        25.169954299926758,
        26.22353172302246,
        28.06438446044922,
        27.898670196533203,
        26.878875732421875,
        24.06670570373535,
        34.363887786865234,
        27.075305938720703,
        24.558509826660156
    ],