{
    "train_loss": [
        0.010975697548777663,
        0.004636856423649542,
        0.004455393077032841,
        0.004556130016339856,
        0.004504190972614002,
        0.004260119214009364,
        0.004248673674718123,
        0.004381077036210968,
        0.004385001609979301,
        0.004354035104415382,
        0.004312345351316854,
        0.004272064409148095,
        0.004338129912639724,
        0.004273551299401457,
        0.0041467823340962775,
        0.004089262253183703,
        0.004061259056481894,
        0.0041781277254837774,
        0.004089137579675942,
        0.0040907377250353665,
        0.004026924472774666,
        0.004031329982313692,
        0.004017922891287176,
        0.004047621665441532
    ],
    "train_mae": [
        0.0697045549750328,
        0.05363648757338524,
        0.05251094326376915,
        0.05288208648562431,
        0.05264952406287193,
        0.051077283918857574,
        0.05091075599193573,
        0.05184802785515785,
        0.051739245653152466,
        0.05151989310979843,
        0.051326822489500046,
        0.05087732523679733,
        0.051346682012081146,
        0.05104934051632881,
        0.05019134283065796,
        0.04975638538599014,
        0.04952934756875038,
        0.05040675029158592,
        0.049766384065151215,
        0.04993400722742081,
        0.04936021938920021,
        0.04929207265377045,
        0.049248918890953064,
        0.04935488477349281
    ],
    "train_mse": [
        0.010975697077810764,
        0.004636856727302074,
        0.004455393645912409,
        0.004556129686534405,
        0.0045041912235319614,
        0.004260119516402483,
        0.004248673561960459,
        0.0043810768984258175,
        0.004385001957416534,
        0.0043540350161492825,
        0.0043123457580804825,
        0.004272064659744501,
        0.004338129889219999,
        0.004273551050573587,
        0.004146782215684652,
        0.0040892623364925385,
        0.004061258863657713,
        0.0041781277395784855,
        0.00408913753926754,
        0.004090737551450729,
        0.004026924259960651,
        0.00403132988139987,
        0.0040179225616157055,
        0.0040476215071976185
    ],
    "train_rmse": [
        0.10476496070623398,
        0.06809446960687637,
        0.0667487382888794,
        0.06749910861253738,
        0.06711327284574509,
        0.0652695894241333,
        0.06518185138702393,
        0.066189706325531,
        0.06621934473514557,
        0.06598511338233948,
        0.06566845625638962,
        0.06536103039979935,
        0.06586448103189468,
        0.06537239998579025,
        0.06439551711082458,
        0.06394734233617783,
        0.06372800469398499,
        0.06463843584060669,
        0.06394636631011963,
        0.06395887583494186,
        0.06345804780721664,
        0.06349275261163712,
        0.06338708847761154,
        0.0636209174990654
    ],
    "train_r2": [
        0.48405230045318604,
        0.7820297479629517,
        0.7905600070953369,
        0.7858245372772217,
        0.788266122341156,
        0.7997394800186157,
        0.8002775311470032,
        0.7940534949302673,
        0.7938690185546875,
        0.7953246831893921,
        0.7972844243049622,
        0.7991779446601868,
        0.7960723638534546,
        0.79910808801651,
        0.805067241191864,
        0.8077711462974548,
        0.8090875148773193,
        0.8035937547683716,
        0.8077770471572876,
        0.807701826095581,
        0.8107015490531921,
        0.8104944229125977,
        0.8111246824264526,
        0.8097286224365234
    ],
    "train_mape": [
        23.377948760986328,
        17.94461441040039,
        17.477540969848633,
        17.88167381286621,
        17.735942840576172,
        17.271604537963867,
        17.316694259643555,
        17.745580673217773,
        17.620763778686523,
        17.80678939819336,
        17.681589126586914,
        17.486337661743164,
        17.579164505004883,
        17.461360931396484,
        17.16442108154297,
        17.020313262939453,
        16.852237701416016,
        17.3338623046875,
        17.147987365722656,
        17.078899383544922,
        16.804616928100586,
        16.804718017578125,
        16.908252716064453,
        16.850229263305664
    ],
    "train_smape": [
        20.474899291992188,
        15.640483856201172,
        15.312905311584473,
        15.447196006774902,
        15.39588451385498,
        14.995307922363281,
        14.99522590637207,
        15.303384780883789,
        15.21154499053955,
        15.256628036499023,
        15.162834167480469,
        15.062361717224121,
        15.116842269897461,
        15.033618927001953,
        14.84371566772461,
        14.681280136108398,
        14.659777641296387,
        14.883434295654297,
        14.745243072509766,
        14.757335662841797,
        14.597223281860352,
        14.57519245147705,
        14.560823440551758,
        14.577309608459473
    ],
    "train_explained_variance": [
        0.4846312999725342,
        0.7820384502410889,
        0.7905868887901306,
        0.785829484462738,
        0.7882684469223022,
        0.799741804599762,
        0.8002787828445435,
        0.7940535545349121,
        0.7938761115074158,
        0.7953255772590637,
        0.797284722328186,
        0.7991796731948853,
        0.7960734963417053,
        0.7991089224815369,
        0.8050673007965088,
        0.8077712655067444,
        0.8090875148773193,
        0.8035938143730164,
        0.8077774047851562,
        0.8077025413513184,
        0.8107032179832458,
        0.8104946613311768,
        0.8111246824264526,
        0.8097286224365234
    ],
    "train_peak_error": [
        0.8771275281906128,
        0.3605313301086426,
        0.33672916889190674,
        0.3594854474067688,
        0.36159682273864746,
        0.352485716342926,
        0.3481115698814392,
        0.3563506603240967,
        0.3221892714500427,
        0.3461261987686157,
        0.39454489946365356,
        0.36138200759887695,
        0.381335973739624,
        0.3698686361312866,
        0.37576448917388916,
        0.3932192325592041,
        0.38642340898513794,
        0.3606409430503845,
        0.37300264835357666,
        0.34131646156311035,
        0.35086286067962646,
        0.3844785690307617,
        0.38680732250213623,
        0.37414902448654175
    ],
    "val_loss": [
        0.0039047907893512424,
        0.003838769424934503,
        0.004860617151256088,
        0.003610544236638188,
        0.00387323320746127,
        0.004093219546212567,
        0.00362906168141275,
        0.004555845829664911,
        0.0037839184854206423,
        0.004657269142795917,
        0.0037734793893751694,
        0.007067037856460904,
        0.004022939534281655,
        0.0034925545645180904,
        0.003767223575809073,
        0.0035538964981896627,
        0.0036386679387617883,
        0.004276164543191842,
        0.004084432752762767,
        0.00425866743938314,
        0.0037344800486906076,
        0.004548954523751418,
        0.0037170789267519395,
        0.004519550005282215
    ],
    "val_mae": [
        0.04968494176864624,
        0.04869218170642853,
        0.05645246431231499,
        0.04740273952484131,
        0.04968234524130821,
        0.05074486508965492,
        0.04777739942073822,
        0.0534568689763546,
        0.049021974205970764,
        0.05433254688978195,
        0.04883979633450508,
        0.06947175413370132,
        0.04988594353199005,
        0.046211425215005875,
        0.04918130487203598,
        0.047180891036987305,
        0.04715581610798836,
        0.051259011030197144,
        0.05049827694892883,
        0.051147397607564926,
        0.04833529144525528,
        0.05338340997695923,
        0.04752268269658089,
        0.0539456382393837
    ],