{
    "train_loss": [
        0.018784984167772856,
        0.004743323315932638,
        0.004081793781659322,
        0.0037736184789998193,
        0.003608098062471718,
        0.003482972135804212,
        0.003431228337360771,
        0.0033618691212010283,
        0.003346093336075445,
        0.00327873346406509,
        0.003249625030600927,
        0.0032202878074405594,
        0.003168365850145166,
        0.003178503412477023,
        0.0031476136782424284,
        0.003140839992571459,
        0.0030969939568049032,
        0.0030763960831282737,
        0.0030535152953172534,
        0.003079407287978938,
        0.00302362954477143,
        0.00305327512299204,
        0.0030062081567091624,
        0.002974570559916315,
        0.002967946702814432,
        0.002972550968879538,
        0.002965913324527136,
        0.0029364712822516517,
        0.0029235582886395993,
        0.0029222760518862966,
        0.0029410893523147902,
        0.0029119210053950855,
        0.0029028546766772744,
        0.002889028857276144
    ],
    "train_mae": [
        0.09537346661090851,
        0.0536544993519783,
        0.04973243549466133,
        0.047877587378025055,
        0.04667690396308899,
        0.045718003064394,
        0.045504335314035416,
        0.04497154429554939,
        0.04480560123920441,
        0.04441197216510773,
        0.04409848526120186,
        0.043969713151454926,
        0.0435422882437706,
        0.04364407807588577,
        0.04347095265984535,
        0.043431300669908524,
        0.04305194690823555,
        0.04290919005870819,
        0.04285033419728279,
        0.042841508984565735,
        0.04254944995045662,
        0.04284157603979111,
        0.04230112582445145,
        0.04216143116354942,
        0.042135752737522125,
        0.042054492980241776,
        0.04202759265899658,
        0.041892219334840775,
        0.041757646948099136,
        0.041701313108205795,
        0.041951391845941544,
        0.04173377901315689,
        0.0415542870759964,
        0.04151005670428276
    ],
    "train_mse": [
        0.018784984946250916,
        0.004743323195725679,
        0.004081794060766697,
        0.0037736184895038605,
        0.0036080980207771063,
        0.0034829718060791492,
        0.003431228455156088,
        0.0033618691377341747,
        0.003346093464642763,
        0.0032787334639579058,
        0.003249624976888299,
        0.003220287850126624,
        0.0031683656852692366,
        0.0031785033643245697,
        0.0031476139556616545,
        0.003140839748084545,
        0.003096994012594223,
        0.0030763959512114525,
        0.0030535152181982994,
        0.0030794073827564716,
        0.003023629542440176,
        0.0030532751698046923,
        0.003006207989528775,
        0.0029745704960078,
        0.002967946697026491,
        0.0029725509230047464,
        0.002965913387015462,
        0.002936471253633499,
        0.0029235584661364555,
        0.00292227603495121,
        0.00294108921661973,
        0.0029119206592440605,
        0.002902854699641466,
        0.0028890289831906557
    ],
    "train_rmse": [
        0.1370583325624466,
        0.06887178868055344,
        0.06388892233371735,
        0.06142978370189667,
        0.060067445039749146,
        0.05901670828461647,
        0.058576688170433044,
        0.05798162892460823,
        0.057845428586006165,
        0.05726022645831108,
        0.05700548365712166,
        0.05674758180975914,
        0.05628823861479759,
        0.05637821555137634,
        0.056103602051734924,
        0.056043196469545364,
        0.05565064400434494,
        0.05546526983380318,
        0.0552586205303669,
        0.05549240857362747,
        0.05498753860592842,
        0.055256448686122894,
        0.05482889711856842,
        0.054539624601602554,
        0.05447886511683464,
        0.0545211061835289,
        0.054460201412439346,
        0.05418921634554863,
        0.054069940000772476,
        0.05405807867646217,
        0.05423181131482124,
        0.05396221578121185,
        0.05387814715504646,
        0.0537496879696846
    ],
    "train_r2": [
        0.1169518232345581,
        0.7770249247550964,
        0.8081222176551819,
        0.822609007358551,
        0.8303898572921753,
        0.8362717628479004,
        0.8387041687965393,
        0.841964602470398,
        0.8427062034606934,
        0.8458726406097412,
        0.8472409844398499,
        0.8486200571060181,
        0.8510608673095703,
        0.8505842685699463,
        0.8520363569259644,
        0.8523547649383545,
        0.8544158935546875,
        0.8553841710090637,
        0.8564597368240356,
        0.8552426099777222,
        0.8578646183013916,
        0.856471061706543,
        0.8586835861206055,
        0.860170841217041,
        0.8604822158813477,
        0.8602657318115234,
        0.8605777621269226,
        0.8619617819786072,
        0.8625687956809998,
        0.8626290559768677,
        0.8617447018623352,
        0.8631158471107483,
        0.8635420203208923,
        0.8641919493675232
    ],
    "train_mape": [
        30.532751083374023,
        17.696590423583984,
        16.59759521484375,
        16.028841018676758,
        15.587589263916016,
        15.272384643554688,
        15.249106407165527,
        15.032121658325195,
        15.053464889526367,
        14.829020500183105,
        14.763912200927734,
        14.673720359802246,
        14.571693420410156,
        14.579169273376465,
        14.502652168273926,
        14.50011920928955,
        14.281660079956055,
        14.372960090637207,
        14.253509521484375,
        14.266111373901367,
        14.19334888458252,
        14.229476928710938,
        14.02767562866211,
        13.961163520812988,
        14.01657772064209,
        14.025567054748535,
        13.907451629638672,
        13.970062255859375,
        13.864606857299805,
        13.86070442199707,
        13.896122932434082,
        13.872774124145508,
        13.799142837524414,
        13.791598320007324
    ],
    "train_smape": [
        28.46869468688965,
        15.482148170471191,
        14.527194023132324,
        14.110382080078125,
        13.770752906799316,
        13.516700744628906,
        13.479913711547852,
        13.308255195617676,
        13.241336822509766,
        13.122628211975098,
        13.024795532226562,
        13.020637512207031,
        12.884778022766113,
        12.932938575744629,
        12.859207153320312,
        12.86461353302002,
        12.712346076965332,
        12.713286399841309,
        12.666158676147461,
        12.684932708740234,
        12.592453956604004,
        12.659704208374023,
        12.507568359375,
        12.470795631408691,
        12.495875358581543,
        12.4727144241333,
        12.432872772216797,
        12.40179443359375,
        12.366384506225586,
        12.365249633789062,
        12.419384956359863,
        12.3717622756958,
        12.316986083984375,
        12.317939758300781
    ],