{
    "train_loss": [
        0.03570309610532965,
        0.004723571790917115,
        0.004521457923753947,
        0.004035767654469296,
        0.0042409433327621265,
        0.004050060340851487,
        0.004305804538359294,
        0.00419802123279092,
        0.004022424446186506,
        0.004098216652341118,
        0.0039681413895084495,
        0.003990334382334085,
        0.004046424147784959,
        0.004204867866829411,
        0.0038688919669994074,
        0.00408895321909884,
        0.004139361514984603,
        0.003986771867907093,
        0.0041169239942206075,
        0.004281186929849582,
        0.003497927479092441,
        0.0033655863301539106,
        0.003311334187498245,
        0.003296210129576168
    ],
    "train_mae": [
        0.07724559307098389,
        0.05365266650915146,
        0.05249917879700661,
        0.04961193725466728,
        0.050748419016599655,
        0.0497191958129406,
        0.05150844529271126,
        0.050563961267471313,
        0.049361199140548706,
        0.05007299408316612,
        0.04893239960074425,
        0.04922490939497948,
        0.049530625343322754,
        0.050509221851825714,
        0.048200611025094986,
        0.04975747689604759,
        0.05027073994278908,
        0.04921538755297661,
        0.050058890134096146,
        0.05107755586504936,
        0.0456697978079319,
        0.044797662645578384,
        0.04431414604187012,
        0.04421362280845642
    ],
    "train_mse": [
        0.03570309653878212,
        0.004723571706563234,
        0.004521457944065332,
        0.004035767633467913,
        0.004240943118929863,
        0.004050060641020536,
        0.004305804613977671,
        0.004198021255433559,
        0.004022424109280109,
        0.004098216537386179,
        0.003968141507357359,
        0.0039903344586491585,
        0.004046423826366663,
        0.004204867407679558,
        0.0038688918575644493,
        0.004088953137397766,
        0.004139361437410116,
        0.003986771684139967,
        0.004116923548281193,
        0.004281186498701572,
        0.003497927449643612,
        0.0033655862789601088,
        0.0033113344106823206,
        0.0032962101977318525
    ],
    "train_rmse": [
        0.18895262479782104,
        0.0687282457947731,
        0.06724178791046143,
        0.06352768838405609,
        0.06512252241373062,
        0.06364008784294128,
        0.06561862677335739,
        0.06479214131832123,
        0.06342258304357529,
        0.06401731073856354,
        0.06299318373203278,
        0.06316909193992615,
        0.06361150741577148,
        0.06484495103359222,
        0.06220041587948799,
        0.06394492089748383,
        0.06433787196874619,
        0.0631408840417862,
        0.06416326016187668,
        0.06543077528476715,
        0.05914327874779701,
        0.0580136738717556,
        0.05754419416189194,
        0.057412631809711456
    ],
    "train_r2": [
        -0.6783380508422852,
        0.7779533863067627,
        0.7874544262886047,
        0.8102858662605286,
        0.8006409406661987,
        0.8096139430999756,
        0.7975919246673584,
        0.8026586174964905,
        0.8109130859375,
        0.8073502779006958,
        0.8134648203849792,
        0.8124215602874756,
        0.8097848892211914,
        0.8023367524147034,
        0.818130373954773,
        0.80778568983078,
        0.8054161071777344,
        0.8125890493392944,
        0.8064708709716797,
        0.7987491488456726,
        0.8355687856674194,
        0.8417898416519165,
        0.8443401455879211,
        0.845051109790802
    ],
    "train_mape": [
        25.59733772277832,
        17.81658935546875,
        17.412158966064453,
        16.730791091918945,
        16.906824111938477,
        16.624576568603516,
        17.324520111083984,
        17.015777587890625,
        16.548513412475586,
        16.7757625579834,
        16.49375343322754,
        16.534820556640625,
        16.5896053314209,
        17.04140281677246,
        16.357624053955078,
        16.674497604370117,
        16.876596450805664,
        16.664602279663086,
        16.686519622802734,
        17.107053756713867,
        15.531514167785645,
        15.216914176940918,
        14.981605529785156,
        14.937329292297363
    ],
    "train_smape": [
        20.38306427001953,
        15.556547164916992,
        15.302258491516113,
        14.532238006591797,
        14.819116592407227,
        14.557464599609375,
        15.092761993408203,
        14.835864067077637,
        14.425518989562988,
        14.63632583618164,
        14.383996963500977,
        14.43301010131836,
        14.4832181930542,
        14.786828994750977,
        14.227208137512207,
        14.577153205871582,
        14.71550464630127,
        14.496417045593262,
        14.624320983886719,
        14.903168678283691,
        13.523015022277832,
        13.270987510681152,
        13.130988121032715,
        13.109869003295898
    ],
    "train_explained_variance": [
        -0.6763559579849243,
        0.7779535055160522,
        0.7874574065208435,
        0.8102864623069763,
        0.800647497177124,
        0.8096142411231995,
        0.7976087927818298,
        0.8026668429374695,
        0.8109137415885925,
        0.8073604702949524,
        0.813469648361206,
        0.8124235272407532,
        0.8097865581512451,
        0.8023399114608765,
        0.8181304931640625,
        0.8077866435050964,
        0.8054189682006836,
        0.8125913739204407,
        0.8064708113670349,
        0.7987505793571472,
        0.8355783820152283,
        0.8417946100234985,
        0.8443441390991211,
        0.8450515866279602
    ],
    "train_peak_error": [
        4.182576656341553,
        0.363297700881958,
        0.36525052785873413,
        0.3078465461730957,
        0.38471519947052,
        0.3760445713996887,
        0.35008704662323,
        0.37506163120269775,
        0.38304221630096436,
        0.394534707069397,
        0.305727481842041,
        0.4073646664619446,
        0.3761662244796753,
        0.39500266313552856,
        0.372697114944458,
        0.4456348419189453,
        0.3629186153411865,
        0.3568798303604126,
        0.3921167850494385,
        0.3529645502567291,
        0.3694916367530823,
        0.3575400710105896,
        0.3402990698814392,
        0.33853036165237427
    ],
    "val_loss": [
        0.00571220916662392,
        0.004550148547231722,
        0.003579512692371504,
        0.004178392705139067,
        0.0038173477330894993,
        0.0034647110416118404,
        0.0041944275795073385,
        0.004322089374119001,
        0.0031702013071224413,
        0.003376532950297856,
        0.003506059548315063,
        0.003204483244929918,
        0.004405764432644083,
        0.00406395043782461,
        0.0034255878848070613,
        0.0032093143572012404,
        0.00584787912720399,
        0.00347138473395553,
        0.0034521019748887786,
        0.003628431327386404,
        0.0032508461684216377,
        0.003321259755024807,
        0.003186727522322975,
        0.003175197342919896
    ],
    "val_mae": [
        0.06174357607960701,
        0.05382143333554268,
        0.04717806726694107,
        0.05163789540529251,
        0.04900309443473816,
        0.04681094363331795,
        0.05136994644999504,
        0.05194007605314255,
        0.04464999958872795,
        0.04605992138385773,
        0.04693727195262909,
        0.045007843524217606,
        0.0521325059235096,
        0.05059409514069557,
        0.04636133089661598,
        0.04470457136631012,
        0.06309352070093155,
        0.04649551212787628,
        0.04626605659723282,
        0.047744374722242355,
        0.04515752196311951,
        0.0455012246966362,
        0.04468096047639847,
        0.04457291588187218
    ],