{
    "train_loss": [
        0.021339482604603693,
        0.0050045873417580876,
        0.0045157643244599106,
        0.004489214619528813,
        0.004323686081742456,
        0.004019403183100269,
        0.004398010850739108,
        0.004004835574593473,
        0.004200539947291803,
        0.004158928338148875,
        0.004231997182237863,
        0.004143433901028478,
        0.004153447863167275,
        0.0043244188007158955,
        0.0035402121822794433,
        0.0034752068549157946,
        0.0034486935195835802,
        0.0034165426864508366
    ],
    "train_mae": [
        0.07299593836069107,
        0.05541099235415459,
        0.05270954221487045,
        0.05249834433197975,
        0.05138685181736946,
        0.04965614154934883,
        0.05179295688867569,
        0.04956505075097084,
        0.050725776702165604,
        0.05047820135951042,
        0.05078095570206642,
        0.05049252137541771,
        0.05031865835189819,
        0.051307614892721176,
        0.04594575986266136,
        0.04556707292795181,
        0.04531165212392807,
        0.045200414955616
    ],
    "train_mse": [
        0.021339481696486473,
        0.00500458711758256,
        0.004515763837844133,
        0.00448921462520957,
        0.004323686007410288,
        0.004019403364509344,
        0.004398011136800051,
        0.004004836082458496,
        0.004200540017336607,
        0.004158928524702787,
        0.004231997299939394,
        0.004143433645367622,
        0.004153448157012463,
        0.0043244194239377975,
        0.003540212055668235,
        0.003475206671282649,
        0.003448693547397852,
        0.00341654266230762
    ],
    "train_rmse": [
        0.1460803896188736,
        0.07074310630559921,
        0.06719943135976791,
        0.06700160354375839,
        0.06575474143028259,
        0.06339876353740692,
        0.06631750613451004,
        0.063283771276474,
        0.064811572432518,
        0.06448975205421448,
        0.06505380570888519,
        0.06436950713396072,
        0.06444725394248962,
        0.06576031446456909,
        0.05949968099594116,
        0.05895088240504265,
        0.05872557684779167,
        0.058451198041439056
    ],
    "train_r2": [
        -0.0031305551528930664,
        0.7647433876991272,
        0.787722110748291,
        0.7889701128005981,
        0.7967513203620911,
        0.8110551238059998,
        0.7932574152946472,
        0.8117398619651794,
        0.8025401830673218,
        0.8044962882995605,
        0.8010614514350891,
        0.8052246570587158,
        0.8047538995742798,
        0.7967168688774109,
        0.8335810303688049,
        0.8366367816925049,
        0.8378831148147583,
        0.8393945097923279
    ],
    "train_mape": [
        24.118946075439453,
        18.290185928344727,
        17.442974090576172,
        17.589008331298828,
        17.263702392578125,
        16.736371994018555,
        17.430299758911133,
        16.72421646118164,
        17.185611724853516,
        17.14508056640625,
        17.22916603088379,
        17.312917709350586,
        17.174333572387695,
        17.626224517822266,
        15.644201278686523,
        15.606088638305664,
        15.525666236877441,
        15.43553638458252
    ],
    "train_smape": [
        19.648483276367188,
        16.09737205505371,
        15.352455139160156,
        15.33108901977539,
        15.014809608459473,
        14.608390808105469,
        15.113225936889648,
        14.58873176574707,
        14.867216110229492,
        14.857749938964844,
        14.92783260345459,
        14.901077270507812,
        14.870633125305176,
        15.087868690490723,
        13.659323692321777,
        13.573993682861328,
        13.485804557800293,
        13.438193321228027
    ],
    "train_explained_variance": [
        -0.0024881362915039062,
        0.764757513999939,
        0.787733256816864,
        0.7889833450317383,
        0.7967652678489685,
        0.8110611438751221,
        0.7932621240615845,
        0.811741292476654,
        0.8025492429733276,
        0.8044968843460083,
        0.8010631799697876,
        0.8052246570587158,
        0.8047546744346619,
        0.7967175245285034,
        0.8335811495780945,
        0.8366369009017944,
        0.8378870487213135,
        0.8393945097923279
    ],
    "train_peak_error": [
        2.6468520164489746,
        0.36099469661712646,
        0.3435180187225342,
        0.36786121129989624,
        0.3588918447494507,
        0.38635116815567017,
        0.3974727988243103,
        0.37225717306137085,
        0.3436608910560608,
        0.40848278999328613,
        0.4057002067565918,
        0.35644328594207764,
        0.371746301651001,
        0.36556190252304077,
        0.36744624376296997,
        0.3518878221511841,
        0.3562777638435364,
        0.3536838889122009
    ],
    "val_loss": [
        0.0036120679509899704,
        0.0045424036362054325,
        0.0032778217316866455,
        0.004230841891438091,
        0.0037607794439942716,
        0.005810907415563254,
        0.003926192268380801,
        0.005330130002367571,
        0.0037340466658712075,
        0.004681345899890867,
        0.00496842130991838,
        0.0032851362760051442,
        0.005255303907965263,
        0.004057788424354663,
        0.0033099053741814637,
        0.0033640250464794124,
        0.0032782561916576552,
        0.0033129139565159197
    ],
    "val_mae": [
        0.04810982570052147,
        0.054247282445430756,
        0.045205533504486084,
        0.051884960383176804,
        0.04927441105246544,
        0.06168605014681816,
        0.049279406666755676,
        0.05881204083561897,
        0.04831669479608536,
        0.05415214225649834,
        0.05637437850236893,
        0.0454857163131237,
        0.05829741805791855,
        0.05053932964801788,
        0.045880984514951706,
        0.04589017480611801,
        0.045453205704689026,
        0.04569725692272186
    ],
    "val_mse": [
        0.0036120680160820484,
        0.004542403854429722,
        0.003277821699157357,
        0.0042308419942855835,
        0.003760779509320855,
        0.005810908041894436,
        0.003926192410290241,
        0.0053301299922168255,
        0.003734046593308449,
        0.004681346006691456,
        0.004968421533703804,
        0.003285136306658387,
        0.0052553038112819195,
        0.004057788290083408,
        0.003309905296191573,
        0.0033640251494944096,
        0.003278256393969059,
        0.0033129139337688684
    ],
    "val_rmse": [
        0.060100480914115906,
        0.0673973560333252,
        0.05725226551294327,
        0.06504492461681366,
        0.06132519617676735,
        0.07622931152582169,
        0.06265933811664581,
        0.0730077400803566,
        0.0611068457365036,
        0.06842036545276642,
        0.07048702985048294,
        0.05731610953807831,
        0.07249347120523453,
        0.06370077282190323,
        0.057531777769327164,
        0.058000218123197556,
        0.0572560615837574,
        0.05755791813135147
    ],
    "val_r2": [
        0.7486262321472168,
        0.6838816404342651,
        0.7718873620033264,
        0.705564022064209,
        0.7382769584655762,
        0.5956028699874878,
        0.7267654538154602,
        0.6290615797042847,
        0.7401373982429504,
        0.6742122173309326,
        0.6542338132858276,
        0.7713782787322998,
        0.6342689394950867,
        0.717607319355011,
        0.7696545720100403,
        0.7658882141113281,
        0.7718570828437805,
        0.7694451808929443
    ],