{
    "train_loss": [
        0.009546679539308218,
        0.003649599065375844,
        0.0034134007081653528,
        0.003301999554034189,
        0.003217151622723204,
        0.003120724722048053,
        0.0030926967961809066,
        0.0031523356637382077,
        0.0030353244707363052,
        0.0030093257764317047,
        0.0030354073519876044,
        0.0029706784705914938,
        0.0028989060217786237,
        0.002935574200305098,
        0.0028989736090658286,
        0.0029402736328209534,
        0.002878499869814569,
        0.002885069508567051,
        0.0027292485699693825,
        0.0026998229821401554,
        0.0026728315566409075,
        0.00268473605431489,
        0.002690722548837692,
        0.0027004179439116954,
        0.002703303776065972,
        0.0026748661887141183,
        0.0026629586769564817,
        0.0026968072860884674,
        0.0026437183418149867,
        0.0026621963816315162,
        0.002551258732136547,
        0.0025462142393815716,
        0.0025434092655128395,
        0.002535268471428681
    ],
    "train_mae": [
        0.06769739836454391,
        0.046744946390390396,
        0.045318614691495895,
        0.044527411460876465,
        0.04398821294307709,
        0.043206386268138885,
        0.04289901256561279,
        0.04366399720311165,
        0.04269176721572876,
        0.04252157732844353,
        0.042666949331760406,
        0.04218662902712822,
        0.04177483543753624,
        0.04199408367276192,
        0.04175962135195732,
        0.04209662228822708,
        0.04174437001347542,
        0.0417032465338707,
        0.04053141549229622,
        0.04023662954568863,
        0.040017858147621155,
        0.040061939507722855,
        0.04017123207449913,
        0.04018935561180115,
        0.040286775678396225,
        0.040099386125802994,
        0.039886225014925,
        0.04024660959839821,
        0.03966153785586357,
        0.03999079391360283,
        0.039092011749744415,
        0.03900165483355522,
        0.039062488824129105,
        0.03886697441339493
    ],
    "train_mse": [
        0.009546679444611073,
        0.0036495989188551903,
        0.003413400612771511,
        0.0033019992988556623,
        0.0032171516213566065,
        0.0031207248102873564,
        0.003092696890234947,
        0.0031523355282843113,
        0.00303532462567091,
        0.003009325824677944,
        0.003035407280549407,
        0.0029706782661378384,
        0.00289890612475574,
        0.002935574157163501,
        0.0028989736456424,
        0.0029402736108750105,
        0.0028784996829926968,
        0.002885069465264678,
        0.002729248721152544,
        0.0026998231187462807,
        0.002672831527888775,
        0.00268473569303751,
        0.002690722467377782,
        0.0027004180010408163,
        0.002703303936868906,
        0.002674866234883666,
        0.00266295881010592,
        0.002696807263419032,
        0.002643718384206295,
        0.0026621962897479534,
        0.002551259007304907,
        0.0025462142657488585,
        0.0025434093549847603,
        0.0025352684315294027
    ],
    "train_rmse": [
        0.0977071076631546,
        0.06041191145777702,
        0.058424316346645355,
        0.05746302381157875,
        0.05671994015574455,
        0.05586344748735428,
        0.05561202019453049,
        0.05614566430449486,
        0.055093780159950256,
        0.054857321083545685,
        0.05509452894330025,
        0.05450392886996269,
        0.0538414902985096,
        0.05418093875050545,
        0.05384211614727974,
        0.05422428995370865,
        0.05365164950489998,
        0.053712841123342514,
        0.052242211997509,
        0.051959823817014694,
        0.0516994334757328,
        0.05181443691253662,
        0.05187217518687248,
        0.05196554586291313,
        0.05199330672621727,
        0.05171911045908928,
        0.05160386487841606,
        0.05193079262971878,
        0.05141710117459297,
        0.05159647390246391,
        0.0505099892616272,
        0.050460025668144226,
        0.050432223826646805,
        0.050351448357105255
    ],
    "train_r2": [
        0.551227867603302,
        0.828438937664032,
        0.8395422101020813,
        0.8447789549827576,
        0.8487675189971924,
        0.8533003330230713,
        0.8546178936958313,
        0.8518143892288208,
        0.8573148846626282,
        0.8585370182991028,
        0.8573110103607178,
        0.8603537678718567,
        0.8637276887893677,
        0.8620039820671082,
        0.8637244701385498,
        0.8617830276489258,
        0.8646869659423828,
        0.8643780946731567,
        0.8717029690742493,
        0.8730862140655518,
        0.8743550181388855,
        0.8737953901290894,
        0.8735139966011047,
        0.8730581998825073,
        0.8729225397109985,
        0.874259352684021,
        0.8748190999031067,
        0.8732279539108276,
        0.8757236003875732,
        0.8748549222946167,
        0.88006991147995,
        0.8803070783615112,
        0.8804389238357544,
        0.8808215856552124
    ],
    "train_mape": [
        22.077360153198242,
        15.820466041564941,
        15.271409034729004,
        14.877690315246582,
        14.631535530090332,
        14.415480613708496,
        14.188610076904297,
        14.396842956542969,
        14.140425682067871,
        14.075803756713867,
        14.084280967712402,
        13.908203125,
        13.82144832611084,
        13.87755298614502,
        13.790996551513672,
        13.882279396057129,
        13.713205337524414,
        13.631547927856445,
        13.33476734161377,
        13.212725639343262,
        13.173863410949707,
        13.168176651000977,
        13.26480484008789,
        13.191197395324707,
        13.217881202697754,
        13.190362930297852,
        13.011489868164062,
        13.193032264709473,
        13.013751983642578,
        13.104330062866211,
        12.813629150390625,
        12.806510925292969,
        12.820566177368164,
        12.704163551330566
    ],
    "train_smape": [
        19.774446487426758,
        13.783401489257812,
        13.380208969116211,
        13.120979309082031,
        12.961167335510254,
        12.755126953125,
        12.681772232055664,
        12.871991157531738,
        12.606589317321777,
        12.56766128540039,
        12.594303131103516,
        12.462498664855957,
        12.358147621154785,
        12.40848159790039,
        12.35042667388916,
        12.432403564453125,
        12.34665584564209,
        12.286744117736816,
        11.980597496032715,
        11.86707878112793,
        11.854851722717285,
        11.84510326385498,
        11.900246620178223,
        11.863062858581543,
        11.915301322937012,
        11.865849494934082,
        11.769864082336426,
        11.885512351989746,
        11.704862594604492,
        11.809258460998535,
        11.574024200439453,
        11.53475284576416,
        11.54985237121582,
        11.470348358154297
    ],