{
    "train_loss": [
        0.017731602044566214,
        0.004706650165323713,
        0.004300187412409408,
        0.004014552167599314,
        0.0038244640632575516,
        0.003737875599918304,
        0.0036708734611653597,
        0.00361653823731987,
        0.0036002907540041654,
        0.0034721073855464063,
        0.0033839970672971936,
        0.003371497055558842,
        0.003298800370017887,
        0.0032547294554614763,
        0.003163841156692422,
        0.003152540004233923,
        0.0031202576039681598,
        0.0030236569503235425,
        0.0030589370785409895,
        0.0029321877340877157,
        0.0029344442243958878
    ],
    "train_mae": [
        0.08968742191791534,
        0.05367268621921539,
        0.051207058131694794,
        0.049343328922986984,
        0.04822056367993355,
        0.047526512295007706,
        0.047094911336898804,
        0.04692930355668068,
        0.046948593109846115,
        0.045937035232782364,
        0.04496254399418831,
        0.04530389606952667,
        0.04495183750987053,
        0.04449193924665451,
        0.043667543679475784,
        0.04368861764669418,
        0.04366720840334892,
        0.04300665482878685,
        0.0430123507976532,
        0.04211706295609474,
        0.042253222316503525
    ],
    "train_mse": [
        0.017731603235006332,
        0.004706649575382471,
        0.004300187341868877,
        0.004014552570879459,
        0.003824464278295636,
        0.0037378757260739803,
        0.0036708733532577753,
        0.0036165383644402027,
        0.003600290510803461,
        0.0034721072297543287,
        0.003383997129276395,
        0.003371496917679906,
        0.003298800438642502,
        0.0032547293230891228,
        0.003163841087371111,
        0.0031525399535894394,
        0.0031202577520161867,
        0.003023657016456127,
        0.003058937145397067,
        0.002932187868282199,
        0.0029344442300498486
    ],
    "train_rmse": [
        0.1331600695848465,
        0.06860502809286118,
        0.06557581573724747,
        0.06336049735546112,
        0.06184225156903267,
        0.06113816797733307,
        0.06058773398399353,
        0.060137663036584854,
        0.06000242009758949,
        0.058924589306116104,
        0.058172132819890976,
        0.05806459113955498,
        0.057435184717178345,
        0.05705023556947708,
        0.05624803155660629,
        0.05614748224616051,
        0.055859267711639404,
        0.05498778820037842,
        0.05530766025185585,
        0.05414967983961105,
        0.05417051166296005
    ],
    "train_r2": [
        0.1664692759513855,
        0.7787488698959351,
        0.7978559732437134,
        0.8112831115722656,
        0.8202188611030579,
        0.8242892026901245,
        0.8274388909339905,
        0.8299930691719055,
        0.8307568430900574,
        0.8367825150489807,
        0.8409243822097778,
        0.8415120244026184,
        0.8449293375015259,
        0.8470010757446289,
        0.8512735366821289,
        0.851804792881012,
        0.8533223271369934,
        0.8578633069992065,
        0.8562048673629761,
        0.8621631860733032,
        0.862057089805603
    ],
    "train_mape": [
        28.71416473388672,
        17.815893173217773,
        17.20319938659668,
        16.655059814453125,
        16.339221954345703,
        16.072542190551758,
        15.91186237335205,
        15.742562294006348,
        15.768508911132812,
        15.49349308013916,
        15.104714393615723,
        15.170428276062012,
        15.039764404296875,
        14.973512649536133,
        14.631491661071777,
        14.606435775756836,
        14.604276657104492,
        14.318611145019531,
        14.381210327148438,
        13.981480598449707,
        14.020625114440918
    ],
    "train_smape": [
        27.46187400817871,
        15.678274154663086,
        15.073625564575195,
        14.584024429321289,
        14.2821683883667,
        14.091568946838379,
        13.96310806274414,
        13.910537719726562,
        13.904494285583496,
        13.627632141113281,
        13.321484565734863,
        13.425880432128906,
        13.3638334274292,
        13.250799179077148,
        12.966996192932129,
        12.962553024291992,
        12.971440315246582,
        12.804730415344238,
        12.778286933898926,
        12.545350074768066,
        12.541267395019531
    ],
    "train_explained_variance": [
        0.18621909618377686,
        0.7787488698959351,
        0.7978602051734924,
        0.8112843036651611,
        0.8202195167541504,
        0.8242902755737305,
        0.8274394273757935,
        0.8299946188926697,
        0.830758273601532,
        0.8367886543273926,
        0.8409245610237122,
        0.8415120840072632,
        0.8449335098266602,
        0.8470020890235901,
        0.8512737154960632,
        0.851804792881012,
        0.8533247113227844,
        0.8578647375106812,
        0.8562048673629761,
        0.8621634244918823,
        0.8620581030845642
    ],
    "train_peak_error": [
        1.0108376741409302,
        0.3920401334762573,
        0.3636689782142639,
        0.36234527826309204,
        0.32764679193496704,
        0.3234444856643677,
        0.34750449657440186,
        0.3205872178077698,
        0.3527721166610718,
        0.34004902839660645,
        0.3139769434928894,
        0.32068926095962524,
        0.29448622465133667,
        0.3436967730522156,
        0.295468270778656,
        0.3045780658721924,
        0.29195237159729004,
        0.2823292016983032,
        0.2912297248840332,
        0.2786064147949219,
        0.3152660131454468
    ],
    "val_loss": [
        0.004290616179635521,
        0.0036937152720625988,
        0.003546203050708814,
        0.0035679912373001465,
        0.003653519373996813,
        0.003422248122959043,
        0.003410773339493723,
        0.003577170446984095,
        0.0032633111622559726,
        0.003883034428246587,
        0.003201279628304966,
        0.003355635763547993,
        0.0033305138488226443,
        0.003238494242775998,
        0.003283248407156508,
        0.0032509079879055993,
        0.003285031621243885,
        0.003304084147654956,
        0.003288037641034227,
        0.003284248659728939,
        0.0034834671525030042
    ],
    "val_mae": [
        0.05162660777568817,
        0.047865189611911774,
        0.04712923988699913,
        0.04694744199514389,
        0.048228394240140915,
        0.04635386914014816,
        0.04641890898346901,
        0.047211237251758575,
        0.045146532356739044,
        0.0490197017788887,
        0.045143164694309235,
        0.045488812029361725,
        0.04566631093621254,
        0.04524875432252884,
        0.04559130594134331,
        0.045406732708215714,
        0.04550971835851669,
        0.04540882259607315,
        0.04533527046442032,
        0.0456325002014637,
        0.04679844528436661
    ],
    "val_mse": [
        0.004290616139769554,
        0.003693715436384082,
        0.0035462030209600925,
        0.0035679915454238653,
        0.003653519554063678,
        0.003422248177230358,
        0.003410773351788521,
        0.003577170427888632,
        0.003263310994952917,
        0.0038830344565212727,
        0.003201279789209366,
        0.0033556357957422733,
        0.003330513834953308,
        0.003238494275137782,
        0.0032832485157996416,
        0.003250907873734832,
        0.0032850317656993866,
        0.0033040842972695827,
        0.003288037609308958,
        0.003284248523414135,
        0.0034834672696888447
    ],