{
    "train_loss": [
        0.007867621897307891,
        0.003551872591402852,
        0.0032825700405514366,
        0.0031437783770324077,
        0.0030876953119806714,
        0.002938088859549455,
        0.0028805367384178377,
        0.0028305554195532387,
        0.002801822485886806,
        0.0027685083687317884,
        0.00253206988126584,
        0.0025727568620166124
    ],
    "train_mae": [
        0.06319180876016617,
        0.04637136310338974,
        0.04468929395079613,
        0.04352576658129692,
        0.04314190149307251,
        0.042292241007089615,
        0.041571296751499176,
        0.041468504816293716,
        0.0411105751991272,
        0.040873195976018906,
        0.03913869708776474,
        0.03945024311542511
    ],
    "train_mse": [
        0.007867621257901192,
        0.0035518724471330643,
        0.0032825700473040342,
        0.0031437785364687443,
        0.0030876952223479748,
        0.0029380889609456062,
        0.0028805367182940245,
        0.0028305554296821356,
        0.0028018224984407425,
        0.002768508391454816,
        0.0025320700369775295,
        0.0025727569591253996
    ],
    "train_rmse": [
        0.08869960904121399,
        0.05959758907556534,
        0.057293716818094254,
        0.05606940761208534,
        0.05556703358888626,
        0.05420413985848427,
        0.05367063358426094,
        0.05320296436548233,
        0.052932243794202805,
        0.05261661857366562,
        0.05031967908143997,
        0.05072235316038132
    ],
    "train_r2": [
        0.6301573514938354,
        0.8330329060554504,
        0.8456922769546509,
        0.8522166609764099,
        0.8548530340194702,
        0.8618857264518738,
        0.8645911812782288,
        0.8669407367706299,
        0.8682913780212402,
        0.8698574304580688,
        0.8809719681739807,
        0.8790593147277832
    ],
    "train_mape": [
        20.80767059326172,
        15.644783973693848,
        14.911897659301758,
        14.470316886901855,
        14.1879301071167,
        13.935297966003418,
        13.65195083618164,
        13.535245895385742,
        13.46883773803711,
        13.196552276611328,
        12.688535690307617,
        12.778059005737305
    ],
    "train_smape": [
        18.40890121459961,
        13.69586181640625,
        13.228435516357422,
        12.840082168579102,
        12.736065864562988,
        12.531625747680664,
        12.278762817382812,
        12.274981498718262,
        12.202312469482422,
        11.978076934814453,
        11.548110008239746,
        11.644976615905762
    ],
    "train_explained_variance": [
        0.6305872201919556,
        0.8330340385437012,
        0.8456947803497314,
        0.8522171974182129,
        0.854854941368103,
        0.8618873357772827,
        0.8645937442779541,
        0.8669413328170776,
        0.8682949542999268,
        0.8698574304580688,
        0.8809758424758911,
        0.8790594935417175
    ],
    "train_peak_error": [
        0.7407506704330444,
        0.31154996156692505,
        0.36953532695770264,
        0.34427833557128906,
        0.3153952956199646,
        0.2725406289100647,
        0.29567593336105347,
        0.27983981370925903,
        0.27258166670799255,
        0.2852162718772888,
        0.2691805362701416,
        0.2635638117790222
    ],
    "val_loss": [
        0.003990349767649238,
        0.0030912463346549827,
        0.003222768156983548,
        0.0033850110430779646,
        0.003222149261407447,
        0.0033191565502595772,
        0.0034544635903452046,
        0.003451993671989591,
        0.0036641066373332585,
        0.003272404826695113,
        0.0035230190995678627,
        0.003872714082261534
    ],
    "val_mae": [
        0.050133898854255676,
        0.04385003447532654,
        0.04508522152900696,
        0.04630349949002266,
        0.04519287869334221,
        0.04526258260011673,
        0.046463411301374435,
        0.045949872583150864,
        0.048247382044792175,
        0.04524356499314308,
        0.04667593911290169,
        0.048682574182748795
    ],
    "val_mse": [
        0.00399034982547164,
        0.0030912463553249836,
        0.0032227681949734688,
        0.003385010873898864,
        0.003222149331122637,
        0.003319156588986516,
        0.003454463556408882,
        0.003451993688941002,
        0.0036641068290919065,
        0.00327240489423275,
        0.003523019375279546,
        0.003872714238241315
    ],
    "val_rmse": [
        0.0631692185997963,
        0.05559897795319557,
        0.05676943063735962,
        0.05818084627389908,
        0.05676398053765297,
        0.05761212110519409,
        0.058774683624506,
        0.05875366926193237,
        0.0605318658053875,
        0.05720493942499161,
        0.059355027973651886,
        0.06223113462328911
    ],
    "val_r2": [
        0.7223005294799805,
        0.7848716378211975,
        0.7757186889648438,
        0.7644277811050415,
        0.7757617235183716,
        0.7690107226371765,
        0.7595943212509155,
        0.7597662210464478,
        0.7450047135353088,
        0.7722643613815308,
        0.7548233270645142,
        0.7304871082305908
    ],
    "val_mape": [
        28.37974739074707,
        23.01258087158203,
        22.09393310546875,
        24.835147857666016,
        22.985271453857422,
        20.75965118408203,
        21.65041160583496,
        20.451364517211914,
        24.02994155883789,
        20.562646865844727,
        20.686830520629883,
        20.807466506958008
    ],
    "val_smape": [
        19.726102828979492,
        17.534265518188477,
        17.773906707763672,
        18.503372192382812,
        17.887706756591797,
        17.920509338378906,
        18.10195541381836,
        18.341751098632812,
        18.937068939208984,
        17.688148498535156,
        18.229188919067383,
        19.099794387817383
    ],
    "val_explained_variance": [
        0.7778055667877197,
        0.7888028621673584,
        0.775725245475769,
        0.7921420335769653,
        0.7907141447067261,
        0.7752605676651001,
        0.7595945596694946,
        0.7600152492523193,
        0.7450096607208252,
        0.7722963690757751,
        0.7549362778663635,
        0.7308857440948486
    ],
    "val_peak_error": [
        0.19918471574783325,
        0.19723454117774963,
        0.2371891438961029,
        0.19648835062980652,
        0.22414728999137878,
        0.24082213640213013,
        0.2530970275402069,
        0.19883185625076294,
        0.26462459564208984,
        0.2184484601020813,
        0.22531676292419434,
        0.23592478036880493
    ],
    "lr": [
        0.0001,
        0.0001,
        0.0001,
        0.0001,
        0.0001,
        0.0001,
        0.0001,
        0.0001,
        0.0001,
        0.0001,
        0.0001,
        0.0001
    ]
}