{
    "train_loss": [
        0.007335322711302491,
        0.003576235484956944,
        0.003357069711249662,
        0.003192573241956574,
        0.00305319043314317,
        0.0029625845294071035,
        0.002874230749540469,
        0.002792352032291953,
        0.00268619999863805,
        0.0026387151333710614,
        0.002572611202319188,
        0.0025125710963122467,
        0.0024437136689500257,
        0.0023174510553495486,
        0.0022165898934046564,
        0.0021256183198311135,
        0.0020347964320038556,
        0.0019484051901537147,
        0.0016250750917603917,
        0.0015541938516747695,
        0.0015375755309219557,
        0.0015218847660134094
    ],
    "train_mae": [
        0.06277423352003098,
        0.04648194834589958,
        0.04499925673007965,
        0.0439315140247345,
        0.04290206730365753,
        0.042323533445596695,
        0.04160483181476593,
        0.041013363748788834,
        0.04037155956029892,
        0.03992898017168045,
        0.0396261028945446,
        0.03904251754283905,
        0.03850923478603363,
        0.03742070496082306,
        0.036561377346515656,
        0.035836681723594666,
        0.03487017750740051,
        0.03429120406508446,
        0.03094898909330368,
        0.030256781727075577,
        0.030083462595939636,
        0.02991083636879921
    ],
    "train_mse": [
        0.007335322443395853,
        0.003576235380023718,
        0.0033570697996765375,
        0.0031925735529512167,
        0.0030531904194504023,
        0.0029625846073031425,
        0.002874230733141303,
        0.0027923521120101213,
        0.002686199964955449,
        0.0026387148536741734,
        0.002572611439973116,
        0.002512571169063449,
        0.0024437138345092535,
        0.0023174509406089783,
        0.0022165898699313402,
        0.0021256182808429003,
        0.0020347964018583298,
        0.0019484052900224924,
        0.001625075121410191,
        0.0015541939064860344,
        0.0015375755028799176,
        0.0015218848129734397
    ],
    "train_rmse": [
        0.08564649522304535,
        0.05980163440108299,
        0.057940226048231125,
        0.05650286376476288,
        0.05525568127632141,
        0.05442963168025017,
        0.05361185222864151,
        0.05284271016716957,
        0.05182856321334839,
        0.05136842280626297,
        0.05072091892361641,
        0.05012555420398712,
        0.049433935433626175,
        0.04813991114497185,
        0.04708067327737808,
        0.04610442742705345,
        0.04510871693491936,
        0.04414074495434761,
        0.04031221941113472,
        0.03942326456308365,
        0.039211928844451904,
        0.03901134058833122
    ],
    "train_r2": [
        0.6551797389984131,
        0.8318876028060913,
        0.8421902656555176,
        0.8499228954315186,
        0.8564749956130981,
        0.860734224319458,
        0.8648875951766968,
        0.8687365651130676,
        0.8737266063690186,
        0.8759588003158569,
        0.8790661692619324,
        0.8818885684013367,
        0.8851253986358643,
        0.8910608291625977,
        0.8958021402359009,
        0.900078535079956,
        0.9043478965759277,
        0.9084089994430542,
        0.923608124256134,
        0.9269401431083679,
        0.927721381187439,
        0.9284589290618896
    ],
    "train_mape": [
        20.591773986816406,
        15.636728286743164,
        15.17016887664795,
        14.680231094360352,
        14.359004974365234,
        14.088003158569336,
        13.811397552490234,
        13.609030723571777,
        13.34972095489502,
        13.144350051879883,
        12.998291969299316,
        12.781570434570312,
        12.605696678161621,
        12.251664161682129,
        11.926896095275879,
        11.494316101074219,
        11.181914329528809,
        11.06078815460205,
        9.948217391967773,
        9.655123710632324,
        9.57813835144043,
        9.514938354492188
    ],
    "train_smape": [
        18.012012481689453,
        13.695067405700684,
        13.280277252197266,
        12.982816696166992,
        12.678596496582031,
        12.561408996582031,
        12.322785377502441,
        12.165980339050293,
        11.972918510437012,
        11.833970069885254,
        11.755342483520508,
        11.575074195861816,
        11.419713973999023,
        11.103217124938965,
        10.834816932678223,
        10.540138244628906,
        10.352945327758789,
        10.151806831359863,
        9.115799903869629,
        8.906514167785645,
        8.85139274597168,
        8.80225944519043
    ],
    "train_explained_variance": [
        0.6554566621780396,
        0.8318911790847778,
        0.8421902656555176,
        0.8499232530593872,
        0.8564773201942444,
        0.8607342839241028,
        0.8648884296417236,
        0.8687366843223572,
        0.8737268447875977,
        0.8759588599205017,
        0.8790667653083801,
        0.8818912506103516,
        0.8851262927055359,
        0.8910608291625977,
        0.8958021402359009,
        0.9000799059867859,
        0.9043487906455994,
        0.9084089994430542,
        0.9236081838607788,
        0.9269404411315918,
        0.9277215600013733,
        0.9284589886665344
    ],
    "train_peak_error": [
        0.6368232369422913,
        0.33703547716140747,
        0.3197881579399109,
        0.32129746675491333,
        0.31390899419784546,
        0.3445545434951782,
        0.28432589769363403,
        0.2789834141731262,
        0.3143807649612427,
        0.25125187635421753,
        0.24345406889915466,
        0.27139735221862793,
        0.23245024681091309,
        0.22589373588562012,
        0.2450583279132843,
        0.2291226089000702,
        0.2253170609474182,
        0.2122291922569275,
        0.2037476897239685,
        0.22454440593719482,
        0.2225656509399414,
        0.22093188762664795
    ],
    "val_loss": [
        0.003532237582371014,
        0.0032029998688054063,
        0.003377389632996252,
        0.003345337849271169,
        0.0032523125483111728,
        0.0036335931197746837,
        0.003178432194529463,
        0.0034854850372326353,
        0.0032272318637052134,
        0.0036619083806470358,
        0.00356747420042378,
        0.00400012741327661,
        0.003984082741428354,
        0.0036821197168968563,
        0.003781511687653528,
        0.0037511414489809344,
        0.004505985012921176,
        0.004162076225289874,
        0.0040062913342157926,
        0.004119810616135222,
        0.004082489146971606,
        0.004244898356122078
    ],
    "val_mae": [
        0.04706983640789986,
        0.04464113339781761,
        0.046054597944021225,
        0.04601748660206795,
        0.04535656049847603,
        0.04749968275427818,
        0.044697124511003494,
        0.04724479094147682,
        0.04496316984295845,
        0.048164114356040955,
        0.04742921516299248,
        0.05068878456950188,
        0.05012623593211174,
        0.048720259219408035,
        0.04823072627186775,
        0.048744406551122665,
        0.05441608279943466,
        0.05155544728040695,
        0.05083877593278885,
        0.051449041813611984,
        0.0513758547604084,
        0.05259125307202339
    ],
    "val_mse": [
        0.00353223760612309,
        0.0032029999420046806,
        0.003377389395609498,
        0.0033453379292041063,
        0.0032523125410079956,
        0.003633592976257205,
        0.0031784321181476116,
        0.003485484980046749,
        0.003227231791242957,
        0.0036619084421545267,
        0.00356747442856431,
        0.00400012731552124,
        0.003984082490205765,
        0.003682119771838188,
        0.0037815116811543703,
        0.003751141484826803,
        0.004505984950810671,
        0.0041620759293437,
        0.004006291273981333,
        0.004119810648262501,
        0.00408248882740736,
        0.004244898445904255
    ],