{
    "train_loss": [
        0.011601916166846237,
        0.005585207673648666,
        0.004859667936720906,
        0.004489250819884015,
        0.004173579846370212,
        0.004032302884250366,
        0.0038844390028639846,
        0.0038355150580672436,
        0.0037299569418634765,
        0.0036554084493473065,
        0.003633647993985563,
        0.003601440433832952,
        0.0035742022320214436,
        0.0035455933473948534,
        0.003539444163779502,
        0.0034493541613817968,
        0.003466166247593256,
        0.0034699049135553236,
        0.0034535484901239344,
        0.003373405661769207
    ],
    "train_mae": [
        0.08225660026073456,
        0.05860895290970802,
        0.054834604263305664,
        0.05259450525045395,
        0.05039633437991142,
        0.04964163154363632,
        0.04874454066157341,
        0.0484345518052578,
        0.047454774379730225,
        0.047042008489370346,
        0.04694586247205734,
        0.04676755145192146,
        0.04645406827330589,
        0.04642663523554802,
        0.04638228565454483,
        0.04559728503227234,
        0.04592299833893776,
        0.045780885964632034,
        0.04559950903058052,
        0.04514894634485245
    ],
    "train_mse": [
        0.011601915583014488,
        0.005585207603871822,
        0.0048596677370369434,
        0.00448925094678998,
        0.004173579625785351,
        0.0040323021821677685,
        0.003884438658133149,
        0.003835514886304736,
        0.003729957388713956,
        0.0036554085090756416,
        0.0036336476914584637,
        0.003601440694183111,
        0.0035742023028433323,
        0.0035455934703350067,
        0.0035394441802054644,
        0.003449354087933898,
        0.0034661663230508566,
        0.0034699048846960068,
        0.0034535485319793224,
        0.0033734056632965803
    ],
    "train_rmse": [
        0.10771218687295914,
        0.07473424822092056,
        0.06971132010221481,
        0.06700187176465988,
        0.06460324674844742,
        0.06350041180849075,
        0.062325265258550644,
        0.061931535601615906,
        0.06107337772846222,
        0.06045997515320778,
        0.06027974560856819,
        0.060012005269527435,
        0.05978463217616081,
        0.059544887393713,
        0.059493228793144226,
        0.05873120203614235,
        0.05887415632605553,
        0.05890589952468872,
        0.05876690149307251,
        0.05808102712035179
    ],
    "train_r2": [
        0.45461493730545044,
        0.7374494671821594,
        0.7715557813644409,
        0.7889684438705444,
        0.8038075566291809,
        0.8104487657546997,
        0.8173995614051819,
        0.8196994066238403,
        0.8246614933013916,
        0.8281658291816711,
        0.8291887640953064,
        0.8307027816772461,
        0.831983208656311,
        0.8333280682563782,
        0.833617091178894,
        0.8378521203994751,
        0.8370617628097534,
        0.8368860483169556,
        0.8376549482345581,
        0.8414223194122314
    ],
    "train_mape": [
        26.4623966217041,
        19.500797271728516,
        18.493587493896484,
        17.852109909057617,
        17.16231918334961,
        16.85423469543457,
        16.608440399169922,
        16.407255172729492,
        16.12013816833496,
        15.905305862426758,
        15.828829765319824,
        15.7957181930542,
        15.672828674316406,
        15.53475570678711,
        15.685701370239258,
        15.436652183532715,
        15.491366386413574,
        15.340412139892578,
        15.317916870117188,
        15.11073112487793
    ],
    "train_smape": [
        23.479013442993164,
        17.01140785217285,
        16.059202194213867,
        15.436208724975586,
        14.868022918701172,
        14.674461364746094,
        14.434297561645508,
        14.33085823059082,
        14.05788803100586,
        13.941793441772461,
        13.913041114807129,
        13.856882095336914,
        13.765642166137695,
        13.739806175231934,
        13.743911743164062,
        13.534843444824219,
        13.636530876159668,
        13.524079322814941,
        13.519006729125977,
        13.350730895996094
    ],
    "train_explained_variance": [
        0.4570637345314026,
        0.737480640411377,
        0.7715588808059692,
        0.7889696359634399,
        0.8038075566291809,
        0.8104495406150818,
        0.8173999786376953,
        0.8196994066238403,
        0.8246618509292603,
        0.8281659483909607,
        0.8291901350021362,
        0.8307027816772461,
        0.8319871425628662,
        0.833328127861023,
        0.8336175680160522,
        0.8378527760505676,
        0.8370633721351624,
        0.836886465549469,
        0.8376576900482178,
        0.8414270281791687
    ],
    "train_peak_error": [
        0.6281509399414062,
        0.40666788816452026,
        0.42914003133773804,
        0.3859488368034363,
        0.3452044129371643,
        0.34669792652130127,
        0.3203940987586975,
        0.3266299366950989,
        0.32598328590393066,
        0.3660891056060791,
        0.31331151723861694,
        0.3781670928001404,
        0.3680446147918701,
        0.3332814574241638,
        0.36593568325042725,
        0.3285079002380371,
        0.32333916425704956,
        0.30895763635635376,
        0.3726351857185364,
        0.32601869106292725
    ],
    "val_loss": [
        0.004844526987281635,
        0.0041794079723734435,
        0.0038076071050219076,
        0.00353063698995376,
        0.0034494083120802537,
        0.0033678705052291747,
        0.0035001086953545,
        0.003531825660607315,
        0.0035582740958981056,
        0.0033037914711606803,
        0.0033724146845194396,
        0.00336346709852864,
        0.0034097808685234123,
        0.003359720130223218,
        0.003474657975887652,
        0.0034446775920273696,
        0.0033624769149937753,
        0.003325420574037184,
        0.003319339206904548,
        0.003403117282872202
    ],
    "val_mae": [
        0.05534385144710541,
        0.05084734037518501,
        0.048659343272447586,
        0.047097109258174896,
        0.046584464609622955,
        0.04618831351399422,
        0.04698996990919113,
        0.0469682477414608,
        0.04713526368141174,
        0.04576628655195236,
        0.04647156223654747,
        0.04607187956571579,
        0.0464835949242115,
        0.04639194533228874,
        0.046889957040548325,
        0.0467899926006794,
        0.04607643559575081,
        0.04606040194630623,
        0.045857880264520645,
        0.04633072391152382
    ],
    "val_mse": [
        0.004844526760280132,
        0.004179408308118582,
        0.0038076071068644524,
        0.0035306368954479694,
        0.0034494083374738693,
        0.003367870580404997,
        0.0035001086071133614,
        0.003531825728714466,
        0.0035582741256803274,
        0.003303791396319866,
        0.0033724147360771894,
        0.0033634668216109276,
        0.0034097812604159117,
        0.003359720343723893,
        0.003474657889455557,
        0.00344467768445611,
        0.003362477058544755,
        0.0033254206646233797,
        0.0033193393610417843,
        0.0034031171817332506
    ],
    "val_rmse": [
        0.06960263103246689,
        0.0646483451128006,
        0.0617058128118515,
        0.059419162571430206,
        0.05873166397213936,
        0.05803335830569267,
        0.0591617152094841,
        0.05942916497588158,
        0.059651270508766174,
        0.05747861787676811,
        0.058072496205568314,
        0.05799540504813194,
        0.05839333310723305,
        0.05796309560537338,
        0.05894622951745987,
        0.05869137495756149,
        0.057986870408058167,
        0.057666461914777756,
        0.05761370807886124,
        0.05833624303340912
    ],