{
    "train_loss": [
        0.01175665431226671,
        0.004207750378340133,
        0.0036313034079468163,
        0.0034230871120080205,
        0.0033096722723217975,
        0.0031927529191381784,
        0.003131804309125326,
        0.0031038658160835054,
        0.003051263891322979,
        0.0029950480369448193,
        0.0029798915445940076,
        0.002932950171244031,
        0.0028918855793028985,
        0.002849202053434911,
        0.0028339278971077956,
        0.0028312528751212158,
        0.0027861683303881503,
        0.002759991730708577,
        0.0027218970614239454,
        0.0026956904882489896,
        0.002671690458131296,
        0.0026799361027958013,
        0.002587234701783139,
        0.002596606887970881,
        0.0025590320015893148,
        0.0025477917659768355,
        0.0025090797443514364,
        0.0024605779072963494,
        0.0024425879169381113,
        0.0024242421452385626,
        0.002411814984182831,
        0.0023645478912530256,
        0.002326716032391098,
        0.0023118870730141736
    ],
    "train_mae": [
        0.07860095798969269,
        0.05040813982486725,
        0.04672190174460411,
        0.045303698629140854,
        0.04452347382903099,
        0.04377111792564392,
        0.04334985092282295,
        0.04320478439331055,
        0.04270603507757187,
        0.042341165244579315,
        0.04230164736509323,
        0.041834693402051926,
        0.041594188660383224,
        0.04139500856399536,
        0.04118824750185013,
        0.04113901033997536,
        0.04089418798685074,
        0.04071914032101631,
        0.04037528112530708,
        0.040141161531209946,
        0.0400361530482769,
        0.04007521644234657,
        0.03936714306473732,
        0.039454273879528046,
        0.039175305515527725,
        0.03926021233201027,
        0.038882777094841,
        0.03847547620534897,
        0.038246385753154755,
        0.038259197026491165,
        0.03802952542901039,
        0.03767799213528633,
        0.03745798394083977,
        0.037370841950178146
    ],
    "train_mse": [
        0.01175665482878685,
        0.00420775031670928,
        0.003631303319707513,
        0.003423087066039443,
        0.003309671999886632,
        0.00319275283254683,
        0.0031318040564656258,
        0.0031038657762110233,
        0.0030512637458741665,
        0.002995047951117158,
        0.0029798916075378656,
        0.002932949922978878,
        0.002891885582357645,
        0.002849202137440443,
        0.0028339277487248182,
        0.0028312529902905226,
        0.0027861683629453182,
        0.002759991679340601,
        0.002721897093579173,
        0.002695690607652068,
        0.0026716904249042273,
        0.0026799363549798727,
        0.002587234601378441,
        0.00259660673327744,
        0.0025590320583432913,
        0.0025477916933596134,
        0.0025090796407312155,
        0.0024605777580291033,
        0.0024425878655165434,
        0.0024242422077804804,
        0.0024118151050060987,
        0.0023645481560379267,
        0.0023267159704118967,
        0.0023118869867175817
    ],
    "train_rmse": [
        0.10842810571193695,
        0.06486717611551285,
        0.06026029586791992,
        0.05850715562701225,
        0.0575297474861145,
        0.05650445073843002,
        0.05596252530813217,
        0.05571234971284866,
        0.05523824691772461,
        0.05472703278064728,
        0.05458838492631912,
        0.05415671691298485,
        0.05377625301480293,
        0.053377918899059296,
        0.05323464795947075,
        0.05320952087640762,
        0.05278416723012924,
        0.05253562331199646,
        0.05217180401086807,
        0.05192004144191742,
        0.05168839916586876,
        0.05176810175180435,
        0.050864867866039276,
        0.05095691233873367,
        0.05058687552809715,
        0.050475653260946274,
        0.050090715289115906,
        0.04960421100258827,
        0.04942254349589348,
        0.04923659563064575,
        0.049110233783721924,
        0.0486266203224659,
        0.048236045986413956,
        0.04808208718895912
    ],
    "train_r2": [
        0.4473409652709961,
        0.8022012710571289,
        0.8292989730834961,
        0.8390868902206421,
        0.8444182872772217,
        0.8499144315719604,
        0.8527795672416687,
        0.8540928363800049,
        0.8565655946731567,
        0.8592082262039185,
        0.8599206805229187,
        0.8621273040771484,
        0.8640576601028442,
        0.8660641312599182,
        0.8667821884155273,
        0.8669078946113586,
        0.8690272569656372,
        0.8702577948570251,
        0.8720484972000122,
        0.8732804656028748,
        0.8744086623191833,
        0.874021053314209,
        0.8783787488937378,
        0.8779382109642029,
        0.8797045350074768,
        0.8802329301834106,
        0.8820527195930481,
        0.8843326568603516,
        0.8851783275604248,
        0.8860407471656799,
        0.8866249322891235,
        0.8888468742370605,
        0.8906252980232239,
        0.8913223743438721
    ],
    "train_mape": [
        25.25221061706543,
        16.97690200805664,
        15.810561180114746,
        15.344545364379883,
        15.025079727172852,
        14.785392761230469,
        14.579826354980469,
        14.447877883911133,
        14.194626808166504,
        14.127863883972168,
        14.001965522766113,
        13.930829048156738,
        13.769173622131348,
        13.748076438903809,
        13.608585357666016,
        13.622355461120605,
        13.525769233703613,
        13.358799934387207,
        13.303704261779785,
        13.229988098144531,
        13.186688423156738,
        13.25390625,
        12.992459297180176,
        12.975698471069336,
        12.79917049407959,
        12.909724235534668,
        12.692136764526367,
        12.644874572753906,
        12.511162757873535,
        12.51514720916748,
        12.426234245300293,
        12.272077560424805,
        12.204065322875977,
        12.099251747131348
    ],
    "train_smape": [
        22.824954986572266,
        14.746294975280762,
        13.828875541687012,
        13.431530952453613,
        13.194510459899902,
        12.993025779724121,
        12.875622749328613,
        12.772700309753418,
        12.631803512573242,
        12.563430786132812,
        12.511241912841797,
        12.364484786987305,
        12.28909683227539,
        12.224414825439453,
        12.181694030761719,
        12.16534423828125,
        12.108048439025879,
        12.033020973205566,
        11.942301750183105,
        11.862687110900879,
        11.832966804504395,
        11.877904891967773,
        11.677906036376953,
        11.686095237731934,
        11.60391902923584,
        11.654115676879883,
        11.506234169006348,
        11.427556991577148,
        11.341302871704102,
        11.332520484924316,
        11.244996070861816,
        11.157135963439941,
        11.100485801696777,
        11.06673812866211
    ],