{
    "train_loss": [
        0.013386971479347594,
        0.004445265768654709,
        0.0039049491619834666,
        0.003716664651698403,
        0.0035253421193172465,
        0.0034863676779149644,
        0.0033554860125656494,
        0.003256662504910215,
        0.0031963495665804044,
        0.0031567930461171515,
        0.0031084334938673843,
        0.003042571864701059,
        0.003001003953788911,
        0.00295088430543975,
        0.0028379604968454893,
        0.0028412730958999157,
        0.002766985355215382,
        0.002699900825966901,
        0.0026297055698574507,
        0.002582698630712243,
        0.0025320146320198435,
        0.0025132558487298046,
        0.002395512461246418,
        0.002339725413200319,
        0.0021769791147597146,
        0.002142116193224329,
        0.0021038877160160525,
        0.002105872992253376
    ],
    "train_mae": [
        0.07915335893630981,
        0.05219322815537453,
        0.04873531684279442,
        0.0475572794675827,
        0.04633943364024162,
        0.0457867793738842,
        0.04531096667051315,
        0.04431676119565964,
        0.043907273560762405,
        0.04363660514354706,
        0.04331482946872711,
        0.042843643575906754,
        0.04269859194755554,
        0.042222365736961365,
        0.04138218238949776,
        0.0414934903383255,
        0.04070896655321121,
        0.04064902663230896,
        0.04007653519511223,
        0.039474304765462875,
        0.03916846215724945,
        0.039118506014347076,
        0.03798680007457733,
        0.03785322606563568,
        0.03623335435986519,
        0.036121390759944916,
        0.03569398447871208,
        0.035780951380729675
    ],
    "train_mse": [
        0.013386971317231655,
        0.004445265978574753,
        0.003904949175193906,
        0.003716664621606469,
        0.0035253423266112804,
        0.003486367641016841,
        0.003355486085638404,
        0.003256662515923381,
        0.003196349833160639,
        0.0031567930709570646,
        0.003108433447778225,
        0.003042571945115924,
        0.0030010039918124676,
        0.0029508841689676046,
        0.0028379603754729033,
        0.002841272857040167,
        0.0027669852133840322,
        0.0026999006513506174,
        0.0026297057047486305,
        0.002582698594778776,
        0.00253201462328434,
        0.002513255923986435,
        0.0023955125361680984,
        0.002339725149795413,
        0.0021769790910184383,
        0.0021421159617602825,
        0.0021038877312093973,
        0.00210587284527719
    ],
    "train_rmse": [
        0.1157020777463913,
        0.06667282432317734,
        0.0624895915389061,
        0.06096445396542549,
        0.05937459319829941,
        0.059045471251010895,
        0.05792655795812607,
        0.05706717446446419,
        0.056536268442869186,
        0.056185346096754074,
        0.055753327906131744,
        0.05515951290726662,
        0.05478141829371452,
        0.05432204157114029,
        0.053272511810064316,
        0.053303591907024384,
        0.052602142095565796,
        0.05196056887507439,
        0.05128065496683121,
        0.050820257514715195,
        0.0503191277384758,
        0.0501323826611042,
        0.04894397407770157,
        0.04837070405483246,
        0.04665810987353325,
        0.04628299921751022,
        0.0458681546151638,
        0.04588979110121727
    ],
    "train_r2": [
        0.3707026243209839,
        0.791036069393158,
        0.8164353966712952,
        0.825286328792572,
        0.8342800140380859,
        0.8361121416091919,
        0.8422646522521973,
        0.8469101786613464,
        0.8497453927993774,
        0.8516048192977905,
        0.8538781404495239,
        0.856974184513092,
        0.8589282035827637,
        0.8612842559814453,
        0.8665925860404968,
        0.8664368987083435,
        0.8699290156364441,
        0.8730825781822205,
        0.8763822913169861,
        0.8785920143127441,
        0.8809745907783508,
        0.881856381893158,
        0.8873912692070007,
        0.8900137543678284,
        0.8976641297340393,
        0.8993030190467834,
        0.9011000394821167,
        0.9010066986083984
    ],
    "train_mape": [
        25.464200973510742,
        17.52625274658203,
        16.47295570373535,
        15.973403930664062,
        15.604364395141602,
        15.329778671264648,
        15.106311798095703,
        14.727544784545898,
        14.661495208740234,
        14.549519538879395,
        14.382796287536621,
        14.191617012023926,
        14.090691566467285,
        13.907588958740234,
        13.574493408203125,
        13.64017391204834,
        13.480112075805664,
        13.152533531188965,
        13.03420352935791,
        12.717521667480469,
        12.753698348999023,
        12.72442626953125,
        12.361865043640137,
        12.360954284667969,
        11.649970054626465,
        11.735742568969727,
        11.540519714355469,
        11.597249984741211
    ],
    "train_smape": [
        23.368267059326172,
        15.315567016601562,
        14.420769691467285,
        14.056351661682129,
        13.706066131591797,
        13.51889419555664,
        13.39528751373291,
        13.07229995727539,
        12.960166931152344,
        12.944647789001465,
        12.827414512634277,
        12.707191467285156,
        12.61713981628418,
        12.463102340698242,
        12.242258071899414,
        12.304010391235352,
        12.061952590942383,
        12.002196311950684,
        11.851295471191406,
        11.619462013244629,
        11.600706100463867,
        11.528204917907715,
        11.249311447143555,
        11.223487854003906,
        10.71199893951416,
        10.713181495666504,
        10.554091453552246,
        10.622261047363281
    ],
    "train_explained_variance": [
        0.376234233379364,
        0.7910467386245728,
        0.8164361715316772,
        0.8252867460250854,
        0.8342858552932739,
        0.8361121416091919,
        0.8422648906707764,
        0.8469130396842957,
        0.849745512008667,
        0.8516049385070801,
        0.8538781404495239,
        0.8569799661636353,
        0.8589284420013428,
        0.8612863421440125,
        0.8665927052497864,
        0.8664368987083435,
        0.86993408203125,
        0.8730828166007996,
        0.8763822913169861,
        0.8785920143127441,
        0.8809773921966553,
        0.8818567395210266,
        0.887391984462738,
        0.8900137543678284,
        0.8976658582687378,
        0.8993034958839417,
        0.9011012315750122,
        0.9010066986083984
    ],
    "train_peak_error": [
        0.8854117393493652,
        0.3514856696128845,
        0.3021088242530823,
        0.3231595754623413,
        0.34727591276168823,
        0.33525651693344116,
        0.3063398599624634,
        0.30312514305114746,
        0.31835293769836426,
        0.3275291323661804,
        0.29472142457962036,
        0.30299919843673706,
        0.29693174362182617,
        0.2957133650779724,
        0.2805638909339905,
        0.27358704805374146,
        0.28774040937423706,
        0.2597000002861023,
        0.238955557346344,
        0.27297818660736084,
        0.2531428933143616,
        0.23618000745773315,
        0.22409045696258545,
        0.23571014404296875,
        0.2481781244277954,
        0.22060498595237732,
        0.20900583267211914,
        0.22215282917022705
    ],