{
    "train_loss": [
        0.01375717011781229,
        0.004485882787508312,
        0.003961729391678758,
        0.0037638408548629197,
        0.003621017947565348,
        0.003512767205245378,
        0.0034124877321309735,
        0.0033973963784735828,
        0.003316208361730019,
        0.003295276684984299,
        0.0032743872893348873,
        0.003217521693914638,
        0.003145767627012755,
        0.0031559681770140843,
        0.003168890322834581,
        0.0031159885426453103,
        0.0031515621447248438,
        0.0030595616998121146,
        0.0030905340085371374
    ],
    "train_mae": [
        0.08060142397880554,
        0.0526161715388298,
        0.049034133553504944,
        0.0476728193461895,
        0.046869345009326935,
        0.046149782836437225,
        0.04537941887974739,
        0.04527674987912178,
        0.04469446465373039,
        0.044666554778814316,
        0.04465557262301445,
        0.04403337091207504,
        0.04358337074518204,
        0.0436972938477993,
        0.04369988664984703,
        0.043295104056596756,
        0.04358455166220665,
        0.042971666902303696,
        0.0431145541369915
    ],
    "train_mse": [
        0.013757169246673584,
        0.004485882353037596,
        0.003961729351431131,
        0.00376384099945426,
        0.003621018026024103,
        0.003512767143547535,
        0.0034124876838177443,
        0.003397396532818675,
        0.0033162084873765707,
        0.0032952765468508005,
        0.003274387214332819,
        0.0032175215892493725,
        0.0031457676086574793,
        0.003155968151986599,
        0.0031688904855400324,
        0.0031159885693341494,
        0.003151562064886093,
        0.0030595618300139904,
        0.0030905338935554028
    ],
    "train_rmse": [
        0.11729095876216888,
        0.06697673350572586,
        0.0629422664642334,
        0.061350151896476746,
        0.06017489358782768,
        0.05926860123872757,
        0.05841650068759918,
        0.05828718841075897,
        0.05758653208613396,
        0.057404499500989914,
        0.057222262024879456,
        0.05672319978475571,
        0.05608714371919632,
        0.056178003549575806,
        0.05629289895296097,
        0.05582103878259659,
        0.056138776242733,
        0.05531330779194832,
        0.05559257045388222
    ],
    "train_r2": [
        0.3533002734184265,
        0.7891267538070679,
        0.8137662410736084,
        0.8230686187744141,
        0.8297824859619141,
        0.8348711729049683,
        0.8395851254463196,
        0.8402945399284363,
        0.8441110253334045,
        0.8450950384140015,
        0.8460769653320312,
        0.848750114440918,
        0.8521231412887573,
        0.8516436219215393,
        0.8510361909866333,
        0.8535230159759521,
        0.8518507480621338,
        0.8561755418777466,
        0.8547195792198181
    ],
    "train_mape": [
        25.715049743652344,
        17.435104370117188,
        16.426332473754883,
        16.166101455688477,
        15.80162525177002,
        15.445462226867676,
        15.201931953430176,
        15.230178833007812,
        15.080535888671875,
        14.857317924499512,
        15.0189790725708,
        14.640503883361816,
        14.665693283081055,
        14.521950721740723,
        14.701160430908203,
        14.563861846923828,
        14.509503364562988,
        14.33983325958252,
        14.328628540039062
    ],
    "train_smape": [
        23.900253295898438,
        15.321858406066895,
        14.410579681396484,
        14.070937156677246,
        13.832275390625,
        13.63994312286377,
        13.404412269592285,
        13.387860298156738,
        13.246475219726562,
        13.212050437927246,
        13.26313304901123,
        13.008846282958984,
        12.958328247070312,
        12.955917358398438,
        12.982316017150879,
        12.836590766906738,
        12.888460159301758,
        12.738460540771484,
        12.733753204345703
    ],
    "train_explained_variance": [
        0.358947217464447,
        0.789146900177002,
        0.813770592212677,
        0.8230688571929932,
        0.8297843337059021,
        0.8348751068115234,
        0.8395851850509644,
        0.8402955532073975,
        0.8441110849380493,
        0.8450963497161865,
        0.8460777997970581,
        0.8487551212310791,
        0.8521237373352051,
        0.8516467809677124,
        0.851036548614502,
        0.8535236120223999,
        0.8518513441085815,
        0.856176495552063,
        0.8547210693359375
    ],
    "train_peak_error": [
        0.8453922271728516,
        0.3728780150413513,
        0.36646389961242676,
        0.3976912498474121,
        0.3246619701385498,
        0.3592045307159424,
        0.33383846282958984,
        0.33842265605926514,
        0.3685929775238037,
        0.3027908205986023,
        0.31365251541137695,
        0.3104827404022217,
        0.3133355975151062,
        0.31698352098464966,
        0.324737548828125,
        0.300556480884552,
        0.324721097946167,
        0.2924457788467407,
        0.3188299536705017
    ],
    "val_loss": [
        0.003896355218716341,
        0.0035748581195638764,
        0.0034000420717107092,
        0.0033924759573323265,
        0.0035412200256887314,
        0.003338097912835614,
        0.003523622578840783,
        0.0033047810740594705,
        0.0031350386027822925,
        0.003258721684842712,
        0.0031561718029874584,
        0.003269228860484637,
        0.003242376024379201,
        0.0031758966415169104,
        0.0032184910190311803,
        0.003350719568460322,
        0.00330060029516278,
        0.0031460783514026688,
        0.003250253733930935
    ],
    "val_mae": [
        0.04902482405304909,
        0.047163378447294235,
        0.046336811035871506,
        0.045934539288282394,
        0.04689233750104904,
        0.0458095446228981,
        0.04719387739896774,
        0.04559101536870003,
        0.04449143260717392,
        0.04568091407418251,
        0.04484886676073074,
        0.04577813670039177,
        0.04505404084920883,
        0.044570524245500565,
        0.04477374255657196,
        0.04606042057275772,
        0.0453651025891304,
        0.04441864788532257,
        0.0450124628841877
    ],
    "val_mse": [
        0.003896355163305998,
        0.0035748581867665052,
        0.0034000419545918703,
        0.003392475889995694,
        0.003541220212355256,
        0.0033380980603396893,
        0.003523622639477253,
        0.003304780926555395,
        0.0031350383069366217,
        0.0032587219029664993,
        0.003156171878799796,
        0.003269229084253311,
        0.0032423760276287794,
        0.0031758968252688646,
        0.0032184908632189035,
        0.0033507198095321655,
        0.0033006002195179462,
        0.0031460782047361135,
        0.003250253852456808
    ],
    "val_rmse": [
        0.0624207928776741,
        0.05979011952877045,
        0.058309879153966904,
        0.058244965970516205,
        0.059508152306079865,
        0.057776276022195816,
        0.05936010926961899,
        0.05748722329735756,
        0.055991411209106445,
        0.05708521604537964,
        0.05617981776595116,
        0.05717717111110687,
        0.056941866874694824,
        0.05635509639978409,
        0.05673174560070038,
        0.05788540095090866,
        0.05745084956288338,
        0.05608991160988808,
        0.05701099708676338
    ],