{
    "train_loss": [
        0.019316921921142302,
        0.004307442573402392,
        0.003958699276606717,
        0.0037272427078228866,
        0.003600782671320996,
        0.0035161251466005734,
        0.0035023850542419744,
        0.0033572942247829278,
        0.0032531217741225307,
        0.003218416528907481,
        0.00314993939205656,
        0.003090028015858949,
        0.0030876317612463684,
        0.0029912626970268245,
        0.002920443600736921,
        0.002934698341826991,
        0.0028184849057389027,
        0.0027729359664871176,
        0.0027529858689672028,
        0.0026977050197678925,
        0.0026625025004162633,
        0.002659145606932944,
        0.0026038983829642314,
        0.002535155926832567,
        0.002529295918595276,
        0.0023780040719907267,
        0.0023351176045134036,
        0.0023187547896946136,
        0.0022894597437825674
    ],
    "train_mae": [
        0.0919094905257225,
        0.051318880170583725,
        0.04892382025718689,
        0.047543104737997055,
        0.04681670293211937,
        0.0460876040160656,
        0.046339001506567,
        0.04512302577495575,
        0.04443458840250969,
        0.04427207261323929,
        0.043718840926885605,
        0.0431828610599041,
        0.0432974137365818,
        0.04273020103573799,
        0.042031046003103256,
        0.04231264814734459,
        0.041259948164224625,
        0.04106733575463295,
        0.040786728262901306,
        0.040561940521001816,
        0.04021881893277168,
        0.0400637648999691,
        0.03974676504731178,
        0.03923123702406883,
        0.039255883544683456,
        0.03789370507001877,
        0.03754117339849472,
        0.03753017634153366,
        0.0371636264026165
    ],
    "train_mse": [
        0.01931692101061344,
        0.004307442344725132,
        0.00395869929343462,
        0.0037272428162395954,
        0.0036007827147841454,
        0.0035161252599209547,
        0.0035023849923163652,
        0.00335729424841702,
        0.003253121394664049,
        0.003218416590243578,
        0.0031499394681304693,
        0.0030900281853973866,
        0.0030876316595822573,
        0.0029912625905126333,
        0.002920443657785654,
        0.0029346984811127186,
        0.002818484790623188,
        0.002772935898974538,
        0.002752985805273056,
        0.002697705291211605,
        0.002662502694875002,
        0.0026591455098241568,
        0.0026038982905447483,
        0.002535155974328518,
        0.0025292960926890373,
        0.0023780041374266148,
        0.0023351176641881466,
        0.00231875479221344,
        0.0022894595749676228
    ],
    "train_rmse": [
        0.13898532092571259,
        0.06563110649585724,
        0.06291819363832474,
        0.0610511489212513,
        0.0600065216422081,
        0.059296924620866776,
        0.05918095260858536,
        0.057942163199186325,
        0.057036142796278,
        0.05673108994960785,
        0.05612432211637497,
        0.055588021874427795,
        0.0555664598941803,
        0.05469243600964546,
        0.05404112860560417,
        0.054172858595848083,
        0.05308940261602402,
        0.052658673375844955,
        0.05246890336275101,
        0.05193943902850151,
        0.05159944295883179,
        0.05156690254807472,
        0.051028408110141754,
        0.05035033077001572,
        0.050292108207941055,
        0.04876478388905525,
        0.04832305386662483,
        0.04815344884991646,
        0.04784829914569855
    ],
    "train_r2": [
        0.09194636344909668,
        0.7975149154663086,
        0.8139086961746216,
        0.8247890472412109,
        0.8307337164878845,
        0.8347132802009583,
        0.8353592157363892,
        0.8421796560287476,
        0.8470766544342041,
        0.8487080335617065,
        0.8519270420074463,
        0.8547433614730835,
        0.854856014251709,
        0.859386146068573,
        0.8627152442932129,
        0.8620451092720032,
        0.8675081133842468,
        0.8696492910385132,
        0.8705871105194092,
        0.8731857538223267,
        0.8748405575752258,
        0.8749983906745911,
        0.8775954246520996,
        0.8808268904685974,
        0.8811023235321045,
        0.8882143497467041,
        0.8902303576469421,
        0.8909995555877686,
        0.8923766613006592
    ],
    "train_mape": [
        29.20428466796875,
        17.075532913208008,
        16.369815826416016,
        16.02297592163086,
        15.875467300415039,
        15.60213565826416,
        15.600630760192871,
        15.250724792480469,
        14.982697486877441,
        14.949020385742188,
        14.558691024780273,
        14.418252944946289,
        14.41827392578125,
        14.238873481750488,
        14.012317657470703,
        14.060232162475586,
        13.629251480102539,
        13.611955642700195,
        13.45097827911377,
        13.271224975585938,
        13.192920684814453,
        13.105003356933594,
        12.91530704498291,
        12.818914413452148,
        12.847426414489746,
        12.297229766845703,
        12.22563648223877,
        12.262410163879395,
        12.048087120056152
    ],
    "train_smape": [
        28.517866134643555,
        14.986443519592285,
        14.408222198486328,
        14.052714347839355,
        13.88126277923584,
        13.646854400634766,
        13.727937698364258,
        13.388691902160645,
        13.193552017211914,
        13.160646438598633,
        12.948541641235352,
        12.784123420715332,
        12.825971603393555,
        12.683454513549805,
        12.46625804901123,
        12.498340606689453,
        12.231244087219238,
        12.165959358215332,
        12.082021713256836,
        12.007769584655762,
        11.929475784301758,
        11.864114761352539,
        11.75150203704834,
        11.627473831176758,
        11.632667541503906,
        11.237445831298828,
        11.124712944030762,
        11.155508995056152,
        11.004030227661133
    ],
    "train_explained_variance": [
        0.12113666534423828,
        0.7975172400474548,
        0.8139086961746216,
        0.8247890472412109,
        0.8307348489761353,
        0.8347135782241821,
        0.8353592753410339,
        0.8421796560287476,
        0.8470766544342041,
        0.8487090468406677,
        0.8519294857978821,
        0.8547469973564148,
        0.8548560738563538,
        0.8593875169754028,
        0.8627157211303711,
        0.862047553062439,
        0.8675090074539185,
        0.8696500658988953,
        0.8705871105194092,
        0.8731857538223267,
        0.8748406767845154,
        0.8750021457672119,
        0.8775956630706787,
        0.8808269500732422,
        0.8811023831367493,
        0.888214647769928,
        0.8902304172515869,
        0.8909996747970581,
        0.8923768401145935
    ],
    "train_peak_error": [
        0.8980735540390015,
        0.37565112113952637,
        0.3255051374435425,
        0.32837235927581787,
        0.30128729343414307,
        0.3221774697303772,
        0.3243725895881653,
        0.30158162117004395,
        0.3073541522026062,
        0.3281365633010864,
        0.3323354125022888,
        0.3087491989135742,
        0.2914215922355652,
        0.2923622727394104,
        0.30997568368911743,
        0.3192518949508667,
        0.3218762278556824,
        0.2690703272819519,
        0.29037368297576904,
        0.28676652908325195,
        0.28431785106658936,
        0.27056777477264404,
        0.28795528411865234,
        0.2907084822654724,
        0.2661142945289612,
        0.2659985423088074,
        0.25963032245635986,
        0.2472328543663025,
        0.2576051950454712
    ],