{
    "train_loss": [
        0.006295659614171473,
        0.003713935445379974,
        0.0033855859685898433,
        0.003229462730819727,
        0.0031144832729461955,
        0.0029127987318239537,
        0.0029178374911410765,
        0.002729561875447492,
        0.0025797440108357283,
        0.0024557692219150267,
        0.0023238328828670694,
        0.0021743335179548974,
        0.0020489731348084413,
        0.0020287437475394574,
        0.0017927773162651954,
        0.0016451018921457919
    ],
    "train_mae": [
        0.05792699009180069,
        0.04744378849864006,
        0.04538373276591301,
        0.0442160964012146,
        0.04332540184259415,
        0.04192410036921501,
        0.04208192229270935,
        0.040441740304231644,
        0.039433784782886505,
        0.03833378478884697,
        0.03755299374461174,
        0.03617045283317566,
        0.03529331088066101,
        0.03496213257312775,
        0.03313687443733215,
        0.031569723039865494
    ],
    "train_mse": [
        0.006295659113675356,
        0.003713935613632202,
        0.0033855861984193325,
        0.0032294627744704485,
        0.0031144835520535707,
        0.002912798896431923,
        0.0029178375843912363,
        0.0027295618783682585,
        0.0025797439739108086,
        0.00245576910674572,
        0.0023238330613821745,
        0.0021743332035839558,
        0.0020489732269197702,
        0.0020287439692765474,
        0.0017927773296833038,
        0.0016451019328087568
    ],
    "train_rmse": [
        0.07934518903493881,
        0.060942068696022034,
        0.05818578973412514,
        0.05682836100459099,
        0.055807556957006454,
        0.053970351815223694,
        0.05401701107621193,
        0.052245210856199265,
        0.0507911816239357,
        0.04955571889877319,
        0.0482061505317688,
        0.04662974551320076,
        0.04526558518409729,
        0.04504157975316048,
        0.0423412024974823,
        0.04055985435843468
    ],
    "train_r2": [
        0.7040524482727051,
        0.8254145979881287,
        0.8408496975898743,
        0.8481887578964233,
        0.8535937666893005,
        0.8630746006965637,
        0.8628377318382263,
        0.8716882467269897,
        0.8787308931350708,
        0.8845587372779846,
        0.8907607793807983,
        0.8977885246276855,
        0.9036814570426941,
        0.9046323895454407,
        0.9157247543334961,
        0.9226667284965515
    ],
    "train_mape": [
        19.32441520690918,
        15.890719413757324,
        15.189181327819824,
        14.829288482666016,
        14.338525772094727,
        13.82579517364502,
        13.779321670532227,
        13.087213516235352,
        12.78354263305664,
        12.297121047973633,
        11.890082359313965,
        11.363092422485352,
        11.115320205688477,
        11.009092330932617,
        10.475312232971191,
        9.868897438049316
    ],
    "train_smape": [
        16.827880859375,
        14.03991413116455,
        13.459309577941895,
        13.14816951751709,
        12.793146133422852,
        12.385355949401855,
        12.368474960327148,
        11.894634246826172,
        11.591090202331543,
        11.243317604064941,
        11.000824928283691,
        10.5772066116333,
        10.328208923339844,
        10.289701461791992,
        9.799745559692383,
        9.285289764404297
    ],
    "train_explained_variance": [
        0.704156756401062,
        0.8254154920578003,
        0.8408507704734802,
        0.8481892347335815,
        0.8535974025726318,
        0.8630746603012085,
        0.8628379106521606,
        0.8716906905174255,
        0.8787312507629395,
        0.8845633268356323,
        0.8907608985900879,
        0.8977894186973572,
        0.9036814570426941,
        0.9046344757080078,
        0.9157248139381409,
        0.9226667284965515
    ],
    "train_peak_error": [
        0.5948987007141113,
        0.32829248905181885,
        0.3416562080383301,
        0.2974247336387634,
        0.3059447407722473,
        0.2542935609817505,
        0.27343010902404785,
        0.3286593556404114,
        0.27081894874572754,
        0.24468448758125305,
        0.2435082495212555,
        0.226701557636261,
        0.25050878524780273,
        0.25930365920066833,
        0.21936067938804626,
        0.220930278301239
    ],
    "val_loss": [
        0.0035546246578870007,
        0.0034897010340589844,
        0.0034078353276248458,
        0.0035253406559927858,
        0.004110493176087415,
        0.003394923148502549,
        0.0035176041564173835,
        0.00428052119991119,
        0.0038646026087335223,
        0.00396491548267575,
        0.003946736768363781,
        0.00400935073651159,
        0.004284881505471983,
        0.004281926812577269,
        0.004597733074584775,
        0.0045662206044192796
    ],
    "val_mae": [
        0.04705048352479935,
        0.04674118012189865,
        0.04596371576189995,
        0.04727809503674507,
        0.050902847200632095,
        0.0464935228228569,
        0.047154031693935394,
        0.05264563858509064,
        0.04936925694346428,
        0.050983306020498276,
        0.05001998692750931,
        0.050789039582014084,
        0.05313851684331894,
        0.051947057247161865,
        0.05462498962879181,
        0.05484241619706154
    ],
    "val_mse": [
        0.0035546247381716967,
        0.0034897010773420334,
        0.0034078352618962526,
        0.003525340696796775,
        0.00411049323156476,
        0.0033949229400604963,
        0.003517604200169444,
        0.00428052106872201,
        0.0038646026514470577,
        0.003964915871620178,
        0.003946736920624971,
        0.004009350668638945,
        0.004284881055355072,
        0.004281926900148392,
        0.00459773326292634,
        0.0045662205666303635
    ],
    "val_rmse": [
        0.05962067469954491,
        0.059073690325021744,
        0.05837666615843773,
        0.059374578297138214,
        0.06411312520503998,
        0.058265965431928635,
        0.05930939316749573,
        0.06542569398880005,
        0.06216592714190483,
        0.06296757608652115,
        0.06282305717468262,
        0.06331943720579147,
        0.0654590055346489,
        0.06543643772602081,
        0.06780658662319183,
        0.06757381558418274
    ],
    "val_r2": [
        0.7526238560676575,
        0.7571420669555664,
        0.7628393173217773,
        0.7546617984771729,
        0.7139394283294678,
        0.7637379169464111,
        0.755200207233429,
        0.7021067142486572,
        0.7310516834259033,
        0.7240705490112305,
        0.7253357172012329,
        0.7209782600402832,
        0.7018033266067505,
        0.7020089030265808,
        0.6800310611724854,
        0.6822241544723511
    ],
    "val_mape": [
        22.769046783447266,
        21.965717315673828,
        21.26691246032715,
        23.329486846923828,
        24.559099197387695,
        22.663013458251953,
        21.482990264892578,
        26.449886322021484,
        21.494962692260742,
        25.673221588134766,
        22.68165397644043,
        24.676877975463867,
        26.611454010009766,
        23.421438217163086,
        25.20311164855957,
        26.409738540649414
    ],
    "val_smape": [
        18.421571731567383,
        18.354549407958984,
        17.99394416809082,
        18.439071655273438,
        19.581462860107422,
        18.17806053161621,
        18.389482498168945,
        20.03108787536621,
        19.327619552612305,
        19.870258331298828,
        19.368192672729492,
        19.82579231262207,
        20.709217071533203,
        20.501100540161133,
        21.27252769470215,
        21.569904327392578
    ],