{
    "train_loss": [
        0.006533137242351444,
        0.003572284404509089,
        0.0034270439308643898,
        0.003199579332884333,
        0.0030804287575732794,
        0.0029263596161591167,
        0.0027343405178915387,
        0.002641898299341136,
        0.00248219408808729,
        0.0022958113759202377,
        0.002235649072853785,
        0.002049038279289803,
        0.0019815391579142126,
        0.0015160336752647991,
        0.001384434808940988,
        0.001335313955317835,
        0.0012614927357245981
    ],
    "train_mae": [
        0.05913601443171501,
        0.04652360454201698,
        0.04553225636482239,
        0.043896738439798355,
        0.04320034384727478,
        0.04225413128733635,
        0.040913231670856476,
        0.03997952863574028,
        0.03882496431469917,
        0.0373750738799572,
        0.03680836036801338,
        0.03528676554560661,
        0.034665316343307495,
        0.02996757999062538,
        0.028471436351537704,
        0.02808273211121559,
        0.027320101857185364
    ],
    "train_mse": [
        0.006533137056976557,
        0.0035722844768315554,
        0.003427043789997697,
        0.003199579194188118,
        0.003080428810790181,
        0.0029263594187796116,
        0.002734340727329254,
        0.0026418983470648527,
        0.002482194220647216,
        0.0022958116605877876,
        0.0022356489207595587,
        0.0020490381866693497,
        0.001981539186090231,
        0.001516033778898418,
        0.0013844347558915615,
        0.0013353138929232955,
        0.0012614927254617214
    ],
    "train_rmse": [
        0.08082782477140427,
        0.059768591076135635,
        0.058540958911180496,
        0.0565648227930069,
        0.05550161004066467,
        0.054095834493637085,
        0.05229092389345169,
        0.05139939859509468,
        0.04982162266969681,
        0.04791462793946266,
        0.04728265106678009,
        0.04526630416512489,
        0.0445144847035408,
        0.03893627971410751,
        0.03720799461007118,
        0.03654194623231888,
        0.03551749885082245
    ],
    "train_r2": [
        0.6928890347480774,
        0.8320733308792114,
        0.8389008641242981,
        0.8495935797691345,
        0.8551945686340332,
        0.8624371290206909,
        0.8714635968208313,
        0.8758091330528259,
        0.8833165168762207,
        0.8920780420303345,
        0.8949061632156372,
        0.9036784172058105,
        0.9068514108657837,
        0.9287340044975281,
        0.9349201917648315,
        0.9372292757034302,
        0.9406995177268982
    ],
    "train_mape": [
        19.398221969604492,
        15.615921020507812,
        15.145115852355957,
        14.508983612060547,
        14.093896865844727,
        13.698378562927246,
        13.16234302520752,
        12.94222354888916,
        12.345680236816406,
        11.904131889343262,
        11.779434204101562,
        11.08248233795166,
        10.812347412109375,
        9.201395034790039,
        8.660684585571289,
        8.631224632263184,
        8.338454246520996
    ],
    "train_smape": [
        17.30103302001953,
        13.766056060791016,
        13.447938919067383,
        12.986077308654785,
        12.796936988830566,
        12.50122356414795,
        12.038939476013184,
        11.775968551635742,
        11.381780624389648,
        11.028524398803711,
        10.835309028625488,
        10.426666259765625,
        10.16339111328125,
        8.708401679992676,
        8.24581527709961,
        8.20112419128418,
        7.978189945220947
    ],
    "train_explained_variance": [
        0.6930549144744873,
        0.8320742249488831,
        0.8389025926589966,
        0.8495956659317017,
        0.8551971912384033,
        0.8624474406242371,
        0.8714638352394104,
        0.8758095502853394,
        0.8833211660385132,
        0.8920782208442688,
        0.8949066400527954,
        0.9036784768104553,
        0.9068514704704285,
        0.9287346601486206,
        0.9349202513694763,
        0.937229335308075,
        0.9406995177268982
    ],
    "train_peak_error": [
        0.6327540278434753,
        0.29199761152267456,
        0.284453809261322,
        0.3232687711715698,
        0.3019455671310425,
        0.27937525510787964,
        0.22849643230438232,
        0.26099586486816406,
        0.2314915657043457,
        0.2447267770767212,
        0.2477765679359436,
        0.22655200958251953,
        0.22369128465652466,
        0.20578783750534058,
        0.18664607405662537,
        0.20088744163513184,
        0.20993149280548096
    ],
    "val_loss": [
        0.0033993210321587087,
        0.0033053933270275593,
        0.0033700052036387887,
        0.00378252049703687,
        0.003432718709164815,
        0.003755383951884272,
        0.0035664846702217518,
        0.0034681806532103274,
        0.004586618048802233,
        0.004565123379994318,
        0.004588061471288796,
        0.005666960320174158,
        0.0047664328521157765,
        0.004705542121819562,
        0.004726818038532577,
        0.004641496666150985,
        0.005085403436540271
    ],
    "val_mae": [
        0.04659717530012131,
        0.04577707126736641,
        0.0461198166012764,
        0.04837590828537941,
        0.04649083688855171,
        0.04868781939148903,
        0.04796962812542915,
        0.04617242515087128,
        0.05522366985678673,
        0.054877061396837234,
        0.053557731211185455,
        0.06144323572516441,
        0.05559100583195686,
        0.05465732142329216,
        0.055404145270586014,
        0.05394365265965462,
        0.05664794519543648
    ],
    "val_mse": [
        0.0033993208780884743,
        0.0033053935039788485,
        0.0033700051717460155,
        0.0037825205363333225,
        0.0034327188041061163,
        0.0037553838919848204,
        0.003566484432667494,
        0.00346818077377975,
        0.004586617927998304,
        0.004565123468637466,
        0.004588061477988958,
        0.005666960496455431,
        0.004766433034092188,
        0.004705542232841253,
        0.004726818297058344,
        0.004641496576368809,
        0.005085403099656105
    ],
    "val_rmse": [
        0.05830369517207146,
        0.05749255046248436,
        0.05805174633860588,
        0.06150219962000847,
        0.05858941003680229,
        0.06128118559718132,
        0.05972005054354668,
        0.058891262859106064,
        0.0677245706319809,
        0.06756569445133209,
        0.0677352324128151,
        0.07527921348810196,
        0.06903935968875885,
        0.06859695166349411,
        0.06875185668468475,
        0.06812852621078491,
        0.07131201028823853
    ],
    "val_r2": [
        0.7634319067001343,
        0.769968569278717,
        0.7654720544815063,
        0.7367639541625977,
        0.7611076235771179,
        0.7386524677276611,
        0.7517985105514526,
        0.7586397528648376,
        0.6808046102523804,
        0.6823004484176636,
        0.6807041168212891,
        0.6056206226348877,
        0.6682907938957214,
        0.6725283861160278,
        0.6710476875305176,
        0.676985502243042,
        0.6460927724838257
    ],
    "val_mape": [
        23.656496047973633,
        23.25204849243164,
        22.98957633972168,
        20.77666473388672,
        21.751081466674805,
        21.605697631835938,
        23.033185958862305,
        20.082059860229492,
        25.966650009155273,
        26.467021942138672,
        22.551525115966797,
        30.379039764404297,
        24.78497886657715,
        24.257095336914062,
        25.707185745239258,
        22.86147117614746,
        23.981895446777344
    ],