{
    "train_loss": [
        0.01176559843887396,
        0.004598090531942653,
        0.004376432616734166,
        0.004477457204890006,
        0.0045662585116210295,
        0.004385535262128715,
        0.00416599387013169,
        0.004508269633830926,
        0.004372177078613825,
        0.004313813799770118,
        0.0043893477617185156,
        0.0043032652511849736,
        0.0043551543737056515,
        0.00443099531858374,
        0.0038729217178643262,
        0.0038142469751259846,
        0.0038931031563967837,
        0.003974304700201483
    ],
    "train_mae": [
        0.07022349536418915,
        0.053331661969423294,
        0.05174501985311508,
        0.05254371091723442,
        0.05279458686709404,
        0.05181849002838135,
        0.05027484521269798,
        0.05252727493643761,
        0.05161096528172493,
        0.05134391784667969,
        0.051619913429021835,
        0.051391977816820145,
        0.05159429833292961,
        0.05216240510344505,
        0.04847169667482376,
        0.04810328781604767,
        0.048439498990774155,
        0.04910459369421005
    ],
    "train_mse": [
        0.011765597388148308,
        0.004598090425133705,
        0.00437643239274621,
        0.004477457143366337,
        0.004566258750855923,
        0.004385535139590502,
        0.004165994003415108,
        0.004508269485086203,
        0.004372177179902792,
        0.004313813988119364,
        0.0043893479742109776,
        0.004303265362977982,
        0.004355154000222683,
        0.00443099532276392,
        0.0038729216903448105,
        0.003814247203990817,
        0.0038931029848754406,
        0.003974304534494877
    ],
    "train_rmse": [
        0.10846933722496033,
        0.06780922412872314,
        0.0661546066403389,
        0.06691380590200424,
        0.06757409870624542,
        0.0662233754992485,
        0.06454451382160187,
        0.06714364886283875,
        0.06612244248390198,
        0.065679632127285,
        0.06625215709209442,
        0.06559927761554718,
        0.06599359214305878,
        0.06656572222709656,
        0.06223280355334282,
        0.0617595911026001,
        0.06239473447203636,
        0.06304208189249039
    ],
    "train_r2": [
        0.4469205141067505,
        0.7838521003723145,
        0.7942718267440796,
        0.7895228266716003,
        0.7853484153747559,
        0.7938439249992371,
        0.8041641712188721,
        0.7880743741989136,
        0.7944718599319458,
        0.7972153425216675,
        0.7936646938323975,
        0.7977112531661987,
        0.7952720522880554,
        0.791706919670105,
        0.8179409503936768,
        0.8206990957260132,
        0.8169922828674316,
        0.8131750822067261
    ],
    "train_mape": [
        23.06848907470703,
        17.89935874938965,
        17.32842254638672,
        17.627544403076172,
        17.875286102294922,
        17.684715270996094,
        17.15601921081543,
        17.966318130493164,
        17.957006454467773,
        17.63422203063965,
        17.658069610595703,
        17.684524536132812,
        17.57238006591797,
        17.981788635253906,
        16.615150451660156,
        16.49432373046875,
        16.754878997802734,
        16.89111328125
    ],
    "train_smape": [
        20.358428955078125,
        15.614350318908691,
        15.169568061828613,
        15.32242488861084,
        15.482812881469727,
        15.2385892868042,
        14.838868141174316,
        15.421372413635254,
        15.26333236694336,
        15.133777618408203,
        15.221839904785156,
        15.233085632324219,
        15.169514656066895,
        15.445728302001953,
        14.3677396774292,
        14.282804489135742,
        14.43822956085205,
        14.57948112487793
    ],
    "train_explained_variance": [
        0.44738954305648804,
        0.7838568687438965,
        0.7942829132080078,
        0.7895312905311584,
        0.7853502631187439,
        0.7938531637191772,
        0.8041642308235168,
        0.7880769968032837,
        0.7944718599319458,
        0.7972198724746704,
        0.7936646938323975,
        0.7977122664451599,
        0.7952746748924255,
        0.791706919670105,
        0.8179409503936768,
        0.8206992745399475,
        0.8169924020767212,
        0.8131750822067261
    ],
    "train_peak_error": [
        0.9530248641967773,
        0.3481990694999695,
        0.3659530282020569,
        0.3731776475906372,
        0.33961957693099976,
        0.34691697359085083,
        0.38554084300994873,
        0.37969547510147095,
        0.3876231908798218,
        0.3839101195335388,
        0.3681221008300781,
        0.36908769607543945,
        0.37282830476760864,
        0.4665699005126953,
        0.3821147680282593,
        0.3611403703689575,
        0.35418426990509033,
        0.32107263803482056
    ],
    "val_loss": [
        0.005087316562890631,
        0.0036448677010472406,
        0.00362850473443274,
        0.004142161215380799,
        0.003955211120811726,
        0.0040491430061407015,
        0.004289773464899698,
        0.004314935744451962,
        0.004741049344289592,
        0.0038948242143533535,
        0.004016079088478691,
        0.004258425901911938,
        0.004970965882857069,
        0.005087069873865559,
        0.003703430482260079,
        0.0037905861302647446,
        0.004315890462653672,
        0.003699398976181158
    ],
    "val_mae": [
        0.057650450617074966,
        0.04818437248468399,
        0.04743875935673714,
        0.05101148784160614,
        0.04980957508087158,
        0.0501636303961277,
        0.05162980407476425,
        0.051739104092121124,
        0.053755708038806915,
        0.049175962805747986,
        0.04998301714658737,
        0.052214134484529495,
        0.054775137454271317,
        0.05717509239912033,
        0.04813697934150696,
        0.04840603470802307,
        0.051429662853479385,
        0.04762543365359306
    ],
    "val_mse": [
        0.0050873165018856525,
        0.0036448678001761436,
        0.003628504928201437,
        0.004142161458730698,
        0.003955211024731398,
        0.004049142822623253,
        0.0042897737585008144,
        0.004314935766160488,
        0.004741049371659756,
        0.00389482406899333,
        0.0040160794742405415,
        0.004258426371961832,
        0.004970965441316366,
        0.0050870697014033794,
        0.003703430527821183,
        0.00379058625549078,
        0.004315890371799469,
        0.0036993990652263165
    ],
    "val_rmse": [
        0.07132542878389359,
        0.060372740030288696,
        0.06023707240819931,
        0.0643596276640892,
        0.06289047002792358,
        0.06363287568092346,
        0.06549636274576187,
        0.06568817049264908,
        0.06885527819395065,
        0.06240852549672127,
        0.06337254494428635,
        0.06525661796331406,
        0.07050507515668869,
        0.0713237002491951,
        0.060855817049741745,
        0.06156773865222931,
        0.06569543480873108,
        0.060822684317827225
    ],
    "val_r2": [
        0.6459596157073975,
        0.7463436126708984,
        0.7474822998046875,
        0.7117356061935425,
        0.7247459888458252,
        0.7182090282440186,
        0.7014628648757935,
        0.6997116804122925,
        0.6700572967529297,
        0.7289484739303589,
        0.7205100059509277,
        0.7036443948745728,
        0.6540567874908447,
        0.6459767818450928,
        0.7422680854797363,
        0.7362026572227478,
        0.6996452808380127,
        0.7425485849380493
    ],