{
    "train_loss": [
        0.007659420526954864,
        0.0035837364708158005,
        0.003340730335287315,
        0.0031809330065674124,
        0.003054810004868964,
        0.0030076307315233183,
        0.0028813696371501603,
        0.002822495115443289,
        0.002684384337394344,
        0.002570895430432466,
        0.0025562234117848534,
        0.0024024636038207227,
        0.0023452023082600458,
        0.0022268215813493427,
        0.002185258060322455,
        0.0020470797449072963,
        0.0020706699941640005,
        0.001928114751063793,
        0.0017914381381171419,
        0.0017834297533650051
    ],
    "train_mae": [
        0.06309615820646286,
        0.046319372951984406,
        0.04494452476501465,
        0.043876342475414276,
        0.04289639741182327,
        0.04270939156413078,
        0.04162667691707611,
        0.04134166240692139,
        0.040067944675683975,
        0.03938199207186699,
        0.03930163383483887,
        0.0379660464823246,
        0.037716083228588104,
        0.03675577789545059,
        0.036365166306495667,
        0.035105060786008835,
        0.03527485951781273,
        0.03405284881591797,
        0.03263060748577118,
        0.03273816406726837
    ],
    "train_mse": [
        0.007659420371055603,
        0.003583736252039671,
        0.0033407302107661963,
        0.003180932952091098,
        0.0030548102222383022,
        0.0030076305847615004,
        0.0028813695535063744,
        0.0028224950656294823,
        0.0026843843515962362,
        0.0025708957109600306,
        0.0025562234222888947,
        0.0024024636950343847,
        0.0023452024906873703,
        0.0022268216125667095,
        0.0021852580830454826,
        0.002047079848125577,
        0.0020706700161099434,
        0.0019281147979199886,
        0.0017914380878210068,
        0.0017834296450018883
    ],
    "train_rmse": [
        0.087518110871315,
        0.05986431613564491,
        0.057799048721790314,
        0.05639975890517235,
        0.05527033656835556,
        0.054841868579387665,
        0.05367838963866234,
        0.05312715843319893,
        0.05181104317307472,
        0.050704002380371094,
        0.05055910721421242,
        0.04901493340730667,
        0.048427291214466095,
        0.04718920961022377,
        0.04674674570560455,
        0.045244667679071426,
        0.0455046147108078,
        0.043910302221775055,
        0.04232538491487503,
        0.042230673134326935
    ],
    "train_r2": [
        0.6399444341659546,
        0.8315350413322449,
        0.8429583311080933,
        0.8504700660705566,
        0.85639888048172,
        0.8586167097091675,
        0.8645520210266113,
        0.8673195838928223,
        0.8738119602203369,
        0.8791468143463135,
        0.8798365592956543,
        0.887064516544342,
        0.8897562623023987,
        0.8953211307525635,
        0.8972749710083008,
        0.9037704467773438,
        0.9026615619659424,
        0.90936279296875,
        0.9157876968383789,
        0.9161641597747803
    ],
    "train_mape": [
        20.610763549804688,
        15.539807319641113,
        15.02890396118164,
        14.593219757080078,
        14.182768821716309,
        14.220709800720215,
        13.608023643493652,
        13.573606491088867,
        13.107782363891602,
        12.813740730285645,
        12.778681755065918,
        12.307872772216797,
        12.124129295349121,
        11.764026641845703,
        11.71517562866211,
        11.147357940673828,
        11.275617599487305,
        10.932418823242188,
        10.34092903137207,
        10.35596752166748
    ],
    "train_smape": [
        18.202022552490234,
        13.664186477661133,
        13.267991065979004,
        12.958113670349121,
        12.710025787353516,
        12.653632164001465,
        12.295660018920898,
        12.239534378051758,
        11.871349334716797,
        11.611242294311523,
        11.643518447875977,
        11.23352336883545,
        11.158890724182129,
        10.841927528381348,
        10.779181480407715,
        10.302483558654785,
        10.442523002624512,
        10.103353500366211,
        9.632156372070312,
        9.686166763305664
    ],
    "train_explained_variance": [
        0.6406054496765137,
        0.8315376043319702,
        0.8429607152938843,
        0.8504730463027954,
        0.8563989400863647,
        0.8586205244064331,
        0.8645520210266113,
        0.8673231601715088,
        0.873812198638916,
        0.8791474103927612,
        0.8798385858535767,
        0.8870647549629211,
        0.8897565603256226,
        0.8953214883804321,
        0.8972757458686829,
        0.9037705063819885,
        0.902665376663208,
        0.9093635082244873,
        0.9157888889312744,
        0.9161643385887146
    ],
    "train_peak_error": [
        0.7229135036468506,
        0.3182414770126343,
        0.30936282873153687,
        0.29898500442504883,
        0.2997274398803711,
        0.2913145422935486,
        0.2878293991088867,
        0.3005945086479187,
        0.2743627429008484,
        0.24203398823738098,
        0.25650614500045776,
        0.2564823627471924,
        0.274352490901947,
        0.26684775948524475,
        0.25228288769721985,
        0.2364165484905243,
        0.24253398180007935,
        0.2063591480255127,
        0.236160010099411,
        0.2354901134967804
    ],
    "val_loss": [
        0.003720080503162077,
        0.0037380279569799524,
        0.0033528441991054004,
        0.0032484965995892134,
        0.003252311893638304,
        0.003789567502932422,
        0.003290587632796265,
        0.0035664276173338295,
        0.003748921403969578,
        0.003231276932252879,
        0.0038684552755180023,
        0.003523923464055783,
        0.003850901810613146,
        0.003763053854458409,
        0.00406187338272123,
        0.004389221793804451,
        0.005350116997582021,
        0.0043419603927047565,
        0.004340197494883332,
        0.004439049360556729
    ],
    "val_mae": [
        0.04799021780490875,
        0.04834957793354988,
        0.04586546868085861,
        0.045215461403131485,
        0.045321132987737656,
        0.04916272684931755,
        0.04590766876935959,
        0.047894448041915894,
        0.04878639429807663,
        0.045350369065999985,
        0.049630966037511826,
        0.04752839356660843,
        0.04927868768572807,
        0.049080539494752884,
        0.05110730230808258,
        0.0526701882481575,
        0.059564050287008286,
        0.05194378271698952,
        0.05303507298231125,
        0.05308840423822403
    ],
    "val_mse": [
        0.003720080479979515,
        0.00373802799731493,
        0.0033528441563248634,
        0.003248496213927865,
        0.0032523118425160646,
        0.0037895673885941505,
        0.0032905875705182552,
        0.0035664273891597986,
        0.0037489214446395636,
        0.0032312769908457994,
        0.0038684553001075983,
        0.0035239234566688538,
        0.0038509017322212458,
        0.00376305403187871,
        0.004061873536556959,
        0.004389221780002117,
        0.005350116640329361,
        0.004341960418969393,
        0.004340197425335646,
        0.0044390494003891945
    ],
    "val_rmse": [
        0.06099246069788933,
        0.061139415949583054,
        0.057903748005628586,
        0.05699558183550835,
        0.05702904239296913,
        0.06155946105718613,
        0.05736364424228668,
        0.059719573706388474,
        0.0612284354865551,
        0.0568443238735199,
        0.06219690665602684,
        0.05936264246702194,
        0.06205563247203827,
        0.061343736946582794,
        0.06373283267021179,
        0.06625120341777802,
        0.07314448803663254,
        0.06589355319738388,
        0.0658801719546318,
        0.06662619113922119
    ],