{
    "train_loss": [
        0.017903290116896457,
        0.004420772293793282,
        0.00393821592795327,
        0.0035866100500732325,
        0.003634953474198709,
        0.003092314851028586,
        0.002979032387835859,
        0.002691910129309726,
        0.0026035712520780666,
        0.0024312913563666917,
        0.0021099177299999665,
        0.002005343001673168,
        0.0017721800741708274,
        0.001832035210305997,
        0.0014364478885174605,
        0.0009447861209501896,
        0.0008477259678575344,
        0.0007749072170868024,
        0.0007781888765755289
    ],
    "train_mae": [
        0.0703277736902237,
        0.052293069660663605,
        0.04899216443300247,
        0.04688496142625809,
        0.04698698967695236,
        0.043293293565511703,
        0.042398493736982346,
        0.040322963148355484,
        0.03983158618211746,
        0.03833194077014923,
        0.036061257123947144,
        0.03505207970738411,
        0.03288189694285393,
        0.03333929926156998,
        0.029685128480196,
        0.02392035908997059,
        0.022563066333532333,
        0.021657761186361313,
        0.021727150306105614
    ],
    "train_mse": [
        0.017903286963701248,
        0.004420772194862366,
        0.003938215784728527,
        0.0035866100806742907,
        0.0036349534057080746,
        0.003092314815148711,
        0.002979032229632139,
        0.0026919101364910603,
        0.0026035711634904146,
        0.002431291388347745,
        0.002109917812049389,
        0.0020053430926054716,
        0.001772180083207786,
        0.0018320351373404264,
        0.0014364479575306177,
        0.0009447861230000854,
        0.0008477260125800967,
        0.0007749071810394526,
        0.0007781889289617538
    ],
    "train_rmse": [
        0.13380315899848938,
        0.06648888438940048,
        0.06275520473718643,
        0.059888314455747604,
        0.06029057502746582,
        0.055608585476875305,
        0.054580509662628174,
        0.05188361927866936,
        0.05102520063519478,
        0.04930812865495682,
        0.04593384265899658,
        0.04478105902671814,
        0.042097270488739014,
        0.04280227795243263,
        0.03790049999952316,
        0.03073737397789955,
        0.02911573462188244,
        0.027837155386805534,
        0.027896037325263023
    ],
    "train_r2": [
        0.1583988070487976,
        0.7921874523162842,
        0.8148715496063232,
        0.8313999176025391,
        0.8291273713111877,
        0.8546358346939087,
        0.8599610924720764,
        0.8734581470489502,
        0.8776108026504517,
        0.8857094049453735,
        0.9008165597915649,
        0.9057324528694153,
        0.9166930317878723,
        0.9138793349266052,
        0.9324751496315002,
        0.9555873274803162,
        0.9601499438285828,
        0.9635730385780334,
        0.96341872215271
    ],
    "train_mape": [
        23.198888778686523,
        17.518266677856445,
        16.31537628173828,
        15.396836280822754,
        15.322568893432617,
        14.028299331665039,
        13.61980152130127,
        12.729915618896484,
        12.61295223236084,
        12.11302661895752,
        11.21470832824707,
        10.966806411743164,
        10.281172752380371,
        10.462015151977539,
        9.167627334594727,
        7.3531174659729,
        6.89776611328125,
        6.568531513214111,
        6.516227722167969
    ],
    "train_smape": [
        19.1173038482666,
        15.322244644165039,
        14.361617088317871,
        13.773764610290527,
        13.772456169128418,
        12.765188217163086,
        12.385031700134277,
        11.775184631347656,
        11.66220474243164,
        11.197160720825195,
        10.500848770141602,
        10.239983558654785,
        9.679139137268066,
        9.769205093383789,
        8.769542694091797,
        7.0309295654296875,
        6.6622748374938965,
        6.394167423248291,
        6.409184455871582
    ],
    "train_explained_variance": [
        0.15912526845932007,
        0.7921911478042603,
        0.8148883581161499,
        0.8313999176025391,
        0.829131007194519,
        0.8546411991119385,
        0.8599647879600525,
        0.8734596967697144,
        0.8776112794876099,
        0.8857128620147705,
        0.9008172154426575,
        0.9057372212409973,
        0.9166938066482544,
        0.9138798117637634,
        0.932475209236145,
        0.9555875062942505,
        0.9601500034332275,
        0.9635730385780334,
        0.9634190797805786
    ],
    "train_peak_error": [
        2.547170877456665,
        0.32451361417770386,
        0.3044041395187378,
        0.31512707471847534,
        0.31541410088539124,
        0.26925575733184814,
        0.24619615077972412,
        0.2959907054901123,
        0.23551228642463684,
        0.23162779211997986,
        0.2425422966480255,
        0.24324360489845276,
        0.229773610830307,
        0.2663272023200989,
        0.2569321393966675,
        0.15337863564491272,
        0.13693660497665405,
        0.14831584692001343,
        0.14241793751716614
    ],
    "val_loss": [
        0.0037300219336229797,
        0.005326109703415804,
        0.005364145501315754,
        0.003352538112839081,
        0.0036821039534917625,
        0.003476545738873722,
        0.004689666064817914,
        0.0036411898280996426,
        0.003947013080012884,
        0.00462982983120697,
        0.005320418878197134,
        0.004479811362814989,
        0.004966196606887116,
        0.004563061311914713,
        0.005124543040736223,
        0.005269753472852729,
        0.006236071411600644,
        0.005140076319975175,
        0.004977395899339224
    ],
    "val_mae": [
        0.04829369857907295,
        0.05877670645713806,
        0.05962640792131424,
        0.04587172344326973,
        0.04878067597746849,
        0.04752413183450699,
        0.055382344871759415,
        0.04833891987800598,
        0.05072963237762451,
        0.05396691709756851,
        0.05818274989724159,
        0.05384622886776924,
        0.056270454078912735,
        0.05418013036251068,
        0.057464029639959335,
        0.058230120688676834,
        0.06313998252153397,
        0.057694949209690094,
        0.05655381456017494
    ],
    "val_mse": [
        0.003730021882802248,
        0.0053261094726622105,
        0.005364145617932081,
        0.0033525382168591022,
        0.0036821039393544197,
        0.0034765456803143024,
        0.004689665976911783,
        0.003641190007328987,
        0.003947013057768345,
        0.004629829898476601,
        0.00532041909173131,
        0.004479811526834965,
        0.00496619613841176,
        0.0045630610547959805,
        0.005124542862176895,
        0.005269753281027079,
        0.006236071698367596,
        0.005140075460076332,
        0.004977395758032799
    ],
    "val_rmse": [
        0.0610739067196846,
        0.07298020273447037,
        0.07324032485485077,
        0.057901106774806976,
        0.060680340975522995,
        0.05896224081516266,
        0.06848113238811493,
        0.060342274606227875,
        0.06282525509595871,
        0.06804285198450089,
        0.07294120639562607,
        0.06693139672279358,
        0.07047124207019806,
        0.06755043566226959,
        0.07158591598272324,
        0.07259306311607361,
        0.07896880060434341,
        0.07169432193040848,
        0.07055065780878067
    ],