{
    "train_loss": [
        0.5859275766905486,
        0.007358830729031065,
        0.0062173748678176315,
        0.0057021358874330096,
        0.006227364119923451,
        0.005789711585660458,
        0.005289609960067812,
        0.005656048409897602,
        0.005552522614797636,
        0.005202816324028764,
        0.005447161508796336,
        0.005612975323635136,
        0.005324355043144591,
        0.005318542133593589,
        0.005148267314544991,
        0.005104657176280511,
        0.005892481437218336,
        0.005574587601306562,
        0.005517870825183194,
        0.005153672269169601,
        0.005347230171796335,
        0.005306859935337689,
        0.005073989842069667,
        0.005031579118044072
    ],
    "train_mae": [
        0.2279464453458786,
        0.06746865063905716,
        0.062261998653411865,
        0.05923894792795181,
        0.06236875057220459,
        0.05965151637792587,
        0.056974321603775024,
        0.05924073979258537,
        0.0583309642970562,
        0.05646030604839325,
        0.05790579691529274,
        0.058835968375205994,
        0.05709119141101837,
        0.057121407240629196,
        0.05634962022304535,
        0.05585736781358719,
        0.060279667377471924,
        0.058547914028167725,
        0.05826038122177124,
        0.05633476749062538,
        0.05752011016011238,
        0.057188428938388824,
        0.055839382112026215,
        0.05552593618631363
    ],
    "train_mse": [
        0.5859276056289673,
        0.00735883042216301,
        0.006217374932020903,
        0.00570213608443737,
        0.006227363832294941,
        0.005789711140096188,
        0.005289610009640455,
        0.005656048655509949,
        0.005552522838115692,
        0.00520281633362174,
        0.0054471613839268684,
        0.00561297545209527,
        0.005324355326592922,
        0.00531854247674346,
        0.0051482669077813625,
        0.0051046572625637054,
        0.005892481189221144,
        0.005574587732553482,
        0.005517870653420687,
        0.0051536718383431435,
        0.005347230471670628,
        0.005306859966367483,
        0.005073989741504192,
        0.005031579174101353
    ],
    "train_rmse": [
        0.7654590606689453,
        0.08578362315893173,
        0.07885032892227173,
        0.07551249116659164,
        0.07891365140676498,
        0.07609014958143234,
        0.07272970676422119,
        0.0752067044377327,
        0.07451525330543518,
        0.07213055342435837,
        0.07380488514900208,
        0.07491979002952576,
        0.07296817749738693,
        0.07292833924293518,
        0.0717514231801033,
        0.07144688069820404,
        0.07676249742507935,
        0.07466316223144531,
        0.07428237050771713,
        0.07178907841444016,
        0.07312475889921188,
        0.07284820079803467,
        0.07123194634914398,
        0.07093362510204315
    ],
    "train_r2": [
        -26.543399810791016,
        0.6540746688842773,
        0.7077324390411377,
        0.7319529056549072,
        0.7072628736495972,
        0.7278361320495605,
        0.7513449788093567,
        0.7341193556785583,
        0.7389858961105347,
        0.755424976348877,
        0.7439388036727905,
        0.7361441254615784,
        0.7497116327285767,
        0.7499849200248718,
        0.7579892873764038,
        0.7600392699241638,
        0.7230051159858704,
        0.7379487156867981,
        0.7406148910522461,
        0.7577351927757263,
        0.7486363649368286,
        0.7505341172218323,
        0.7614809274673462,
        0.7634745240211487
    ],
    "train_mape": [
        69.79495239257812,
        21.967321395874023,
        20.096887588500977,
        19.208053588867188,
        19.836301803588867,
        19.3044490814209,
        18.286348342895508,
        19.23736572265625,
        18.755043029785156,
        18.10535430908203,
        18.583232879638672,
        18.817182540893555,
        18.435087203979492,
        18.536121368408203,
        18.105939865112305,
        18.002845764160156,
        19.521738052368164,
        19.183778762817383,
        19.261280059814453,
        18.692867279052734,
        18.750751495361328,
        18.735937118530273,
        18.51226806640625,
        18.238971710205078
    ],
    "train_smape": [
        47.008056640625,
        19.182180404663086,
        18.03595733642578,
        17.221080780029297,
        18.063684463500977,
        17.347427368164062,
        16.566892623901367,
        17.20834732055664,
        16.959991455078125,
        16.40262794494629,
        16.78912925720215,
        17.027347564697266,
        16.566190719604492,
        16.557559967041016,
        16.28750228881836,
        16.139970779418945,
        17.211877822875977,
        16.816553115844727,
        16.77507972717285,
        16.320322036743164,
        16.537097930908203,
        16.47016143798828,
        16.18520736694336,
        16.069026947021484
    ],
    "train_explained_variance": [
        -26.54269027709961,
        0.6540746688842773,
        0.7077325582504272,
        0.7319531440734863,
        0.7072687149047852,
        0.7278361320495605,
        0.7513452768325806,
        0.7341194152832031,
        0.7389919757843018,
        0.7554323077201843,
        0.7439396381378174,
        0.7361587285995483,
        0.7497201561927795,
        0.7499954700469971,
        0.7580043077468872,
        0.7600393295288086,
        0.7230367660522461,
        0.7379486560821533,
        0.7406149506568909,
        0.7577352523803711,
        0.7486374378204346,
        0.7505342960357666,
        0.761481761932373,
        0.7634745836257935
    ],
    "train_peak_error": [
        13.356701850891113,
        0.48443877696990967,
        0.4141683578491211,
        0.3834799528121948,
        0.4332936406135559,
        0.3966022729873657,
        0.37333017587661743,
        0.37297433614730835,
        0.4171990156173706,
        0.38212156295776367,
        0.41940826177597046,
        0.37596839666366577,
        0.390781044960022,
        0.3741946220397949,
        0.37186968326568604,
        0.3639501929283142,
        0.41529422998428345,
        0.3705642819404602,
        0.4081515073776245,
        0.390536367893219,
        0.35736221075057983,
        0.4159719944000244,
        0.3778609037399292,
        0.36736536026000977
    ],
    "val_loss": [
        0.008083416976490253,
        0.006041234191239094,
        0.004422378753104227,
        0.006330070081267425,
        0.009038171569327656,
        0.004170926483013004,
        0.0038184858730612257,
        0.003776007150333348,
        0.003985496392446778,
        0.014275089367259321,
        0.0038621735838811387,
        0.004775726080155201,
        0.004156253260942243,
        0.0036523336886341196,
        0.005891252034109273,
        0.004229142196784667,
        0.004968726441612561,
        0.0038619102774817738,
        0.004043048658012915,
        0.0043000539215348604,
        0.00687701164027877,
        0.007480477412639976,
        0.003683575435253463,
        0.0038375701143560435
    ],
    "val_mae": [
        0.07251017540693283,
        0.06293129175901413,
        0.05289498344063759,
        0.06468553841114044,
        0.08018963038921356,
        0.05140436068177223,
        0.04886973276734352,
        0.04838422313332558,
        0.05024166405200958,
        0.10611384361982346,
        0.048737913370132446,
        0.055579815059900284,
        0.051287420094013214,
        0.04743308946490288,
        0.062482062727212906,
        0.05078205093741417,
        0.056088436394929886,
        0.048891931772232056,
        0.049874842166900635,
        0.05194098502397537,
        0.06857838481664658,
        0.07221060246229172,
        0.04796251654624939,
        0.048940371721982956
    ],