{
    "train_loss": [
        0.011958401442949912,
        0.003933881905996572,
        0.003566318544116403,
        0.003471026479130782,
        0.003341437204405348,
        0.0033456169944828906,
        0.003198230635777368,
        0.0031788803722560648,
        0.003094049877626355,
        0.003041930115921171,
        0.002977047160662053,
        0.0029241434557948404,
        0.0028681404580636425,
        0.0028212589381863104,
        0.002711468901662487,
        0.002657867691654655,
        0.002615462869694286,
        0.00256809428886395,
        0.0025931444148075264,
        0.002478700648341146,
        0.0024241305375519943,
        0.0023871252453077914,
        0.0023707146446321006,
        0.001999919909557495,
        0.0019495815570930435,
        0.0019431597529773845,
        0.0019280276360710087
    ],
    "train_mae": [
        0.07345128804445267,
        0.04870881512761116,
        0.04633878916501999,
        0.04584190621972084,
        0.044786885380744934,
        0.044930510222911835,
        0.043716177344322205,
        0.04378515109419823,
        0.043098244816064835,
        0.042788825929164886,
        0.04252544417977333,
        0.04212808609008789,
        0.041581254452466965,
        0.04133180156350136,
        0.04042787477374077,
        0.03999851271510124,
        0.03953079134225845,
        0.03928692638874054,
        0.03945944458246231,
        0.0384787879884243,
        0.03839345648884773,
        0.03777594119310379,
        0.03787057101726532,
        0.03442295640707016,
        0.03398976847529411,
        0.03393692895770073,
        0.033782895654439926
    ],
    "train_mse": [
        0.011958401650190353,
        0.003933882340788841,
        0.0035663184244185686,
        0.0034710264299064875,
        0.0033414370846003294,
        0.0033456170931458473,
        0.003198230406269431,
        0.003178880549967289,
        0.00309404986910522,
        0.00304193003103137,
        0.0029770468827337027,
        0.0029241435695439577,
        0.002868140349164605,
        0.0028212585020810366,
        0.00271146884188056,
        0.0026578677352517843,
        0.002615462988615036,
        0.002568094525486231,
        0.0025931443087756634,
        0.0024787005968391895,
        0.00242413068190217,
        0.002387125277891755,
        0.0023707146756350994,
        0.0019999200012534857,
        0.0019495816668495536,
        0.0019431597320362926,
        0.0019280276028439403
    ],
    "train_rmse": [
        0.10935447365045547,
        0.06272067129611969,
        0.05971866101026535,
        0.05891541764140129,
        0.05780516564846039,
        0.057841308414936066,
        0.05655289813876152,
        0.05638156086206436,
        0.055624183267354965,
        0.05515369400382042,
        0.05456232279539108,
        0.05407534912228584,
        0.053555022925138474,
        0.053115520626306534,
        0.052071765065193176,
        0.05155451223254204,
        0.05114159733057022,
        0.0506763719022274,
        0.050922926515340805,
        0.04978654906153679,
        0.04923546314239502,
        0.048858217895030975,
        0.048689983785152435,
        0.04472046345472336,
        0.04415406659245491,
        0.04408128559589386,
        0.043909311294555664
    ],
    "train_r2": [
        0.43785709142684937,
        0.8150752782821655,
        0.8323538303375244,
        0.8368332982063293,
        0.8429250717163086,
        0.8427286148071289,
        0.8496569395065308,
        0.850566565990448,
        0.854554295539856,
        0.8570044040679932,
        0.8600543737411499,
        0.8625413179397583,
        0.8651739358901978,
        0.867377758026123,
        0.8725387454032898,
        0.8750584125518799,
        0.877051830291748,
        0.8792785406112671,
        0.8781009316444397,
        0.8834807872772217,
        0.8860459923744202,
        0.8877855539321899,
        0.888556957244873,
        0.9059873819351196,
        0.9083536863327026,
        0.90865558385849,
        0.9093669056892395
    ],
    "train_mape": [
        23.560056686401367,
        16.498079299926758,
        15.790414810180664,
        15.523819923400879,
        15.147571563720703,
        15.019705772399902,
        14.690293312072754,
        14.613353729248047,
        14.350173950195312,
        14.25305461883545,
        14.105062484741211,
        13.886544227600098,
        13.627994537353516,
        13.609926223754883,
        13.227218627929688,
        13.07640552520752,
        12.84988784790039,
        12.802678108215332,
        12.80939769744873,
        12.459678649902344,
        12.39750862121582,
        12.225966453552246,
        12.16207504272461,
        11.016809463500977,
        10.85633373260498,
        10.859742164611816,
        10.814007759094238
    ],
    "train_smape": [
        21.73700714111328,
        14.349042892456055,
        13.736075401306152,
        13.576409339904785,
        13.244305610656738,
        13.245290756225586,
        12.934449195861816,
        12.956086158752441,
        12.767071723937988,
        12.662320137023926,
        12.599410057067871,
        12.440272331237793,
        12.232000350952148,
        12.229286193847656,
        11.912666320800781,
        11.786676406860352,
        11.653883934020996,
        11.573884010314941,
        11.591636657714844,
        11.277050971984863,
        11.286505699157715,
        11.126678466796875,
        11.060967445373535,
        10.067256927490234,
        9.944679260253906,
        9.93187427520752,
        9.882826805114746
    ],
    "train_explained_variance": [
        0.4426344037055969,
        0.8150821328163147,
        0.8323559165000916,
        0.8368333578109741,
        0.8429253101348877,
        0.8427295684814453,
        0.8496570587158203,
        0.850566565990448,
        0.8545544147491455,
        0.8570050597190857,
        0.8600562810897827,
        0.8625413179397583,
        0.8651767373085022,
        0.867377758026123,
        0.8725387454032898,
        0.8750592470169067,
        0.8770521283149719,
        0.8792786002159119,
        0.8781026601791382,
        0.8834807872772217,
        0.8860470056533813,
        0.8877862095832825,
        0.8885601758956909,
        0.9059916138648987,
        0.9083547592163086,
        0.9086586236953735,
        0.9093669056892395
    ],
    "train_peak_error": [
        1.0349591970443726,
        0.3587942123413086,
        0.3388446569442749,
        0.3095972537994385,
        0.31385278701782227,
        0.3035200834274292,
        0.29474788904190063,
        0.3088802695274353,
        0.2986406683921814,
        0.2811047434806824,
        0.300478994846344,
        0.2730844020843506,
        0.27384620904922485,
        0.2774062156677246,
        0.2673377990722656,
        0.2834601402282715,
        0.2657581567764282,
        0.26577866077423096,
        0.25119805335998535,
        0.25936195254325867,
        0.2840622067451477,
        0.23620283603668213,
        0.254957914352417,
        0.23168987035751343,
        0.21248912811279297,
        0.22990036010742188,
        0.22798675298690796
    ],