{
    "train_loss": [
        0.016990678053513678,
        0.004356358772781896,
        0.003916203486971623,
        0.003456193674162814,
        0.003409168308330465,
        0.0030909524833141904,
        0.0030539017633434964,
        0.002803625652037813,
        0.0025804163286526093,
        0.0023497421251201978,
        0.0022612088869820688,
        0.0018808147866118754,
        0.0016445891243209601,
        0.0014872694995658577,
        0.0015792916109187887
    ],
    "train_mae": [
        0.07395753264427185,
        0.05192621797323227,
        0.04874958097934723,
        0.04557989910244942,
        0.04537788778543472,
        0.0431348942220211,
        0.04307268559932709,
        0.041231509298086166,
        0.039408981800079346,
        0.03784290328621864,
        0.03727472573518753,
        0.033789679408073425,
        0.03176894783973694,
        0.030057763680815697,
        0.031020794063806534
    ],
    "train_mse": [
        0.016990678384900093,
        0.004356358665972948,
        0.003916203510016203,
        0.003456193720921874,
        0.003409168217331171,
        0.0030909525230526924,
        0.003053901717066765,
        0.0028036257717758417,
        0.002580416388809681,
        0.00234974198974669,
        0.002261208603158593,
        0.0018808147870004177,
        0.0016445891233161092,
        0.0014872694155201316,
        0.0015792915364727378
    ],
    "train_rmse": [
        0.1303482949733734,
        0.06600271910429001,
        0.06257957965135574,
        0.05878940224647522,
        0.058388084173202515,
        0.05559633672237396,
        0.05526211857795715,
        0.05294927582144737,
        0.05079779773950577,
        0.048474136739969254,
        0.04755216836929321,
        0.04336836189031601,
        0.04055353254079819,
        0.03856513276696205,
        0.03974030166864395
    ],
    "train_r2": [
        0.20129889249801636,
        0.7952154278755188,
        0.8159063458442688,
        0.8375306129455566,
        0.8397411108016968,
        0.8546999096870422,
        0.8564416170120239,
        0.8682066202163696,
        0.8786993026733398,
        0.8895428776741028,
        0.8937046527862549,
        0.9115862846374512,
        0.9226908087730408,
        0.9300861358642578,
        0.9257603883743286
    ],
    "train_mape": [
        23.829082489013672,
        17.413076400756836,
        16.33734130859375,
        15.216554641723633,
        15.07584285736084,
        14.268903732299805,
        14.163216590881348,
        13.32656478881836,
        12.749319076538086,
        12.186257362365723,
        12.258683204650879,
        10.684243202209473,
        9.883536338806152,
        9.344000816345215,
        9.785135269165039
    ],
    "train_smape": [
        20.739871978759766,
        15.176628112792969,
        14.310259819030762,
        13.535358428955078,
        13.439231872558594,
        12.829424858093262,
        12.791583061218262,
        12.1842622756958,
        11.697964668273926,
        11.223665237426758,
        11.124013900756836,
        9.982840538024902,
        9.358591079711914,
        8.915969848632812,
        9.261933326721191
    ],
    "train_explained_variance": [
        0.20134788751602173,
        0.7952232956886292,
        0.8159081935882568,
        0.8375355005264282,
        0.8397492170333862,
        0.8547009229660034,
        0.8564441800117493,
        0.8682120442390442,
        0.8786998987197876,
        0.8895428776741028,
        0.8937049508094788,
        0.9115862846374512,
        0.9226908683776855,
        0.9300873279571533,
        0.9257605075836182
    ],
    "train_peak_error": [
        1.9843945503234863,
        0.339202344417572,
        0.3125709295272827,
        0.33850210905075073,
        0.3311702013015747,
        0.2639428973197937,
        0.2858741879463196,
        0.2758956849575043,
        0.2173958420753479,
        0.2149519920349121,
        0.2250734567642212,
        0.19786396622657776,
        0.20679005980491638,
        0.20295673608779907,
        0.21969270706176758
    ],
    "val_loss": [
        0.003475466430582535,
        0.0037758230775085497,
        0.003860421096370053,
        0.0036327849672236246,
        0.0033793720846875108,
        0.003467865927788101,
        0.003957014575118213,
        0.00410124945393998,
        0.004895233561237939,
        0.004913953407835081,
        0.005240231296784586,
        0.00477687836668233,
        0.005379896224308893,
        0.005173373153741411,
        0.005367069402408096
    ],
    "val_mae": [
        0.04619793966412544,
        0.048487864434719086,
        0.04936205968260765,
        0.048106953501701355,
        0.045639920979738235,
        0.04710868000984192,
        0.05005462467670441,
        0.050635047256946564,
        0.056159425526857376,
        0.05478914827108383,
        0.05803549289703369,
        0.05456336587667465,
        0.05954995006322861,
        0.0573570691049099,
        0.05944909527897835
    ],
    "val_mse": [
        0.003475466277450323,
        0.0037758229300379753,
        0.0038604210130870342,
        0.003632785053923726,
        0.0033793719485402107,
        0.00346786598674953,
        0.0039570145308971405,
        0.004101249389350414,
        0.004895233549177647,
        0.004913953598588705,
        0.00524023175239563,
        0.004776878282427788,
        0.0053798966109752655,
        0.005173373501747847,
        0.0053670695051550865
    ],
    "val_rmse": [
        0.05895308405160904,
        0.06144772469997406,
        0.06213228777050972,
        0.060272589325904846,
        0.058132365345954895,
        0.05888858810067177,
        0.06290480494499207,
        0.06404099613428116,
        0.06996594369411469,
        0.0700995996594429,
        0.07238944619894028,
        0.06911496073007584,
        0.0733477771282196,
        0.07192616909742355,
        0.07326028496026993
    ],
    "val_r2": [
        0.7581326961517334,
        0.7372300624847412,
        0.7313426733016968,
        0.7471845149993896,
        0.7648202180862427,
        0.7586616277694702,
        0.7246204614639282,
        0.7145827412605286,
        0.6593272089958191,
        0.6580244302749634,
        0.6353178024291992,
        0.6675639152526855,
        0.6255981922149658,
        0.6399706602096558,
        0.6264908313751221
    ],
    "val_mape": [
        23.052541732788086,
        21.93459129333496,
        23.41441535949707,
        21.42259407043457,
        22.06564712524414,
        21.45943832397461,
        21.474510192871094,
        25.716733932495117,
        27.59077262878418,
        23.25908088684082,
        26.492536544799805,
        24.569303512573242,
        27.850250244140625,
        29.886064529418945,
        28.551101684570312
    ],
    "val_smape": [
        18.101041793823242,
        18.68834686279297,
        19.038516998291016,
        19.02544593811035,
        17.897138595581055,
        18.59678077697754,
        19.970762252807617,
        19.596866607666016,
        21.280691146850586,
        21.436748504638672,
        21.541000366210938,
        20.881147384643555,
        22.539443969726562,
        21.864456176757812,
        22.5688419342041
    ],
    "val_explained_variance": [
        0.7583231329917908,
        0.7707239389419556,
        0.7383142113685608,
        0.7624198198318481,
        0.7656083106994629,
        0.7704212665557861,
        0.7327556014060974,
        0.724041223526001,
        0.6975984573364258,
        0.6582345962524414,
        0.645482063293457,
        0.669376790523529,
        0.6342629194259644,
        0.6505146026611328,
        0.637795090675354
    ],