{
    "train_loss": [
        0.005835635371918659,
        0.0038147982880250195,
        0.0036138820241987087,
        0.0034693858758496573,
        0.0033897005389427917,
        0.0033232138110805996,
        0.003175508647040047,
        0.003183519627764094,
        0.003115151943449205,
        0.0030227273762966104,
        0.0030275291123035477,
        0.0029715124933499897,
        0.002939545247782678,
        0.0029038851476452464,
        0.0029098290056894854,
        0.002839589979334944,
        0.0028253800970114086,
        0.002776380309367539,
        0.0027532510966859353,
        0.0027312072054130896,
        0.0026025317745112394,
        0.002577498189524881,
        0.0025911473279551147,
        0.002559643338571272
    ],
    "train_mae": [
        0.05833582207560539,
        0.048052940517663956,
        0.04670051112771034,
        0.04571733996272087,
        0.04501105844974518,
        0.044681012630462646,
        0.043584831058979034,
        0.04372169449925423,
        0.04316447675228119,
        0.04252699390053749,
        0.04258112609386444,
        0.04218344762921333,
        0.04189130663871765,
        0.04165095090866089,
        0.04178957641124725,
        0.041243888437747955,
        0.04107053205370903,
        0.04076864570379257,
        0.04069750756025314,
        0.0404939167201519,
        0.03930721431970596,
        0.0392228327691555,
        0.039366476237773895,
        0.039051271975040436
    ],
    "train_mse": [
        0.0058356355875730515,
        0.0038147983141243458,
        0.0036138822324573994,
        0.0034693856723606586,
        0.00338970054872334,
        0.0033232136629521847,
        0.0031755086965858936,
        0.0031835194677114487,
        0.003115152008831501,
        0.0030227273236960173,
        0.0030275292228907347,
        0.002971512731164694,
        0.002939545316621661,
        0.0029038849752396345,
        0.002909829141572118,
        0.0028395899571478367,
        0.0028253800701349974,
        0.0027763801626861095,
        0.002753250999376178,
        0.0027312070596963167,
        0.0026025315746665,
        0.0025774980895221233,
        0.002591147320345044,
        0.0025596434716135263
    ],
    "train_rmse": [
        0.07639133185148239,
        0.061764054000377655,
        0.06011557579040527,
        0.05890149250626564,
        0.058221135288476944,
        0.05764732137322426,
        0.05635165050625801,
        0.05642268434166908,
        0.05581354722380638,
        0.05497933551669121,
        0.055022988468408585,
        0.05451158434152603,
        0.05421757325530052,
        0.053887706249952316,
        0.053942833095788956,
        0.0532878041267395,
        0.05315430462360382,
        0.05269136652350426,
        0.052471429109573364,
        0.052260950207710266,
        0.051015011966228485,
        0.05076906457543373,
        0.0509033128619194,
        0.05059291794896126
    ],
    "train_r2": [
        0.7256773114204407,
        0.8206732273101807,
        0.83011794090271,
        0.8369104266166687,
        0.8406562805175781,
        0.8437817096710205,
        0.8507250547409058,
        0.8503484725952148,
        0.8535623550415039,
        0.8579070568084717,
        0.8576813340187073,
        0.8603145480155945,
        0.8618173003196716,
        0.8634936213493347,
        0.8632141947746277,
        0.8665159940719604,
        0.8671839833259583,
        0.8694874048233032,
        0.8705746531486511,
        0.8716108798980713,
        0.8776596784591675,
        0.878836452960968,
        0.8781948685646057,
        0.8796758055686951
    ],
    "train_mape": [
        19.526268005371094,
        16.27091407775879,
        15.688779830932617,
        15.475652694702148,
        15.2157564163208,
        14.967391967773438,
        14.573290824890137,
        14.723714828491211,
        14.339667320251465,
        14.071653366088867,
        14.104315757751465,
        13.915602684020996,
        13.878375053405762,
        13.703666687011719,
        13.722332000732422,
        13.465096473693848,
        13.43989372253418,
        13.40636157989502,
        13.259821891784668,
        13.187201499938965,
        12.823006629943848,
        12.760546684265137,
        12.776758193969727,
        12.660962104797363
    ],
    "train_smape": [
        16.784400939941406,
        14.117476463317871,
        13.757261276245117,
        13.528780937194824,
        13.32972240447998,
        13.232146263122559,
        12.884110450744629,
        12.962369918823242,
        12.764713287353516,
        12.568028450012207,
        12.585362434387207,
        12.47280502319336,
        12.351719856262207,
        12.288005828857422,
        12.343400955200195,
        12.145221710205078,
        12.130995750427246,
        12.052810668945312,
        11.99569034576416,
        11.910713195800781,
        11.589129447937012,
        11.568907737731934,
        11.578547477722168,
        11.481637954711914
    ],
    "train_explained_variance": [
        0.7256951332092285,
        0.8206751942634583,
        0.8301184177398682,
        0.8369110226631165,
        0.8406563401222229,
        0.8437822461128235,
        0.8507254719734192,
        0.850348711013794,
        0.8535627126693726,
        0.8579074144363403,
        0.8576836585998535,
        0.8603147268295288,
        0.8618176579475403,
        0.8634936213493347,
        0.8632147312164307,
        0.8665160536766052,
        0.8671847581863403,
        0.8694877028465271,
        0.8705763220787048,
        0.8716112375259399,
        0.8776611685752869,
        0.8788365721702576,
        0.8781951665878296,
        0.8796767592430115
    ],
    "train_peak_error": [
        0.5695916414260864,
        0.33367282152175903,
        0.3220618963241577,
        0.326962947845459,
        0.32482683658599854,
        0.3204752802848816,
        0.3137087821960449,
        0.31884562969207764,
        0.307445764541626,
        0.3068550229072571,
        0.2981182336807251,
        0.30305975675582886,
        0.304857075214386,
        0.3055960536003113,
        0.2751925587654114,
        0.285119891166687,
        0.2937249541282654,
        0.3128877878189087,
        0.2836264371871948,
        0.2944589853286743,
        0.2884220480918884,
        0.2997666001319885,
        0.2936052680015564,
        0.26313984394073486
    ],
    "val_loss": [
        0.004040496923672639,
        0.0036693582618810075,
        0.0036053547570347893,
        0.0035105464188717036,
        0.003382221631464555,
        0.0035133568003184075,
        0.0038050183555339095,
        0.0033880259504997364,
        0.0032760563040514002,
        0.0034918094427733542,
        0.003545929348203454,
        0.003931611096553451,
        0.003506039915298172,
        0.003571952970082061,
        0.0032823272575389782,
        0.003412172146704343,
        0.003492715485802711,
        0.003404477269241332,
        0.00350967187521537,
        0.0035492666834871546,
        0.0034323230184105445,
        0.003491611866709247,
        0.0036015823005075506,
        0.003453255335284437
    ],
    "val_mae": [
        0.05007085204124451,
        0.0479164645075798,
        0.047617048025131226,
        0.04691959545016289,
        0.045650824904441833,
        0.04714057594537735,
        0.048783715814352036,
        0.04599331319332123,
        0.0456092543900013,
        0.046508438885211945,
        0.04717981442809105,
        0.050446007400751114,
        0.04696240276098251,
        0.047756560146808624,
        0.045399345457553864,
        0.046006008982658386,
        0.04757625609636307,
        0.0460650771856308,
        0.0469232052564621,
        0.04749612882733345,
        0.04645335674285889,
        0.0467933751642704,
        0.047741129994392395,
        0.04635048285126686
    ],