{
    "train_loss": [
        0.01123139250387715,
        0.004382742278917549,
        0.004374224330542018,
        0.003937965368444506,
        0.004081675358029164,
        0.0041383506240046004,
        0.003980127104440899,
        0.0040489433692398,
        0.004100373662092432,
        0.003988516252078026,
        0.004005033966425679,
        0.0039738305097668574,
        0.003707820191907166,
        0.0039651287321525635
    ],
    "train_mae": [
        0.06852535903453827,
        0.052021581679582596,
        0.05141821131110191,
        0.04891062155365944,
        0.049791689962148666,
        0.050039660185575485,
        0.04926580563187599,
        0.0495060496032238,
        0.04998162388801575,
        0.04922505468130112,
        0.049577776342630386,
        0.04931631684303284,
        0.04743330180644989,
        0.04913291707634926
    ],
    "train_mse": [
        0.011231392621994019,
        0.00438274210318923,
        0.004374224226921797,
        0.0039379652589559555,
        0.0040816753171384335,
        0.004138350486755371,
        0.00398012762889266,
        0.004048943053930998,
        0.004100373946130276,
        0.003988516516983509,
        0.004005033988505602,
        0.00397383002564311,
        0.0037078203167766333,
        0.003965128678828478
    ],
    "train_rmse": [
        0.10597826540470123,
        0.06620228290557861,
        0.06613791733980179,
        0.06275320798158646,
        0.06388799101114273,
        0.06433001160621643,
        0.06308825314044952,
        0.06363130360841751,
        0.06403416395187378,
        0.06315470486879349,
        0.06328533589839935,
        0.06303831934928894,
        0.06089187413454056,
        0.06296926736831665
    ],
    "train_r2": [
        0.4720325469970703,
        0.7939751744270325,
        0.7943756580352783,
        0.8148833513259888,
        0.8081278204917908,
        0.8054636120796204,
        0.8129013776779175,
        0.8096665143966675,
        0.8072488307952881,
        0.8125070333480835,
        0.8117306232452393,
        0.8131974339485168,
        0.8257020711898804,
        0.8136065006256104
    ],
    "train_mape": [
        22.381927490234375,
        17.501916885375977,
        17.211753845214844,
        16.35904884338379,
        16.754379272460938,
        16.806339263916016,
        16.522159576416016,
        16.601858139038086,
        16.743104934692383,
        16.588407516479492,
        16.644718170166016,
        16.56086540222168,
        16.022382736206055,
        16.493459701538086
    ],
    "train_smape": [
        18.98101043701172,
        15.207756996154785,
        14.993553161621094,
        14.35062026977539,
        14.585908889770508,
        14.630298614501953,
        14.451944351196289,
        14.473062515258789,
        14.640002250671387,
        14.417664527893066,
        14.535933494567871,
        14.461459159851074,
        14.001016616821289,
        14.39698314666748
    ],
    "train_explained_variance": [
        0.4720653295516968,
        0.7939757704734802,
        0.7943840622901917,
        0.8148854970932007,
        0.808129608631134,
        0.8054691553115845,
        0.8129025101661682,
        0.8096678256988525,
        0.8072537779808044,
        0.812507152557373,
        0.8117310404777527,
        0.8131978511810303,
        0.8257024884223938,
        0.8136070966720581
    ],
    "train_peak_error": [
        1.5109238624572754,
        0.39593052864074707,
        0.36235105991363525,
        0.34293240308761597,
        0.4270619750022888,
        0.3608796000480652,
        0.38021284341812134,
        0.36687588691711426,
        0.3365720510482788,
        0.35346269607543945,
        0.3461152911186218,
        0.38871103525161743,
        0.34901994466781616,
        0.41283249855041504
    ],
    "val_loss": [
        0.003548726091067568,
        0.0037857160204016476,
        0.003399734297874484,
        0.003330138899225125,
        0.0036469285177040123,
        0.0035171498511013368,
        0.003903524389946096,
        0.003529390898472864,
        0.003346491560386829,
        0.0034906044599044023,
        0.0033558965154434385,
        0.0033932178446741627,
        0.004309517624620483,
        0.0039791725301217265
    ],
    "val_mae": [
        0.04732022434473038,
        0.049286458641290665,
        0.04639219120144844,
        0.0456930436193943,
        0.047880541533231735,
        0.04691704735159874,
        0.049478452652692795,
        0.046814192086458206,
        0.04582750424742699,
        0.04605487734079361,
        0.04545240476727486,
        0.04603428766131401,
        0.05193345248699188,
        0.04964064806699753
    ],
    "val_mse": [
        0.0035487262066453695,
        0.0037857159040868282,
        0.00339973415248096,
        0.0033301389776170254,
        0.003646928584203124,
        0.0035171497147530317,
        0.003903524251654744,
        0.003529390785843134,
        0.0033464913722127676,
        0.0034906044602394104,
        0.0033558965660631657,
        0.003393217921257019,
        0.004309517331421375,
        0.003979172557592392
    ],
    "val_rmse": [
        0.05957118421792984,
        0.061528172343969345,
        0.058307237923145294,
        0.05770735815167427,
        0.06038980558514595,
        0.05930556356906891,
        0.062478188425302505,
        0.059408675879240036,
        0.057848867028951645,
        0.059081338346004486,
        0.057930100709199905,
        0.058251332491636276,
        0.06564691662788391,
        0.06308068335056305
    ],
    "val_r2": [
        0.7530343532562256,
        0.7365416288375854,
        0.7634031176567078,
        0.7682464122772217,
        0.7462002038955688,
        0.7552318572998047,
        0.7283430099487305,
        0.7543799877166748,
        0.7671084403991699,
        0.7570792436599731,
        0.7664539217948914,
        0.7638565897941589,
        0.7000887989997864,
        0.7230783700942993
    ],
    "val_mape": [
        25.97549819946289,
        22.37934112548828,
        24.72833251953125,
        23.626951217651367,
        23.85186195373535,
        21.922996520996094,
        25.010534286499023,
        24.232513427734375,
        22.296493530273438,
        23.529329299926758,
        23.398216247558594,
        23.800601959228516,
        25.683609008789062,
        26.677248001098633
    ],
    "val_smape": [
        18.77313232421875,
        19.586898803710938,
        18.415861129760742,
        18.101484298706055,
        18.499231338500977,
        18.632844924926758,
        19.091598510742188,
        18.394681930541992,
        18.175050735473633,
        18.0474796295166,
        17.927448272705078,
        18.072725296020508,
        19.600006103515625,
        19.38542938232422
    ],
    "val_explained_variance": [
        0.760046124458313,
        0.7560721039772034,
        0.7700838446617126,
        0.7692948579788208,
        0.7577581405639648,
        0.7552338242530823,
        0.7541683912277222,
        0.7647082805633545,
        0.7677491903305054,
        0.7570852041244507,
        0.766635000705719,
        0.7687610387802124,
        0.7505934834480286,
        0.7239813804626465
    ],
    "val_peak_error": [
        0.18769794702529907,
        0.2208760529756546,
        0.2272595763206482,
        0.20555736124515533,
        0.2252035140991211,
        0.2222190499305725,
        0.19782954454421997,
        0.21134799718856812,
        0.2190113663673401,
        0.2486051321029663,
        0.24355465173721313,
        0.2516028881072998,
        0.20341670513153076,
        0.2620285749435425
    ],
    "lr": [
        0.01,
        0.01,
        0.01,
        0.01,
        0.01,
        0.01,
        0.01,
        0.01,
        0.01,
        0.01,
        0.01,
        0.01,
        0.01,
        0.01
    ]
}