{
    "train_loss": [
        0.009530002684023204,
        0.004592620268228712,
        0.00416307011061853,
        0.003999604725520399,
        0.0037055157055004974,
        0.003567061037073204,
        0.0036952212817153627,
        0.003380273257371817,
        0.0032040073755206337,
        0.0030905652990838453,
        0.002983639034245278,
        0.00296823015478975,
        0.0028693864553663456
    ],
    "train_mae": [
        0.07005978375673294,
        0.05279787257313728,
        0.050482649356126785,
        0.04950018227100372,
        0.04738641530275345,
        0.04638237878680229,
        0.04733078554272652,
        0.04509328305721283,
        0.04404689371585846,
        0.04307401552796364,
        0.04259021580219269,
        0.042424894869327545,
        0.041937340050935745
    ],
    "train_mse": [
        0.009530003182590008,
        0.0045926207676529884,
        0.004163070116192102,
        0.003999604377895594,
        0.0037055155262351036,
        0.0035670611541718245,
        0.0036952211521565914,
        0.003380273003131151,
        0.0032040071673691273,
        0.0030905650928616524,
        0.0029836390167474747,
        0.0029682302847504616,
        0.0028693864587694407
    ],
    "train_rmse": [
        0.09762173891067505,
        0.0677688792347908,
        0.06452185660600662,
        0.06324242800474167,
        0.06087294593453407,
        0.05972487851977348,
        0.06078832969069481,
        0.058140113949775696,
        0.05660394951701164,
        0.0555928498506546,
        0.054622698575258255,
        0.054481469094753265,
        0.05356665328145027
    ],
    "train_r2": [
        0.5520117282867432,
        0.7841091752052307,
        0.8043016195297241,
        0.8119857907295227,
        0.825810432434082,
        0.832318902015686,
        0.8262943029403687,
        0.8410995006561279,
        0.8493853807449341,
        0.8547180891036987,
        0.8597444891929626,
        0.860468864440918,
        0.8651153445243835
    ],
    "train_mape": [
        23.12590980529785,
        17.808940887451172,
        16.92288589477539,
        16.49064064025879,
        15.78174114227295,
        15.46429443359375,
        15.593067169189453,
        14.977831840515137,
        14.375659942626953,
        14.020954132080078,
        13.89448070526123,
        13.777247428894043,
        13.675284385681152
    ],
    "train_smape": [
        20.085166931152344,
        15.477836608886719,
        14.806063652038574,
        14.574522972106934,
        14.012579917907715,
        13.778996467590332,
        13.932124137878418,
        13.390641212463379,
        13.040034294128418,
        12.718669891357422,
        12.610197067260742,
        12.531770706176758,
        12.458888053894043
    ],
    "train_explained_variance": [
        0.5523587465286255,
        0.7841179370880127,
        0.804306149482727,
        0.8119901418685913,
        0.8258118629455566,
        0.8323239088058472,
        0.8263014554977417,
        0.8411010503768921,
        0.8493903875350952,
        0.8547189235687256,
        0.8597463369369507,
        0.8604699969291687,
        0.8651167750358582
    ],
    "train_peak_error": [
        0.8777210116386414,
        0.34324753284454346,
        0.3132239580154419,
        0.3195134401321411,
        0.3714050054550171,
        0.3858293890953064,
        0.33229440450668335,
        0.28723305463790894,
        0.28172367811203003,
        0.33087044954299927,
        0.2730035185813904,
        0.26663869619369507,
        0.2782319486141205
    ],
    "val_loss": [
        0.004836466310733407,
        0.004246653792910653,
        0.0034953074178008512,
        0.003260852470910244,
        0.0032630765056840595,
        0.003929643728787066,
        0.0033682837250823385,
        0.003154197534539556,
        0.003445449890702856,
        0.0037377952122323805,
        0.003960743691711921,
        0.0036759577894234937,
        0.004096095877458348
    ],
    "val_mae": [
        0.05467833951115608,
        0.05183735489845276,
        0.04641555994749069,
        0.04559292271733284,
        0.04534956440329552,
        0.050354354083538055,
        0.04586710408329964,
        0.04415198042988777,
        0.0467224158346653,
        0.04732905328273773,
        0.05009297654032707,
        0.04787429794669151,
        0.05178068205714226
    ],
    "val_mse": [
        0.004836466629058123,
        0.004246653988957405,
        0.0034953071735799313,
        0.0032608523033559322,
        0.0032630767673254013,
        0.003929643891751766,
        0.0033682838547974825,
        0.0031541974749416113,
        0.00344544998370111,
        0.003737795166671276,
        0.003960743546485901,
        0.003675957443192601,
        0.004096095450222492
    ],
    "val_rmse": [
        0.0695447102189064,
        0.06516635417938232,
        0.05912112444639206,
        0.057103872299194336,
        0.057123348116874695,
        0.06268687546253204,
        0.058036919683218,
        0.05616224184632301,
        0.05869795382022858,
        0.06113750860095024,
        0.06293443590402603,
        0.060629673302173615,
        0.06400074809789658
    ],
    "val_r2": [
        0.6634169816970825,
        0.7044636607170105,
        0.7567519545555115,
        0.7730683088302612,
        0.7729135155677795,
        0.7265252470970154,
        0.7655918598175049,
        0.7804906964302063,
        0.7602216601371765,
        0.7398765087127686,
        0.7243609428405762,
        0.7441799640655518,
        0.7149413824081421
    ],
    "val_mape": [
        26.644641876220703,
        27.38694190979004,
        23.475297927856445,
        23.65848159790039,
        22.150033950805664,
        27.428686141967773,
        21.93314552307129,
        19.967994689941406,
        22.80780601501465,
        21.422317504882812,
        24.08528709411621,
        23.309253692626953,
        26.39853286743164
    ],
    "val_smape": [
        20.448667526245117,
        19.932613372802734,
        18.283084869384766,
        18.148530960083008,
        17.802610397338867,
        19.890750885009766,
        17.885303497314453,
        17.51719093322754,
        18.205623626708984,
        18.19413948059082,
        19.225217819213867,
        18.792259216308594,
        20.288564682006836
    ],
    "val_explained_variance": [
        0.6884032487869263,
        0.7615417242050171,
        0.7681586742401123,
        0.7749724984169006,
        0.7741468548774719,
        0.7380253076553345,
        0.7672930955886841,
        0.7837486863136292,
        0.7709437608718872,
        0.7464233636856079,
        0.7451272010803223,
        0.7460336089134216,
        0.7238335609436035
    ],
    "val_peak_error": [
        0.22937577962875366,
        0.2206231951713562,
        0.19467316567897797,
        0.19795316457748413,
        0.20772260427474976,
        0.23972469568252563,
        0.23434650897979736,
        0.2053776979446411,
        0.19816330075263977,
        0.20948511362075806,
        0.21649399399757385,
        0.19603464007377625,
        0.19623909890651703
    ],
    "lr": [
        0.001,
        0.001,
        0.001,
        0.001,
        0.001,
        0.001,
        0.001,
        0.001,
        0.001,
        0.001,
        0.001,
        0.001,
        0.001
    ]
}