{
    "train_loss": [
        0.04855569842599383,
        0.004294769080044501,
        0.0036717915510599483,
        0.003439687440919554,
        0.003213545725481418,
        0.0029232416174738195,
        0.003037972731869687,
        0.0026909633441436435,
        0.0024302965610743937,
        0.0022244440161120153,
        0.001983602166962359,
        0.0018959749860182921,
        0.0016240651883880105,
        0.00145539078519129,
        0.0013651935715305063
    ],
    "train_mae": [
        0.07744074612855911,
        0.05165486037731171,
        0.04726381227374077,
        0.04576089605689049,
        0.04420718923211098,
        0.04201499745249748,
        0.04317639768123627,
        0.04052968695759773,
        0.03852013498544693,
        0.036868173629045486,
        0.034670066088438034,
        0.03418957069516182,
        0.03154580295085907,
        0.029824862256646156,
        0.02898601070046425
    ],
    "train_mse": [
        0.04855569824576378,
        0.0042947689071297646,
        0.003671791637316346,
        0.003439687192440033,
        0.0032135460060089827,
        0.0029232415836304426,
        0.003037972841411829,
        0.0026909634470939636,
        0.0024302967358380556,
        0.002224443946033716,
        0.001983602298423648,
        0.0018959749722853303,
        0.0016240652184933424,
        0.001455390709452331,
        0.0013651936315000057
    ],
    "train_rmse": [
        0.22035357356071472,
        0.06553448736667633,
        0.0605953112244606,
        0.05864884704351425,
        0.05668814852833748,
        0.054067011922597885,
        0.055117808282375336,
        0.051874496042728424,
        0.04929804056882858,
        0.047164011746644974,
        0.04453764855861664,
        0.04354279488325119,
        0.04029969125986099,
        0.03814958408474922,
        0.03694852814078331
    ],
    "train_r2": [
        -1.282515287399292,
        0.7981106638908386,
        0.8273956775665283,
        0.8383065462112427,
        0.8489370346069336,
        0.8625836968421936,
        0.8571903705596924,
        0.8735026717185974,
        0.8857561349868774,
        0.8954329490661621,
        0.9067544341087341,
        0.9108736515045166,
        0.92365562915802,
        0.9315847158432007,
        0.9358246922492981
    ],
    "train_mape": [
        25.824308395385742,
        17.272798538208008,
        15.81403636932373,
        15.306943893432617,
        14.456613540649414,
        13.772294044494629,
        14.129251480102539,
        13.186572074890137,
        12.304859161376953,
        11.726929664611816,
        10.806473731994629,
        10.653125762939453,
        9.813399314880371,
        9.216970443725586,
        8.882537841796875
    ],
    "train_smape": [
        19.704538345336914,
        15.113568305969238,
        13.903984069824219,
        13.54214096069336,
        13.038844108581543,
        12.47406005859375,
        12.843055725097656,
        12.007231712341309,
        11.404025077819824,
        11.024364471435547,
        10.211326599121094,
        10.12583065032959,
        9.344321250915527,
        8.837198257446289,
        8.565862655639648
    ],
    "train_explained_variance": [
        -1.2788605690002441,
        0.7981107234954834,
        0.8273957967758179,
        0.8383134603500366,
        0.8489379286766052,
        0.862586259841919,
        0.857203483581543,
        0.8735027313232422,
        0.8857583403587341,
        0.8954346179962158,
        0.9067555069923401,
        0.9108744859695435,
        0.9236556887626648,
        0.9315853118896484,
        0.9358254671096802
    ],
    "train_peak_error": [
        4.223284721374512,
        0.3461798429489136,
        0.3012031018733978,
        0.31343168020248413,
        0.2912895679473877,
        0.2589648962020874,
        0.26824846863746643,
        0.23631295561790466,
        0.2091008424758911,
        0.2341342568397522,
        0.21884936094284058,
        0.21000194549560547,
        0.20980596542358398,
        0.19721847772598267,
        0.1863374412059784
    ],
    "val_loss": [
        0.004105967388642456,
        0.003912809375713733,
        0.004037052160061949,
        0.003971222778346738,
        0.003011190975620914,
        0.0040660153894196095,
        0.00400358434230518,
        0.003933418712397809,
        0.004083847766340101,
        0.004507611222739378,
        0.004807812982848544,
        0.004205480831735533,
        0.004892357824698573,
        0.004716186654459176,
        0.004468196359389334
    ],
    "val_mae": [
        0.0505048893392086,
        0.04946509003639221,
        0.05038130655884743,
        0.050435587763786316,
        0.043806858360767365,
        0.051187656819820404,
        0.050943054258823395,
        0.050868913531303406,
        0.05069546774029732,
        0.05386844277381897,
        0.05489343777298927,
        0.05195796862244606,
        0.05577769875526428,
        0.0549607090651989,
        0.05319248139858246
    ],
    "val_mse": [
        0.004105967469513416,
        0.003912809304893017,
        0.004037051927298307,
        0.003971222788095474,
        0.0030111910309642553,
        0.0040660155937075615,
        0.004003584384918213,
        0.00393341900780797,
        0.004083847627043724,
        0.0045076110400259495,
        0.004807812627404928,
        0.004205480683594942,
        0.004892357625067234,
        0.004716186318546534,
        0.004468196537345648
    ],
    "val_rmse": [
        0.06407782435417175,
        0.06255245208740234,
        0.06353779882192612,
        0.06301763653755188,
        0.054874319583177567,
        0.06376531720161438,
        0.06327388435602188,
        0.06271697580814362,
        0.06390498578548431,
        0.06713874638080597,
        0.06933838874101639,
        0.06484967470169067,
        0.06994538754224777,
        0.0686744973063469,
        0.06684456765651703
    ],
    "val_r2": [
        0.7142543792724609,
        0.7276967763900757,
        0.719050407409668,
        0.7236316204071045,
        0.790442943572998,
        0.7170347571372986,
        0.7213795185089111,
        0.7262625694274902,
        0.715793788433075,
        0.686302900314331,
        0.6654110550880432,
        0.7073290348052979,
        0.6595273613929749,
        0.6717876195907593,
        0.6890459060668945
    ],
    "val_mape": [
        24.974594116210938,
        21.579378128051758,
        21.588624954223633,
        26.33275604248047,
        21.22716522216797,
        24.870765686035156,
        25.839004516601562,
        26.298728942871094,
        24.453575134277344,
        25.244518280029297,
        26.42657470703125,
        23.787799835205078,
        25.9244384765625,
        27.097421646118164,
        26.30428695678711
    ],
    "val_smape": [
        19.62177276611328,
        19.443580627441406,
        19.41855239868164,
        19.74419593811035,
        17.2844181060791,
        19.494491577148438,
        19.720645904541016,
        20.03238868713379,
        19.727651596069336,
        20.436084747314453,
        21.09583282470703,
        20.021955490112305,
        21.355806350708008,
        21.28759765625,
        20.810739517211914
    ],
    "val_explained_variance": [
        0.7215901613235474,
        0.7701395750045776,
        0.7787556648254395,
        0.7503750920295715,
        0.7907062768936157,
        0.7859230041503906,
        0.7539762258529663,
        0.7465395927429199,
        0.7243186831474304,
        0.7178770899772644,
        0.6705327033996582,
        0.7215099334716797,
        0.6684816479682922,
        0.6887520551681519,
        0.6894903182983398
    ],