{
    "train_loss": [
        8.727970993913738,
        0.016722842039567636,
        0.013983893221174975,
        0.007891051238322335,
        0.007608697121039621,
        0.005657165133780056,
        0.00571942400309015,
        0.005011520261509394,
        0.005045776796654863,
        0.0043361612325460265,
        0.004393927120960651,
        0.004554816506698424,
        0.004775826099339094,
        0.0038371171897890544,
        0.004094661411801747,
        0.00411187785694011,
        0.004409611069858619,
        0.004349070371094641,
        0.0039994230116936706,
        0.004348591791391064,
        0.004277495239405884,
        0.004334333050378256,
        0.004443644578288351,
        0.004152357194612131,
        0.0031659074697035997,
        0.003086968160202558,
        0.003081383017248808,
        0.0030413511785867104
    ],
    "train_mae": [
        0.4713924825191498,
        0.10230887681245804,
        0.09245987981557846,
        0.07030855119228363,
        0.06873144954442978,
        0.059272028505802155,
        0.05924069136381149,
        0.055400826036930084,
        0.05610164999961853,
        0.051456041634082794,
        0.051740873605012894,
        0.052624933421611786,
        0.05428532510995865,
        0.04790995270013809,
        0.049797069281339645,
        0.04996068775653839,
        0.05193072929978371,
        0.05160640925168991,
        0.049392517656087875,
        0.051749225705862045,
        0.05113128572702408,
        0.051385004073381424,
        0.05207465589046478,
        0.05017205327749252,
        0.04357081279158592,
        0.04316684231162071,
        0.04305513575673103,
        0.04267554357647896
    ],
    "train_mse": [
        8.727970123291016,
        0.016722843050956726,
        0.0139838932082057,
        0.007891050539910793,
        0.007608697284013033,
        0.005657164845615625,
        0.005719424225389957,
        0.005011519882827997,
        0.005045776721090078,
        0.0043361615389585495,
        0.004393927287310362,
        0.00455481605604291,
        0.00477582635357976,
        0.0038371169939637184,
        0.004094661679118872,
        0.004111878108233213,
        0.0044096107594668865,
        0.004349070135504007,
        0.003999422769993544,
        0.004348591435700655,
        0.004277495201677084,
        0.004334333352744579,
        0.004443644545972347,
        0.004152357578277588,
        0.0031659076921641827,
        0.0030869680922478437,
        0.0030813829507678747,
        0.0030413514468818903
    ],
    "train_rmse": [
        2.9543137550354004,
        0.12931683659553528,
        0.11825351417064667,
        0.0888315886259079,
        0.08722784370183945,
        0.07521412521600723,
        0.07562687247991562,
        0.07079208642244339,
        0.07103363424539566,
        0.06584953516721725,
        0.06628670543432236,
        0.0674893781542778,
        0.06910735368728638,
        0.06194446608424187,
        0.0639895424246788,
        0.06412392854690552,
        0.06640490144491196,
        0.06594748049974442,
        0.06324099004268646,
        0.06594385206699371,
        0.0654025599360466,
        0.06583565473556519,
        0.06666066497564316,
        0.06443879008293152,
        0.05626640096306801,
        0.05556049197912216,
        0.055510204285383224,
        0.055148448795080185
    ],
    "train_r2": [
        -409.2861633300781,
        0.21388936042785645,
        0.3426423668861389,
        0.6290559768676758,
        0.6423288583755493,
        0.734066903591156,
        0.7311401963233948,
        0.7644175291061401,
        0.7628071308135986,
        0.796164870262146,
        0.7934494018554688,
        0.785886287689209,
        0.7754970192909241,
        0.8196240663528442,
        0.8075173497200012,
        0.806708037853241,
        0.7927121520042419,
        0.7955580353736877,
        0.8119943141937256,
        0.7955805659294128,
        0.7989226579666138,
        0.7962508201599121,
        0.7911123037338257,
        0.8048051595687866,
        0.851176381111145,
        0.8548871874809265,
        0.8551497459411621,
        0.8570315837860107
    ],
    "train_mape": [
        145.97422790527344,
        36.40617370605469,
        31.038814544677734,
        24.20979118347168,
        23.524660110473633,
        20.43507957458496,
        20.247220993041992,
        18.978137969970703,
        18.972766876220703,
        17.530820846557617,
        17.660362243652344,
        17.94956398010254,
        18.365766525268555,
        16.305204391479492,
        16.79157829284668,
        16.797771453857422,
        17.363048553466797,
        17.18060302734375,
        16.425735473632812,
        17.271217346191406,
        17.03721809387207,
        17.14537811279297,
        17.523971557617188,
        17.288476943969727,
        15.460734367370605,
        15.21772575378418,
        15.074322700500488,
        14.806501388549805
    ],
    "train_smape": [
        42.179100036621094,
        27.796537399291992,
        25.63680648803711,
        20.121437072753906,
        19.70923614501953,
        17.319110870361328,
        17.326065063476562,
        16.281009674072266,
        16.42825698852539,
        15.161107063293457,
        15.235296249389648,
        15.463672637939453,
        15.847343444824219,
        14.156007766723633,
        14.640087127685547,
        14.693988800048828,
        15.168844223022461,
        15.051664352416992,
        14.478004455566406,
        15.188691139221191,
        14.909725189208984,
        15.041407585144043,
        15.17971420288086,
        14.76239013671875,
        13.078994750976562,
        12.95786190032959,
        12.934086799621582,
        12.790009498596191
    ],
    "train_explained_variance": [
        -409.0835876464844,
        0.21390289068222046,
        0.3426547050476074,
        0.6290644407272339,
        0.6423293352127075,
        0.7340669631958008,
        0.731141209602356,
        0.7644189596176147,
        0.7628071904182434,
        0.796164870262146,
        0.7934508323669434,
        0.7858909368515015,
        0.775516152381897,
        0.8196240663528442,
        0.8075221180915833,
        0.8067225813865662,
        0.7927167415618896,
        0.7955888509750366,
        0.8120020031929016,
        0.7956041693687439,
        0.7989464998245239,
        0.7962751388549805,
        0.7911361455917358,
        0.8048051595687866,
        0.8512476682662964,
        0.8549371957778931,
        0.8551806211471558,
        0.8570395708084106
    ],
    "train_peak_error": [
        46.0377311706543,
        0.5637540817260742,
        0.5129437446594238,
        0.46051841974258423,
        0.46587109565734863,
        0.41569721698760986,
        0.4202870726585388,
        0.34101206064224243,
        0.3403584361076355,
        0.34984058141708374,
        0.40215224027633667,
        0.3450508117675781,
        0.31122469902038574,
        0.3146512508392334,
        0.32622087001800537,
        0.3626832962036133,
        0.3492634892463684,
        0.319452166557312,
        0.34836190938949585,
        0.3160495162010193,
        0.3301999568939209,
        0.38455307483673096,
        0.3503848910331726,
        0.3240440785884857,
        0.3143959045410156,
        0.33520686626434326,
        0.31468838453292847,
        0.3169516921043396
    ],