{
    "train_loss": [
        0.027322169528218986,
        0.0038700455818107696,
        0.0037098339635980413,
        0.0032714190777920257,
        0.003452797147325013,
        0.0029965043498276257,
        0.0027500171816609528,
        0.00253315763005933,
        0.0024684249515193853,
        0.002449358014983351,
        0.001996642607390162,
        0.0018825297038126485,
        0.0015585222657731762,
        0.0014388668841108618,
        0.0012396255554877876,
        0.001191747828301727,
        0.0010626124240775705,
        0.0005394562612549122,
        0.00039927914363993095,
        0.0003597616559083534,
        0.0003313679655342191
    ],
    "train_mae": [
        0.07293429970741272,
        0.048439428210258484,
        0.04741870239377022,
        0.04470054805278778,
        0.04621715098619461,
        0.04256042465567589,
        0.04083830863237381,
        0.03893529623746872,
        0.03866686671972275,
        0.03853290155529976,
        0.034785907715559006,
        0.03372606635093689,
        0.03086911141872406,
        0.029681583866477013,
        0.02735300362110138,
        0.026980483904480934,
        0.02544279769062996,
        0.018025096505880356,
        0.015480665490031242,
        0.014693246223032475,
        0.014075132086873055
    ],
    "train_mse": [
        0.02732217311859131,
        0.003870045766234398,
        0.0037098340690135956,
        0.0032714190892875195,
        0.0034527971874922514,
        0.0029965040739625692,
        0.002750017214566469,
        0.0025331578217446804,
        0.0024684250820428133,
        0.002449357882142067,
        0.001996642677113414,
        0.0018825295846909285,
        0.0015585222281515598,
        0.0014388669515028596,
        0.0012396256206557155,
        0.0011917478404939175,
        0.0010626123985275626,
        0.0005394562613219023,
        0.0003992791462223977,
        0.00035976164508610964,
        0.0003313679771963507
    ],
    "train_rmse": [
        0.16529420018196106,
        0.06220969185233116,
        0.06090840697288513,
        0.05719631910324097,
        0.05876050889492035,
        0.05474033206701279,
        0.05244060605764389,
        0.05033048614859581,
        0.04968324676156044,
        0.04949098825454712,
        0.04468380659818649,
        0.04338812828063965,
        0.0394781231880188,
        0.03793239966034889,
        0.0352083183825016,
        0.03452170267701149,
        0.03259773552417755,
        0.023226197808980942,
        0.019981971010565758,
        0.018967384472489357,
        0.01820351555943489
    ],
    "train_r2": [
        -0.28436601161956787,
        0.8180761337280273,
        0.825607419013977,
        0.8462164998054504,
        0.8376902341842651,
        0.8591397404670715,
        0.8707266449928284,
        0.8809208273887634,
        0.8839638233184814,
        0.884860098361969,
        0.906141459941864,
        0.9115056991577148,
        0.9267367124557495,
        0.9323614835739136,
        0.9417274594306946,
        0.9439780712127686,
        0.9500485062599182,
        0.9746411442756653,
        0.981230616569519,
        0.9830882549285889,
        0.9844229817390442
    ],
    "train_mape": [
        23.290313720703125,
        16.253009796142578,
        15.746509552001953,
        14.936079025268555,
        15.217140197753906,
        13.856593132019043,
        13.278031349182129,
        12.360198020935059,
        12.316048622131348,
        12.27059555053711,
        10.98004150390625,
        10.628641128540039,
        9.73994255065918,
        9.273317337036133,
        8.67062759399414,
        8.596994400024414,
        8.08036994934082,
        5.61854887008667,
        4.758418560028076,
        4.486239910125732,
        4.290322303771973
    ],
    "train_smape": [
        19.53351402282715,
        14.250354766845703,
        13.96281909942627,
        13.251866340637207,
        13.608113288879395,
        12.549773216247559,
        12.077550888061523,
        11.424832344055176,
        11.3930082321167,
        11.283304214477539,
        10.218039512634277,
        9.990612030029297,
        9.118925094604492,
        8.717852592468262,
        8.17044734954834,
        8.047541618347168,
        7.669317722320557,
        5.403332233428955,
        4.64402437210083,
        4.383693218231201,
        4.207161903381348
    ],
    "train_explained_variance": [
        -0.28286540508270264,
        0.8180761337280273,
        0.8256107568740845,
        0.846219539642334,
        0.8376937508583069,
        0.8591431379318237,
        0.8707274794578552,
        0.880923867225647,
        0.8839643597602844,
        0.8848670721054077,
        0.906141459941864,
        0.9115074872970581,
        0.9267368912696838,
        0.9323616623878479,
        0.9417274594306946,
        0.9439781904220581,
        0.9500486850738525,
        0.974642813205719,
        0.981230616569519,
        0.9830882549285889,
        0.984423041343689
    ],
    "train_peak_error": [
        3.301973581314087,
        0.3190532922744751,
        0.3344174027442932,
        0.2796282172203064,
        0.2845282554626465,
        0.2573854327201843,
        0.26982325315475464,
        0.2591846287250519,
        0.24171867966651917,
        0.28599783778190613,
        0.23038381338119507,
        0.22204449772834778,
        0.19533348083496094,
        0.20537760853767395,
        0.20625963807106018,
        0.2149367332458496,
        0.1520446538925171,
        0.11190038919448853,
        0.10310497879981995,
        0.0986407995223999,
        0.09368357062339783
    ],
    "val_loss": [
        0.0036628684954778056,
        0.004255462141050923,
        0.003407500742686738,
        0.004988859803583339,
        0.003377386706298311,
        0.0029427676672692136,
        0.0032037363702886934,
        0.003891994061028893,
        0.004224518701742343,
        0.004548465240003018,
        0.004621029502223079,
        0.00454502909464373,
        0.00459066830696069,
        0.005188953571001457,
        0.004401843904001678,
        0.005125281434043867,
        0.0050357219572145515,
        0.004565129707158684,
        0.004678311254427158,
        0.004774839657177921,
        0.004927360882728006
    ],
    "val_mae": [
        0.0478963702917099,
        0.05132359266281128,
        0.04704194515943527,
        0.057056427001953125,
        0.04614431411027908,
        0.04383040964603424,
        0.044679876416921616,
        0.05030522868037224,
        0.05140393599867821,
        0.05446114018559456,
        0.05362751707434654,
        0.054228734225034714,
        0.054800041019916534,
        0.058431241661310196,
        0.05320269614458084,
        0.05721281096339226,
        0.0569196492433548,
        0.054321158677339554,
        0.05512220039963722,
        0.05573079362511635,
        0.05643738806247711
    ],
    "val_mse": [
        0.0036628684028983116,
        0.004255462437868118,
        0.0034075004514306784,
        0.004988859873265028,
        0.003377386601641774,
        0.0029427676927298307,
        0.003203736385330558,
        0.003891994012519717,
        0.004224518779665232,
        0.004548464901745319,
        0.004621029365807772,
        0.0045450287871062756,
        0.004590668249875307,
        0.005188953597098589,
        0.004401843994855881,
        0.005125281400978565,
        0.00503572216257453,
        0.004565129522234201,
        0.004678311292082071,
        0.0047748396173119545,
        0.0049273609183728695
    ],