{
    "train_loss": [
        0.016059748433625294,
        0.0052763795708327035,
        0.004448196993432686,
        0.004197093740573809,
        0.003946903096134672,
        0.0038301072004418924,
        0.0036937275167011406,
        0.003641175187520519,
        0.0036394863617948913,
        0.0035319494791528267,
        0.003469660881289796,
        0.003371516341339878,
        0.003348494827354408,
        0.003342359697181268,
        0.0032757221240284893,
        0.0032392447748936268,
        0.003210306405604815,
        0.0031811642361486937,
        0.0031656681549583057,
        0.003137625224336541,
        0.003130641921309439,
        0.003114871749789893,
        0.003075697689217164,
        0.0030345361522660526,
        0.002989301504840585,
        0.0030279961728791756,
        0.002974517916422777,
        0.002992963842759937,
        0.0029857626470681103,
        0.00292063681058003,
        0.002888395175171013,
        0.002842400750148103,
        0.002756657967069964,
        0.002741914936442634,
        0.002740005911155868,
        0.002722218147207715
    ],
    "train_mae": [
        0.08998192101716995,
        0.05672765523195267,
        0.05228373035788536,
        0.050674114376306534,
        0.04908989742398262,
        0.04808574914932251,
        0.047269057482481,
        0.046969711780548096,
        0.046952515840530396,
        0.046311087906360626,
        0.04566892981529236,
        0.04518851637840271,
        0.044912632554769516,
        0.04488915950059891,
        0.044290218502283096,
        0.04419998079538345,
        0.04392052814364433,
        0.04358525574207306,
        0.043580375611782074,
        0.0435662679374218,
        0.04347769543528557,
        0.0432031974196434,
        0.042938586324453354,
        0.0427415668964386,
        0.04252776876091957,
        0.042625732719898224,
        0.04228479042649269,
        0.042464904487133026,
        0.042376622557640076,
        0.04199055954813957,
        0.041601479053497314,
        0.041321683675050735,
        0.040622860193252563,
        0.04053130000829697,
        0.040457990020513535,
        0.04029214382171631
    ],
    "train_mse": [
        0.016059748828411102,
        0.0052763791754841805,
        0.004448197316378355,
        0.004197093658149242,
        0.00394690316170454,
        0.0038301076274365187,
        0.003693727543577552,
        0.003641175338998437,
        0.0036394863855093718,
        0.0035319493617862463,
        0.0034696608781814575,
        0.003371516242623329,
        0.003348494879901409,
        0.003342359559610486,
        0.0032757220324128866,
        0.0032392446883022785,
        0.0032103064004331827,
        0.003181164152920246,
        0.003165668109431863,
        0.003137625055387616,
        0.0031306419987231493,
        0.0031148716807365417,
        0.0030756976921111345,
        0.003034536261111498,
        0.0029893014580011368,
        0.0030279962811619043,
        0.0029745178762823343,
        0.002992963884025812,
        0.002985762432217598,
        0.002920636674389243,
        0.0028883954510092735,
        0.002842400688678026,
        0.002756658010184765,
        0.002741915173828602,
        0.00274000596255064,
        0.0027222181670367718
    ],
    "train_rmse": [
        0.12672705948352814,
        0.07263869047164917,
        0.06669481098651886,
        0.06478498131036758,
        0.06282438337802887,
        0.06188786402344704,
        0.06077604368329048,
        0.060342151671648026,
        0.060328155755996704,
        0.05943020433187485,
        0.058903828263282776,
        0.05806475877761841,
        0.057866182178258896,
        0.057813145220279694,
        0.05723392218351364,
        0.05691436305642128,
        0.05665956437587738,
        0.0564018115401268,
        0.05626427009701729,
        0.05601450800895691,
        0.05595213919878006,
        0.05581103637814522,
        0.055458974093198776,
        0.05508662387728691,
        0.054674506187438965,
        0.05502723157405853,
        0.054539140313863754,
        0.05470798909664154,
        0.05464212968945503,
        0.054042916744947433,
        0.053743794560432434,
        0.05331416800618172,
        0.052503883838653564,
        0.05236329883337021,
        0.052345067262649536,
        0.0521748811006546
    ],
    "train_r2": [
        0.24506020545959473,
        0.7519669532775879,
        0.7908982634544373,
        0.8027021884918213,
        0.814463198184967,
        0.8199535608291626,
        0.8263645172119141,
        0.8288348913192749,
        0.8289142847061157,
        0.8339694738388062,
        0.8368974924087524,
        0.8415111303329468,
        0.8425933122634888,
        0.8428817391395569,
        0.8460142016410828,
        0.847728967666626,
        0.8490892648696899,
        0.8504592180252075,
        0.8511876463890076,
        0.8525059223175049,
        0.852834165096283,
        0.8535755276679993,
        0.855417013168335,
        0.8573518991470337,
        0.8594783544540405,
        0.8576593399047852,
        0.8601732850074768,
        0.8593061566352844,
        0.8596447110176086,
        0.8627061247825623,
        0.8642217516899109,
        0.8663839101791382,
        0.8704144954681396,
        0.8711075186729431,
        0.8711972832679749,
        0.872033417224884
    ],
    "train_mape": [
        28.264162063598633,
        18.841787338256836,
        17.350635528564453,
        17.050546646118164,
        16.50967788696289,
        16.22911834716797,
        15.935221672058105,
        15.742015838623047,
        15.740049362182617,
        15.609415054321289,
        15.394076347351074,
        15.049217224121094,
        14.969404220581055,
        15.025134086608887,
        14.786360740661621,
        14.74896240234375,
        14.6805419921875,
        14.565104484558105,
        14.53448486328125,
        14.504444122314453,
        14.474590301513672,
        14.272274017333984,
        14.218539237976074,
        14.087697982788086,
        14.125792503356934,
        14.143131256103516,
        13.925613403320312,
        13.98136043548584,
        13.934455871582031,
        13.856890678405762,
        13.668340682983398,
        13.677830696105957,
        13.386190414428711,
        13.301584243774414,
        13.324999809265137,
        13.208013534545898
    ],
    "train_smape": [
        26.773527145385742,
        16.4840030670166,
        15.341747283935547,
        14.962061882019043,
        14.490983009338379,
        14.21789836883545,
        13.979729652404785,
        13.896378517150879,
        13.854843139648438,
        13.703521728515625,
        13.484579086303711,
        13.34560775756836,
        13.265612602233887,
        13.289640426635742,
        13.092870712280273,
        13.147454261779785,
        13.007648468017578,
        12.896233558654785,
        12.901999473571777,
        12.894272804260254,
        12.871525764465332,
        12.758749961853027,
        12.71929931640625,
        12.607495307922363,
        12.601815223693848,
        12.593036651611328,
        12.493226051330566,
        12.55660629272461,
        12.542064666748047,
        12.398919105529785,
        12.297691345214844,
        12.23870849609375,
        12.0416898727417,
        12.01191520690918,
        11.972870826721191,
        11.91179370880127
    ],