{
    "train_loss": [
        0.03231166724530627,
        0.00612197728341623,
        0.005120692872458919,
        0.004523607289564563,
        0.004149243634795224,
        0.003873555341902475,
        0.0036692153598400666,
        0.003533298403677639,
        0.0034328495987633856,
        0.0033559065073340984,
        0.0032822265283855546,
        0.0032331628624393993,
        0.003194312916914041,
        0.003166831393976659,
        0.003122372644287709,
        0.003051652738032182,
        0.003068301945287871,
        0.0030046239500797385,
        0.0030090706198642285,
        0.0029544490792538076,
        0.0029178275042097204,
        0.0029386807813925764,
        0.0028881815937050275,
        0.0028480822809153305
    ],
    "train_mae": [
        0.11967294663190842,
        0.06151045486330986,
        0.05610210448503494,
        0.0525827631354332,
        0.05022439360618591,
        0.048349227756261826,
        0.0469859354197979,
        0.045931704342365265,
        0.045387834310531616,
        0.0448341928422451,
        0.044354476034641266,
        0.04394557327032089,
        0.04383213445544243,
        0.04358938708901405,
        0.04326637089252472,
        0.04270252212882042,
        0.042867232114076614,
        0.04236453026533127,
        0.04250604286789894,
        0.04207222908735275,
        0.041809532791376114,
        0.04206353425979614,
        0.04159380868077278,
        0.04132773354649544
    ],
    "train_mse": [
        0.03231167048215866,
        0.006121977232396603,
        0.005120693240314722,
        0.004523607436567545,
        0.004149243235588074,
        0.0038735552225261927,
        0.003669215366244316,
        0.003533298149704933,
        0.003432849422097206,
        0.0033559065777808428,
        0.0032822266221046448,
        0.003233162919059396,
        0.003194312797859311,
        0.0031668313313275576,
        0.003122372552752495,
        0.0030516525730490685,
        0.003068302059546113,
        0.003004624042659998,
        0.0030090706422924995,
        0.002954449038952589,
        0.002917827572673559,
        0.0029386808164417744,
        0.0028881814796477556,
        0.002848082222044468
    ],
    "train_rmse": [
        0.17975446581840515,
        0.07824306190013885,
        0.07155901938676834,
        0.06725776940584183,
        0.0644146203994751,
        0.06223789229989052,
        0.06057404726743698,
        0.05944155156612396,
        0.05859052389860153,
        0.05793018639087677,
        0.05729072168469429,
        0.05686090886592865,
        0.056518252938985825,
        0.05627460777759552,
        0.05587819218635559,
        0.05524176359176636,
        0.05539225786924362,
        0.054814450442790985,
        0.054854996502399445,
        0.054354842752218246,
        0.05401691794395447,
        0.05420960113406181,
        0.053741805255413055,
        0.05336742475628853
    ],
    "train_r2": [
        -0.5189132690429688,
        0.7122169137001038,
        0.7592854499816895,
        0.7873533964157104,
        0.804951548576355,
        0.8179111480712891,
        0.8275167942047119,
        0.8339060544967651,
        0.8386279344558716,
        0.8422448635101318,
        0.8457084894180298,
        0.8480148315429688,
        0.8498411178588867,
        0.8511329889297485,
        0.8532229065895081,
        0.8565473556518555,
        0.855764627456665,
        0.8587580919265747,
        0.8585489988327026,
        0.8611167073249817,
        0.8628382086753845,
        0.8618579506874084,
        0.8642318248748779,
        0.8661168217658997
    ],
    "train_mape": [
        35.80992126464844,
        20.048492431640625,
        18.640361785888672,
        17.66336441040039,
        16.905590057373047,
        16.336637496948242,
        15.918682098388672,
        15.4678955078125,
        15.274458885192871,
        15.113399505615234,
        14.899958610534668,
        14.68763542175293,
        14.637038230895996,
        14.547380447387695,
        14.393964767456055,
        14.285582542419434,
        14.306084632873535,
        14.076176643371582,
        14.120072364807129,
        14.013336181640625,
        13.899003028869629,
        13.965826034545898,
        13.88450813293457,
        13.689035415649414
    ],
    "train_smape": [
        38.819610595703125,
        17.62685775756836,
        16.284740447998047,
        15.42176628112793,
        14.835397720336914,
        14.353914260864258,
        13.956279754638672,
        13.635614395141602,
        13.460712432861328,
        13.294612884521484,
        13.15650749206543,
        13.033535957336426,
        13.013672828674316,
        12.932870864868164,
        12.801575660705566,
        12.701827049255371,
        12.722648620605469,
        12.569633483886719,
        12.606758117675781,
        12.486183166503906,
        12.41482162475586,
        12.48939323425293,
        12.35097885131836,
        12.292171478271484
    ],
    "train_explained_variance": [
        -0.3705124855041504,
        0.7122492790222168,
        0.7592921257019043,
        0.7873539924621582,
        0.804951548576355,
        0.8179168701171875,
        0.8275169134140015,
        0.8339060544967651,
        0.8386293649673462,
        0.8422448635101318,
        0.8457099199295044,
        0.8480148911476135,
        0.8498411178588867,
        0.8511331081390381,
        0.8532232046127319,
        0.8565478324890137,
        0.8557648658752441,
        0.8587595224380493,
        0.8585510849952698,
        0.8611168265342712,
        0.8628389835357666,
        0.8618583679199219,
        0.8642356395721436,
        0.8661178350448608
    ],
    "train_peak_error": [
        0.983718991279602,
        0.46864640712738037,
        0.44308704137802124,
        0.4297913908958435,
        0.4261634349822998,
        0.4047613739967346,
        0.40833520889282227,
        0.39213937520980835,
        0.37766289710998535,
        0.3637083172798157,
        0.3590432405471802,
        0.3666289448738098,
        0.35623759031295776,
        0.3588881492614746,
        0.3318353295326233,
        0.328930139541626,
        0.337579607963562,
        0.34860557317733765,
        0.3300861120223999,
        0.3357917070388794,
        0.34175294637680054,
        0.3201175332069397,
        0.31550198793411255,
        0.334628164768219
    ],
    "val_loss": [
        0.005876189448716615,
        0.004904667490811871,
        0.004366121577206168,
        0.004015654867461366,
        0.003717584194441279,
        0.0035613037796570456,
        0.0034829356473126856,
        0.0034358560585369953,
        0.0032500801141300112,
        0.0033051454706666925,
        0.0031665952454434988,
        0.0032156715836885166,
        0.0031951662273608525,
        0.0031467697215300026,
        0.003226885775224768,
        0.0033595657059855813,
        0.0032848633074690757,
        0.0031739104004483,
        0.003233225424271479,
        0.003171878438911957,
        0.0033455706409198775,
        0.0035773214589965214,
        0.003247088841129121,
        0.003226829292721671
    ],
    "val_mae": [
        0.06117044389247894,
        0.05543527379631996,
        0.05212489143013954,
        0.050030872225761414,
        0.04802815988659859,
        0.046804800629615784,
        0.04626096412539482,
        0.04598008841276169,
        0.04479265585541725,
        0.04510320723056793,
        0.044266849756240845,
        0.044655874371528625,
        0.04453263431787491,
        0.04413190484046936,
        0.044706735759973526,
        0.04561401903629303,
        0.04510792717337608,
        0.04441090673208237,
        0.04488343000411987,
        0.04450473189353943,
        0.04562143608927727,
        0.0474265031516552,
        0.04505319148302078,
        0.04485011100769043
    ],