{
    "train_loss": [
        0.010501524614018421,
        0.00434939900830584,
        0.003664745390993986,
        0.0032905324831202375,
        0.0031603880956053427,
        0.0029332302761549147,
        0.0026734642546352985,
        0.0023736773444742003,
        0.0022303607118249434,
        0.0018492739098763939,
        0.0016785193389991832,
        0.0013696073652208125,
        0.0014252053422169303
    ],
    "train_mae": [
        0.06777845323085785,
        0.05164847522974014,
        0.04707534238696098,
        0.044590529054403305,
        0.04365767166018486,
        0.04195665940642357,
        0.0402049720287323,
        0.03776445984840393,
        0.036981403827667236,
        0.03341471403837204,
        0.03203408047556877,
        0.02890164405107498,
        0.029605604708194733
    ],
    "train_mse": [
        0.010501524433493614,
        0.004349398426711559,
        0.0036647452507168055,
        0.003290532622486353,
        0.003160388208925724,
        0.0029332302510738373,
        0.0026734641287475824,
        0.0023736772127449512,
        0.002230360871180892,
        0.0018492738017812371,
        0.0016785194166004658,
        0.001369607518427074,
        0.0014252053806558251
    ],
    "train_rmse": [
        0.10247694700956345,
        0.06594996899366379,
        0.06053714081645012,
        0.05736316367983818,
        0.05621733143925667,
        0.05415930598974228,
        0.05170555040240288,
        0.04872039705514908,
        0.04722669720649719,
        0.043003182858228683,
        0.040969736874103546,
        0.03700820729136467,
        0.03775189071893692
    ],
    "train_r2": [
        0.5063422918319702,
        0.7955426573753357,
        0.8277269601821899,
        0.8453180193901062,
        0.8514358401298523,
        0.8621141314506531,
        0.8743252754211426,
        0.8884177207946777,
        0.8951547741889954,
        0.9130690097808838,
        0.9210958480834961,
        0.935617208480835,
        0.9330036640167236
    ],
    "train_mape": [
        22.628494262695312,
        17.280797958374023,
        15.54116153717041,
        14.68936538696289,
        14.396678924560547,
        13.697063446044922,
        13.060837745666504,
        11.878453254699707,
        11.846939086914062,
        10.760749816894531,
        10.136300086975098,
        9.130167961120605,
        9.263104438781738
    ],
    "train_smape": [
        19.541120529174805,
        15.141138076782227,
        13.840664863586426,
        13.126296997070312,
        12.936575889587402,
        12.392011642456055,
        11.792415618896484,
        11.030839920043945,
        10.81502914428711,
        9.867502212524414,
        9.43973445892334,
        8.592835426330566,
        8.798157691955566
    ],
    "train_explained_variance": [
        0.5064340233802795,
        0.7955448031425476,
        0.8277314305305481,
        0.8453202247619629,
        0.8514358997344971,
        0.862115204334259,
        0.8743308782577515,
        0.8884177207946777,
        0.8951566219329834,
        0.9130691885948181,
        0.9210962057113647,
        0.9356172680854797,
        0.9330048561096191
    ],
    "train_peak_error": [
        1.0585825443267822,
        0.3955681324005127,
        0.3206956386566162,
        0.2976610064506531,
        0.25801101326942444,
        0.2716881036758423,
        0.2601686418056488,
        0.2828502953052521,
        0.22090795636177063,
        0.22483357787132263,
        0.21626752614974976,
        0.2266358733177185,
        0.17675748467445374
    ],
    "val_loss": [
        0.0035168693089361884,
        0.0037198788246220285,
        0.0033777781107576844,
        0.0037364674902943184,
        0.003919455111093766,
        0.003410963451409404,
        0.0041879428704034724,
        0.0037356387597689633,
        0.005152860707770899,
        0.004674760966072623,
        0.004967912234660747,
        0.005006434207098733,
        0.004680707275653057
    ],
    "val_mae": [
        0.04713473841547966,
        0.048430804163217545,
        0.046293117105960846,
        0.04847444221377373,
        0.049838531762361526,
        0.047197747975587845,
        0.052184805274009705,
        0.04883544147014618,
        0.0573965422809124,
        0.055266208946704865,
        0.05738130956888199,
        0.056857362389564514,
        0.05521280691027641
    ],
    "val_mse": [
        0.0035168693866580725,
        0.003719878615811467,
        0.0033777782227844,
        0.003736467333510518,
        0.0039194547571241856,
        0.0034109633415937424,
        0.004187942948192358,
        0.003735638689249754,
        0.005152861122041941,
        0.004674761090427637,
        0.004967912100255489,
        0.005006433930248022,
        0.00468070711940527
    ],
    "val_rmse": [
        0.059303198009729385,
        0.06099080666899681,
        0.058118656277656555,
        0.061126649379730225,
        0.06260555237531662,
        0.05840345472097397,
        0.06471432000398636,
        0.06111987307667732,
        0.07178343087434769,
        0.0683722272515297,
        0.07048341631889343,
        0.07075615972280502,
        0.06841569393873215
    ],
    "val_r2": [
        0.7552513480186462,
        0.741123378276825,
        0.7649310827255249,
        0.7399688959121704,
        0.7272343635559082,
        0.7626216411590576,
        0.7085494995117188,
        0.740026593208313,
        0.6413981914520264,
        0.6746704578399658,
        0.6542693376541138,
        0.6515884399414062,
        0.6742566823959351
    ],
    "val_mape": [
        24.393484115600586,
        22.87281036376953,
        21.77666664123535,
        21.73333740234375,
        21.47496795654297,
        22.627838134765625,
        25.73520851135254,
        25.491226196289062,
        27.478641510009766,
        28.63313865661621,
        28.508529663085938,
        28.476787567138672,
        25.776348114013672
    ],
    "val_smape": [
        18.443450927734375,
        18.89552116394043,
        18.22580337524414,
        18.986003875732422,
        19.467544555664062,
        18.61041831970215,
        20.119731903076172,
        19.235048294067383,
        21.45740509033203,
        21.424068450927734,
        21.923227310180664,
        21.650346755981445,
        21.498903274536133
    ],
    "val_explained_variance": [
        0.7561811208724976,
        0.7426242828369141,
        0.7651446461677551,
        0.7535920143127441,
        0.7462821006774902,
        0.7645972371101379,
        0.7348834276199341,
        0.7462152242660522,
        0.6975958347320557,
        0.6866519451141357,
        0.6609206199645996,
        0.660465657711029,
        0.6769343614578247
    ],
    "val_peak_error": [
        0.23996874690055847,
        0.22333091497421265,
        0.20542889833450317,
        0.23686087131500244,
        0.2798455059528351,
        0.19217929244041443,
        0.21433109045028687,
        0.21469974517822266,
        0.2592591941356659,
        0.21691137552261353,
        0.2500222623348236,
        0.25171762704849243,
        0.22066596150398254
    ],
    "lr": [
        0.01,
        0.01,
        0.01,
        0.01,
        0.01,
        0.01,
        0.01,
        0.01,
        0.01,
        0.01,
        0.01,
        0.01,
        0.01
    ]
}