{
    "train_loss": [
        0.008179870072573455,
        0.0039009271707912694,
        0.0036063810937674258,
        0.0032835543932326094,
        0.0032367190348372653,
        0.002979707906745839,
        0.002763953712100131,
        0.0026936568782296873,
        0.0024552551449838903,
        0.0023554744900866962,
        0.0022000059742034203,
        0.0021358886864147795,
        0.0017972041555657933,
        0.0015474670636931207,
        0.0014679272957255495,
        0.0013173344958837146
    ],
    "train_mae": [
        0.0639040470123291,
        0.04886240139603615,
        0.04673657566308975,
        0.04454744979739189,
        0.04429202899336815,
        0.04258006066083908,
        0.041119109839200974,
        0.04055570438504219,
        0.038514453917741776,
        0.03811148181557655,
        0.03665719926357269,
        0.036183733493089676,
        0.033299535512924194,
        0.03075866401195526,
        0.029816923663020134,
        0.0285490695387125
    ],
    "train_mse": [
        0.008179870434105396,
        0.003900927258655429,
        0.003606380894780159,
        0.003283554455265403,
        0.0032367189414799213,
        0.0029797079041600227,
        0.002763953758403659,
        0.0026936568319797516,
        0.002455255016684532,
        0.002355474280193448,
        0.0022000058088451624,
        0.002135888673365116,
        0.0017972041387110949,
        0.0015474670799449086,
        0.0014679273590445518,
        0.0013173344777897
    ],
    "train_rmse": [
        0.09044263511896133,
        0.062457405030727386,
        0.06005315110087395,
        0.05730230733752251,
        0.056892167776823044,
        0.05458670109510422,
        0.052573319524526596,
        0.05190045014023781,
        0.049550529569387436,
        0.048533227294683456,
        0.046904221177101135,
        0.04621567577123642,
        0.04239344596862793,
        0.03933785855770111,
        0.03831354156136513,
        0.036295101046562195
    ],
    "train_r2": [
        0.615479052066803,
        0.8166244626045227,
        0.8304705619812012,
        0.8456460237503052,
        0.8478477001190186,
        0.8599293231964111,
        0.870071530342102,
        0.8733760714530945,
        0.8845828771591187,
        0.8892734050750732,
        0.8965817093849182,
        0.8995957374572754,
        0.9155166745185852,
        0.9272563457489014,
        0.9309954047203064,
        0.9380744695663452
    ],
    "train_mape": [
        21.055320739746094,
        16.330982208251953,
        15.726387023925781,
        15.003107070922852,
        14.787009239196777,
        14.198250770568848,
        13.668094635009766,
        13.404397964477539,
        12.727029800415039,
        12.433550834655762,
        11.90820026397705,
        11.742559432983398,
        10.750273704528809,
        9.858355522155762,
        9.27855110168457,
        8.985340118408203
    ],
    "train_smape": [
        18.452022552490234,
        14.396323204040527,
        13.813966751098633,
        13.236241340637207,
        13.079865455627441,
        12.649251937866211,
        12.252215385437012,
        12.048355102539062,
        11.505146026611328,
        11.267393112182617,
        10.823885917663574,
        10.741870880126953,
        9.8638916015625,
        9.107179641723633,
        8.800613403320312,
        8.486692428588867
    ],
    "train_explained_variance": [
        0.6155582070350647,
        0.816624641418457,
        0.8304759860038757,
        0.84564608335495,
        0.847852885723114,
        0.859930157661438,
        0.8700727224349976,
        0.873378336429596,
        0.8845828771591187,
        0.889273464679718,
        0.8965823650360107,
        0.8995980620384216,
        0.9155181646347046,
        0.9272568821907043,
        0.9309954643249512,
        0.9380754828453064
    ],
    "train_peak_error": [
        0.8447020053863525,
        0.31257164478302,
        0.2830426096916199,
        0.31188327074050903,
        0.284415602684021,
        0.285258024930954,
        0.24681150913238525,
        0.27932170033454895,
        0.25809410214424133,
        0.264700323343277,
        0.21781939268112183,
        0.22609609365463257,
        0.22496619820594788,
        0.19559326767921448,
        0.20048746466636658,
        0.17904046177864075
    ],
    "val_loss": [
        0.003443592511311763,
        0.0034643812898023847,
        0.004367995761844108,
        0.004002488529905945,
        0.0034517024733501374,
        0.003171428470678038,
        0.0037385625268915573,
        0.004114522270442878,
        0.0037273760395218356,
        0.003744876864299232,
        0.004426494875869198,
        0.006890571740918236,
        0.004947300114729207,
        0.004743098429866511,
        0.005360549503146745,
        0.0055172555289974955
    ],
    "val_mae": [
        0.04647836461663246,
        0.04677622765302658,
        0.05271720513701439,
        0.05065104737877846,
        0.04623299092054367,
        0.04513254016637802,
        0.04864313080906868,
        0.05160706490278244,
        0.048957277089357376,
        0.04965251311659813,
        0.05337488278746605,
        0.06855975836515427,
        0.055750828236341476,
        0.055136390030384064,
        0.05894559249281883,
        0.05982239916920662
    ],
    "val_mse": [
        0.0034435924608260393,
        0.003464381443336606,
        0.004367996007204056,
        0.004002488683909178,
        0.003451702417805791,
        0.003171428805217147,
        0.0037385625764727592,
        0.004114522133022547,
        0.0037273759953677654,
        0.0037448767106980085,
        0.004426495172083378,
        0.006890571676194668,
        0.0049473000690341,
        0.004743098746985197,
        0.005360549781471491,
        0.005517255514860153
    ],
    "val_rmse": [
        0.05868213251233101,
        0.058858998119831085,
        0.06609081476926804,
        0.06326522678136826,
        0.058751191943883896,
        0.05631544068455696,
        0.06114378571510315,
        0.0641445443034172,
        0.061052240431308746,
        0.06119539961218834,
        0.06653191149234772,
        0.08300946652889252,
        0.07033704966306686,
        0.06887015700340271,
        0.0732157751917839,
        0.07427822798490524
    ],
    "val_r2": [
        0.7603508830070496,
        0.7589041590690613,
        0.696019172668457,
        0.7214558124542236,
        0.7597864866256714,
        0.7792915105819702,
        0.7398231029510498,
        0.7136590480804443,
        0.740601658821106,
        0.7393836975097656,
        0.6919479966163635,
        0.5204660892486572,
        0.6557037830352783,
        0.669914722442627,
        0.6269445419311523,
        0.616038978099823
    ],
    "val_mape": [
        24.887489318847656,
        22.283405303955078,
        29.214704513549805,
        28.833433151245117,
        23.38100814819336,
        23.283586502075195,
        21.247859954833984,
        25.88825798034668,
        23.920305252075195,
        23.041566848754883,
        24.97671890258789,
        34.484886169433594,
        24.224430084228516,
        24.730754852294922,
        28.25397300720215,
        26.277610778808594
    ],
    "val_smape": [
        18.325267791748047,
        18.324337005615234,
        20.359270095825195,
        20.03504753112793,
        18.049673080444336,
        17.990644454956055,
        18.861576080322266,
        19.845863342285156,
        19.056745529174805,
        19.31909942626953,
        20.874032974243164,
        24.92449378967285,
        21.355876922607422,
        20.704286575317383,
        22.20418930053711,
        22.45999526977539
    ],