{
    "train_loss": [
        0.016306078027269723,
        0.004299308871716391,
        0.003709686481288726,
        0.0037227018144861033,
        0.00333322877300581,
        0.0030869241925913595,
        0.002857610001510108,
        0.002537172863120358,
        0.002355106096406688,
        0.0021576410335947256,
        0.001874917818566499,
        0.0017554431253944923
    ],
    "train_mae": [
        0.07368866354227066,
        0.05108493193984032,
        0.04765070602297783,
        0.04778537526726723,
        0.045115090906620026,
        0.043158575892448425,
        0.0417163223028183,
        0.03916294500231743,
        0.037631139159202576,
        0.0360095277428627,
        0.03387909755110741,
        0.03255869448184967
    ],
    "train_mse": [
        0.01630607806146145,
        0.004299308639019728,
        0.0037096866872161627,
        0.003722701920196414,
        0.0033332286402583122,
        0.003086924320086837,
        0.002857609884813428,
        0.0025371729861944914,
        0.0023551061749458313,
        0.0021576411090791225,
        0.0018749177688732743,
        0.0017554431688040495
    ],
    "train_rmse": [
        0.1276952475309372,
        0.06556911021471024,
        0.06090719625353813,
        0.061013948172330856,
        0.05773412063717842,
        0.055560097098350525,
        0.053456615656614304,
        0.05037035793066025,
        0.04852943494915962,
        0.0464504137635231,
        0.0433003194630146,
        0.041898008435964584
    ],
    "train_r2": [
        0.23348063230514526,
        0.7978972792625427,
        0.825614333152771,
        0.8250024914741516,
        0.8433109521865845,
        0.8548892736434937,
        0.8656688928604126,
        0.8807320594787598,
        0.8892906904220581,
        0.8985731601715088,
        0.9118635058403015,
        0.9174797534942627
    ],
    "train_mape": [
        24.088022232055664,
        17.24231719970703,
        16.05038070678711,
        15.888504981994629,
        15.10968017578125,
        14.234259605407715,
        13.619047164916992,
        12.984455108642578,
        12.104785919189453,
        11.596427917480469,
        10.756033897399902,
        10.411837577819824
    ],
    "train_smape": [
        20.327892303466797,
        15.026418685913086,
        14.092978477478027,
        14.050679206848145,
        13.375205039978027,
        12.788068771362305,
        12.30406379699707,
        11.576650619506836,
        11.008768081665039,
        10.613554954528809,
        10.029675483703613,
        9.658439636230469
    ],
    "train_explained_variance": [
        0.23391824960708618,
        0.7979028820991516,
        0.8256197571754456,
        0.8250108957290649,
        0.8433148860931396,
        0.8548910021781921,
        0.8656710386276245,
        0.8807326555252075,
        0.889290988445282,
        0.8985746502876282,
        0.9118635654449463,
        0.9174816012382507
    ],
    "train_peak_error": [
        1.6687047481536865,
        0.35431337356567383,
        0.3275544047355652,
        0.3087826371192932,
        0.30386725068092346,
        0.2573770582675934,
        0.2553364038467407,
        0.29641252756118774,
        0.24401655793190002,
        0.2541966438293457,
        0.20841923356056213,
        0.22598165273666382
    ],
    "val_loss": [
        0.0038243551909079333,
        0.0033003887994777705,
        0.0037946542423459694,
        0.003357492637579336,
        0.005511004252345871,
        0.00436441634299247,
        0.0038600109705178858,
        0.00417182335743962,
        0.004283377546515557,
        0.004942044400000315,
        0.005244755230495612,
        0.0044781773454985385
    ],
    "val_mae": [
        0.04850843548774719,
        0.04533753916621208,
        0.04855533316731453,
        0.045994728803634644,
        0.060705531388521194,
        0.0527932308614254,
        0.04874029755592346,
        0.05115441605448723,
        0.05209038779139519,
        0.05617685988545418,
        0.057104650884866714,
        0.053166713565588
    ],
    "val_mse": [
        0.003824355313554406,
        0.0033003888092935085,
        0.003794654505327344,
        0.0033574923872947693,
        0.005511004012078047,
        0.004364416468888521,
        0.0038600109983235598,
        0.004171823151409626,
        0.004283377435058355,
        0.004942044150084257,
        0.005244755186140537,
        0.004478177521377802
    ],
    "val_rmse": [
        0.06184137240052223,
        0.05744900926947594,
        0.06160076707601547,
        0.05794387310743332,
        0.07423613965511322,
        0.06606373190879822,
        0.06212898716330528,
        0.06458964943885803,
        0.06544751673936844,
        0.0702996775507927,
        0.07242067903280258,
        0.06691918522119522
    ],
    "val_r2": [
        0.7338525652885437,
        0.7703168392181396,
        0.7359195351600647,
        0.7663428783416748,
        0.6164740324020386,
        0.6962682008743286,
        0.7313711643218994,
        0.7096713185310364,
        0.7019079923629761,
        0.6560695171356201,
        0.6350029706954956,
        0.6883512735366821
    ],
    "val_mape": [
        23.142335891723633,
        23.81842613220215,
        25.37733268737793,
        23.427734375,
        33.465911865234375,
        27.727455139160156,
        24.50720977783203,
        24.516517639160156,
        23.868972778320312,
        25.095033645629883,
        26.91863441467285,
        24.505430221557617
    ],
    "val_smape": [
        19.253101348876953,
        17.954692840576172,
        18.81613540649414,
        18.093486785888672,
        23.091203689575195,
        20.347063064575195,
        18.966167449951172,
        19.87458610534668,
        20.35173988342285,
        22.230545043945312,
        22.14493179321289,
        20.635250091552734
    ],
    "val_explained_variance": [
        0.7398875951766968,
        0.7704676389694214,
        0.7820080518722534,
        0.7663712501525879,
        0.778920590877533,
        0.768391489982605,
        0.741823673248291,
        0.7106622457504272,
        0.7033260464668274,
        0.6629076600074768,
        0.6437653303146362,
        0.6890016794204712
    ],
    "val_peak_error": [
        0.2252824306488037,
        0.21620780229568481,
        0.2220604419708252,
        0.19134736061096191,
        0.2214239239692688,
        0.2222105860710144,
        0.22045600414276123,
        0.2493080496788025,
        0.21311652660369873,
        0.22180533409118652,
        0.2587641775608063,
        0.24453958868980408
    ],
    "lr": [
        0.01,
        0.01,
        0.01,
        0.01,
        0.01,
        0.01,
        0.01,
        0.01,
        0.01,
        0.01,
        0.01,
        0.01
    ]
}