{
    "train_loss": [
        0.00790588522491453,
        0.004296481946170491,
        0.0037948235576312755,
        0.003523108914217122,
        0.0033779923335924213,
        0.003277696123213135,
        0.003242971204920732,
        0.0031875990452183782,
        0.003133442109904194,
        0.0030580199175037417,
        0.003028612696794097,
        0.0029857847271652182,
        0.0030046796134582704,
        0.002922261942547582,
        0.002901046879691168,
        0.0028981918323354615,
        0.002871402611903266,
        0.0028593797746716484,
        0.0028738356089277974,
        0.002813001721679379,
        0.0028241912271415445,
        0.002752258504857403,
        0.0027320700849695068,
        0.0027471603177224605,
        0.0027130216811390782,
        0.0027390788111521453,
        0.0026313610198636485,
        0.002662590160121952,
        0.0026564122998851383,
        0.002648034809080723,
        0.0025592851436183855,
        0.0024727565596099448,
        0.002453399199322732,
        0.0024460157301424406,
        0.002443527556730299
    ],
    "train_mae": [
        0.06757301092147827,
        0.05104457587003708,
        0.04787854850292206,
        0.04606781527400017,
        0.04521544277667999,
        0.044349558651447296,
        0.04420320689678192,
        0.04372648149728775,
        0.04335421696305275,
        0.042808759957551956,
        0.04260428994894028,
        0.04240545630455017,
        0.042397502809762955,
        0.04197225347161293,
        0.04162165895104408,
        0.04173200577497482,
        0.04164304956793785,
        0.04151415824890137,
        0.041513435542583466,
        0.041181497275829315,
        0.041211407631635666,
        0.04053923115134239,
        0.040541160851716995,
        0.0406169518828392,
        0.040463149547576904,
        0.04054044559597969,
        0.03980118781328201,
        0.03993362560868263,
        0.039994627237319946,
        0.03980262950062752,
        0.03920845687389374,
        0.038372430950403214,
        0.038359228521585464,
        0.03827895224094391,
        0.03825310245156288
    ],
    "train_mse": [
        0.007905885577201843,
        0.00429648207500577,
        0.0037948235403746367,
        0.0035231090150773525,
        0.003377992659807205,
        0.0032776962034404278,
        0.003242970909923315,
        0.003187598893418908,
        0.0031334422528743744,
        0.003058019792661071,
        0.003028612583875656,
        0.0029857850167900324,
        0.0030046794563531876,
        0.002922261832281947,
        0.0029010470025241375,
        0.00289819180034101,
        0.002871402306482196,
        0.002859379630535841,
        0.002873835386708379,
        0.002813001861795783,
        0.0028241912368685007,
        0.0027522582095116377,
        0.002732069930061698,
        0.002747160382568836,
        0.0027130215894430876,
        0.0027390788309276104,
        0.002631360897794366,
        0.0026625902391970158,
        0.002656412310898304,
        0.0026480350643396378,
        0.0025592849124222994,
        0.00247275666333735,
        0.002453399356454611,
        0.0024460158310830593,
        0.0024435275699943304
    ],
    "train_rmse": [
        0.08891505002975464,
        0.06554755568504333,
        0.061602137982845306,
        0.059355784207582474,
        0.058120500296354294,
        0.05725116655230522,
        0.05694708973169327,
        0.05645882338285446,
        0.05597715824842453,
        0.055299364030361176,
        0.05503283068537712,
        0.054642338305711746,
        0.054814957082271576,
        0.05405794829130173,
        0.05386136844754219,
        0.05383485555648804,
        0.053585465997457504,
        0.05347316712141037,
        0.05360816419124603,
        0.05303774029016495,
        0.05314312130212784,
        0.05246197059750557,
        0.05226920545101166,
        0.05241335928440094,
        0.05208667367696762,
        0.052336208522319794,
        0.051296792924404144,
        0.051600292325019836,
        0.05154039338231087,
        0.05145906284451485,
        0.05058937519788742,
        0.04972682148218155,
        0.04953180253505707,
        0.049457211047410965,
        0.04943205043673515
    ],
    "train_r2": [
        0.6283586025238037,
        0.7980301380157471,
        0.8216122388839722,
        0.8343850374221802,
        0.8412066698074341,
        0.8459213972091675,
        0.8475537896156311,
        0.8501567244529724,
        0.8527025580406189,
        0.8562480211257935,
        0.8576303720474243,
        0.8596436381340027,
        0.8587554693222046,
        0.862629771232605,
        0.863627016544342,
        0.8637612462043762,
        0.8650205731391907,
        0.8655856847763062,
        0.8649061918258667,
        0.8677658438682556,
        0.8672398328781128,
        0.8706213235855103,
        0.871570348739624,
        0.8708609342575073,
        0.8724657297134399,
        0.8712408542633057,
        0.8763044476509094,
        0.8748364448547363,
        0.875126838684082,
        0.875520646572113,
        0.8796926140785217,
        0.8837601542472839,
        0.8846701383590698,
        0.8850172162055969,
        0.8851341605186462
    ],
    "train_mape": [
        22.403196334838867,
        16.91223907470703,
        15.954205513000488,
        15.425710678100586,
        15.147619247436523,
        14.87427806854248,
        14.773016929626465,
        14.515015602111816,
        14.459183692932129,
        14.29465103149414,
        14.20094108581543,
        14.225430488586426,
        14.162603378295898,
        14.04560375213623,
        13.908510208129883,
        13.940590858459473,
        13.952875137329102,
        13.847456932067871,
        13.852368354797363,
        13.783374786376953,
        13.800644874572754,
        13.610628128051758,
        13.524457931518555,
        13.582189559936523,
        13.461132049560547,
        13.53896427154541,
        13.328506469726562,
        13.294279098510742,
        13.337105751037598,
        13.171161651611328,
        13.100990295410156,
        12.781196594238281,
        12.775580406188965,
        12.776213645935059,
        12.74294376373291
    ],
    "train_smape": [
        19.124378204345703,
        15.005146026611328,
        14.136622428894043,
        13.623942375183105,
        13.375839233398438,
        13.116958618164062,
        13.108250617980957,
        12.975183486938477,
        12.83317756652832,
        12.72415828704834,
        12.630372047424316,
        12.610763549804688,
        12.605491638183594,
        12.489301681518555,
        12.371121406555176,
        12.402877807617188,
        12.389273643493652,
        12.342951774597168,
        12.345686912536621,
        12.238030433654785,
        12.249900817871094,
        12.091979026794434,
        12.041680335998535,
        12.064393997192383,
        12.033965110778809,
        12.040693283081055,
        11.855803489685059,
        11.87458610534668,
        11.883072853088379,
        11.820764541625977,
        11.697755813598633,
        11.445908546447754,
        11.424914360046387,
        11.402874946594238,
        11.389131546020508
    ],