{
    "train_loss": [
        0.011739067503324343,
        0.00415585907290824,
        0.00418939593274115,
        0.0038394416391256576,
        0.0037577064938428234,
        0.003659093050474389,
        0.0038483397094521057,
        0.0036116113820533298,
        0.0037588592497210674,
        0.003690027877860331,
        0.0034754438374156368,
        0.003496685003671426,
        0.003533330213718844,
        0.0035199945734033294,
        0.0035124136066277106,
        0.00347543765817235,
        0.0033540960084246074,
        0.0034218428643114436
    ],
    "train_mae": [
        0.0641310065984726,
        0.05064207687973976,
        0.050480473786592484,
        0.04818788543343544,
        0.04761498048901558,
        0.04708325117826462,
        0.0483061745762825,
        0.04680358245968819,
        0.04784733057022095,
        0.047300223261117935,
        0.045872822403907776,
        0.04609522596001625,
        0.046180251985788345,
        0.046237144619226456,
        0.046045053750276566,
        0.04583502188324928,
        0.044989798218011856,
        0.045466747134923935
    ],
    "train_mse": [
        0.011739066801965237,
        0.004155858885496855,
        0.004189395811408758,
        0.0038394415751099586,
        0.0037577063776552677,
        0.0036590932868421078,
        0.0038483398966491222,
        0.0036116112023591995,
        0.0037588593550026417,
        0.003690027864649892,
        0.0034754439257085323,
        0.003496685065329075,
        0.0035333300475031137,
        0.0035199946723878384,
        0.0035124137066304684,
        0.0034754376392811537,
        0.0033540960866957903,
        0.0034218428190797567
    ],
    "train_rmse": [
        0.10834697633981705,
        0.0644659548997879,
        0.06472554057836533,
        0.06196322664618492,
        0.0613001324236393,
        0.0604904405772686,
        0.06203499063849449,
        0.060096681118011475,
        0.061309538781642914,
        0.06074560061097145,
        0.05895289406180382,
        0.05913277342915535,
        0.05944181978702545,
        0.05932954326272011,
        0.0592656210064888,
        0.05895284190773964,
        0.05791455879807472,
        0.058496519923210144
    ],
    "train_r2": [
        0.44816768169403076,
        0.8046405911445618,
        0.8030641078948975,
        0.8195147514343262,
        0.8233569860458374,
        0.8279926180839539,
        0.8190965056419373,
        0.8302246928215027,
        0.8233028054237366,
        0.8265384435653687,
        0.8366256952285767,
        0.8356271386146545,
        0.833904504776001,
        0.8345314264297485,
        0.8348877429962158,
        0.8366259336471558,
        0.8423299789428711,
        0.839145302772522
    ],
    "train_mape": [
        21.160932540893555,
        16.90108871459961,
        16.993608474731445,
        16.181842803955078,
        15.838943481445312,
        15.571844100952148,
        16.09458351135254,
        15.753700256347656,
        15.927515983581543,
        15.548539161682129,
        15.259459495544434,
        15.400455474853516,
        15.389052391052246,
        15.40859603881836,
        15.345105171203613,
        15.297703742980957,
        14.98876667022705,
        15.289570808410645
    ],
    "train_smape": [
        18.06608009338379,
        14.928404808044434,
        14.884626388549805,
        14.207354545593262,
        14.022927284240723,
        13.85671615600586,
        14.148771286010742,
        13.784066200256348,
        14.080397605895996,
        13.863389015197754,
        13.569233894348145,
        13.59880256652832,
        13.683623313903809,
        13.660703659057617,
        13.590749740600586,
        13.543662071228027,
        13.336977005004883,
        13.538373947143555
    ],
    "train_explained_variance": [
        0.4483978748321533,
        0.8046413064002991,
        0.8030719757080078,
        0.8195197582244873,
        0.8233579397201538,
        0.827996551990509,
        0.8190965056419373,
        0.8302247524261475,
        0.8233060836791992,
        0.8265455961227417,
        0.8366279006004333,
        0.8356280326843262,
        0.8339048624038696,
        0.8345322012901306,
        0.8348878026008606,
        0.8366260528564453,
        0.8423303365707397,
        0.839146614074707
    ],
    "train_peak_error": [
        1.8657156229019165,
        0.38452601432800293,
        0.3801997900009155,
        0.4104723334312439,
        0.3430081009864807,
        0.3193439245223999,
        0.3040229082107544,
        0.3485729694366455,
        0.35323822498321533,
        0.3342169523239136,
        0.32393723726272583,
        0.2929580807685852,
        0.3308212161064148,
        0.2945214509963989,
        0.33222293853759766,
        0.34068143367767334,
        0.329709529876709,
        0.2825961112976074
    ],
    "val_loss": [
        0.0038275332346210163,
        0.003810161658020007,
        0.0032934216684628306,
        0.00508220122390085,
        0.00405558970723328,
        0.004352819286286831,
        0.0034516188077688913,
        0.0030705920938509618,
        0.003249479037334325,
        0.0034168716462449635,
        0.003493392487867273,
        0.003617063940623306,
        0.003488016062040927,
        0.003477615783285859,
        0.003278102842628581,
        0.0034923571863432795,
        0.003533266000851667,
        0.004507441448061158
    ],
    "val_mae": [
        0.04912877455353737,
        0.04872620850801468,
        0.045524947345256805,
        0.057327140122652054,
        0.05040948837995529,
        0.05266058072447777,
        0.04653416946530342,
        0.04413824528455734,
        0.04516610503196716,
        0.04588259011507034,
        0.04667108505964279,
        0.048055894672870636,
        0.04765241965651512,
        0.04687853902578354,
        0.04494103416800499,
        0.04660225287079811,
        0.04701593518257141,
        0.05351639166474342
    ],
    "val_mse": [
        0.003827533219009638,
        0.0038101617246866226,
        0.00329342158511281,
        0.00508220074698329,
        0.004055589437484741,
        0.004352819174528122,
        0.003451618831604719,
        0.003070591948926449,
        0.003249478992074728,
        0.003416871652007103,
        0.003493392840027809,
        0.003617064096033573,
        0.0034880160819739103,
        0.0034776157699525356,
        0.0032781027257442474,
        0.0034923572093248367,
        0.003533266019076109,
        0.0045074415393173695
    ],
    "val_rmse": [
        0.061867062002420425,
        0.06172650679945946,
        0.057388339191675186,
        0.0712895542383194,
        0.06368350982666016,
        0.06597589701414108,
        0.05875048041343689,
        0.05541292205452919,
        0.05700420215725899,
        0.058454014360904694,
        0.059104930609464645,
        0.06014203280210495,
        0.05905942991375923,
        0.05897131189703941,
        0.057254716753959656,
        0.05909616872668266,
        0.05944128334522247,
        0.06713747978210449
    ],
    "val_r2": [
        0.7336313724517822,
        0.7348403334617615,
        0.7708017230033875,
        0.6463156342506409,
        0.7177603244781494,
        0.6970753073692322,
        0.7597923278808594,
        0.786309003829956,
        0.7738597989082336,
        0.762210488319397,
        0.7568851709365845,
        0.7482784986495972,
        0.7572593688964844,
        0.7579831480979919,
        0.7718678116798401,
        0.7569572329521179,
        0.7541102766990662,
        0.6863147020339966
    ],