{
    "train_loss": [
        0.032597431263697,
        0.011020503000551653,
        0.008462575195248519,
        0.00729222933546657,
        0.006686524335401717,
        0.006023312883363904,
        0.00563200714161161,
        0.005399988642754928,
        0.005135235273866511,
        0.005088787257771251,
        0.004794333979099627,
        0.004706949018313237,
        0.004625964028470751,
        0.004504677063966313,
        0.004437770633184947,
        0.0043516280271034885,
        0.004345138463737148,
        0.004285917313084982
    ],
    "train_mae": [
        0.13562588393688202,
        0.08255190402269363,
        0.07224070280790329,
        0.06735686212778091,
        0.0644959956407547,
        0.060933273285627365,
        0.05921626091003418,
        0.05794930458068848,
        0.056215181946754456,
        0.05585961788892746,
        0.05424538627266884,
        0.0539095476269722,
        0.053391505032777786,
        0.05290502309799194,
        0.052248235791921616,
        0.05180639401078224,
        0.05138341709971428,
        0.051331840455532074
    ],
    "train_mse": [
        0.032597433775663376,
        0.011020503006875515,
        0.008462575264275074,
        0.00729222921654582,
        0.006686524022370577,
        0.0060233124531805515,
        0.0056320070289075375,
        0.0053999884985387325,
        0.005135235842317343,
        0.00508878706023097,
        0.004794334061443806,
        0.00470694899559021,
        0.004625964444130659,
        0.004504676908254623,
        0.0044377706944942474,
        0.004351628012955189,
        0.004345138091593981,
        0.004285917617380619
    ],
    "train_rmse": [
        0.1805475950241089,
        0.10497858375310898,
        0.09199225902557373,
        0.08539455384016037,
        0.08177116513252258,
        0.07761000096797943,
        0.07504669576883316,
        0.07348461449146271,
        0.07166056334972382,
        0.07133573293685913,
        0.06924112886190414,
        0.06860721111297607,
        0.06801444292068481,
        0.0671168863773346,
        0.06661659479141235,
        0.06596686691045761,
        0.06591766327619553,
        0.06546691805124283
    ],
    "train_r2": [
        -0.5323466062545776,
        0.48194605112075806,
        0.6021896004676819,
        0.6572054624557495,
        0.6856786012649536,
        0.7168549299240112,
        0.7352495193481445,
        0.7461562752723694,
        0.7586018443107605,
        0.7607853412628174,
        0.7746270298957825,
        0.7787348031997681,
        0.7825417518615723,
        0.788243293762207,
        0.7913883924484253,
        0.7954378128051758,
        0.7957428693771362,
        0.7985267639160156
    ],
    "train_mape": [
        39.74483108520508,
        26.834110260009766,
        23.220815658569336,
        21.797155380249023,
        20.889371871948242,
        19.896818161010742,
        19.25307846069336,
        19.125844955444336,
        18.4204044342041,
        18.436832427978516,
        17.920429229736328,
        17.733137130737305,
        17.833032608032227,
        17.634014129638672,
        17.42951202392578,
        17.396501541137695,
        17.139142990112305,
        17.268341064453125
    ],
    "train_smape": [
        42.92329788208008,
        22.918441772460938,
        20.41016387939453,
        19.310205459594727,
        18.574373245239258,
        17.73457145690918,
        17.182138442993164,
        16.915302276611328,
        16.417970657348633,
        16.3409481048584,
        15.901483535766602,
        15.79889965057373,
        15.66759204864502,
        15.49982738494873,
        15.390030860900879,
        15.203827857971191,
        15.072378158569336,
        15.107059478759766
    ],
    "train_explained_variance": [
        -0.31667792797088623,
        0.4827689528465271,
        0.6022994518280029,
        0.6572223901748657,
        0.6856901049613953,
        0.716885507106781,
        0.7352504730224609,
        0.7461898326873779,
        0.7586095333099365,
        0.7608039975166321,
        0.7746289968490601,
        0.7787417769432068,
        0.782546877861023,
        0.7882646322250366,
        0.7913948893547058,
        0.7954378724098206,
        0.7957608699798584,
        0.7985283136367798
    ],
    "train_peak_error": [
        0.7591598033905029,
        0.6101163029670715,
        0.48725515604019165,
        0.4590144157409668,
        0.4419553279876709,
        0.43386995792388916,
        0.40910667181015015,
        0.3799145817756653,
        0.34540659189224243,
        0.3633820414543152,
        0.3804367780685425,
        0.33914870023727417,
        0.3428332209587097,
        0.3175843358039856,
        0.38179904222488403,
        0.34409821033477783,
        0.298261433839798,
        0.3519604802131653
    ],
    "val_loss": [
        0.00926958274565262,
        0.007300343967625777,
        0.00619160281172652,
        0.004881017626792514,
        0.004387359308588097,
        0.004176180450473544,
        0.00396102987806038,
        0.003966070806285997,
        0.003921918504864728,
        0.0037699961263967826,
        0.00362400255695307,
        0.0036244670805863017,
        0.0035110063400628755,
        0.0036568933793363705,
        0.003659763660134493,
        0.0036212572846025656,
        0.0035494666306382355,
        0.0035507557501601016
    ],
    "val_mae": [
        0.0771292895078659,
        0.0682021826505661,
        0.06228506937623024,
        0.055043190717697144,
        0.05217669904232025,
        0.05099889263510704,
        0.049703165888786316,
        0.049764618277549744,
        0.04945385828614235,
        0.04853520542383194,
        0.047596655786037445,
        0.04763671010732651,
        0.04684332013130188,
        0.04763785004615784,
        0.04771994426846504,
        0.047492556273937225,
        0.0470026396214962,
        0.04712376743555069
    ],
    "val_mse": [
        0.00926958303898573,
        0.007300344295799732,
        0.006191602908074856,
        0.004881017841398716,
        0.004387359134852886,
        0.0041761803440749645,
        0.003961029928177595,
        0.003966070711612701,
        0.003921918570995331,
        0.0037699961103498936,
        0.003624002682045102,
        0.0036244671791791916,
        0.0035110062453895807,
        0.003656893502920866,
        0.0036597633734345436,
        0.003621257608756423,
        0.003549466608092189,
        0.0035507557913661003
    ],
    "val_rmse": [
        0.09627867490053177,
        0.08544205129146576,
        0.07868673652410507,
        0.06986428052186966,
        0.06623714417219162,
        0.06462337076663971,
        0.06293671578168869,
        0.06297674775123596,
        0.0626252219080925,
        0.06140029430389404,
        0.060199689120054245,
        0.06020354852080345,
        0.0592537447810173,
        0.06047225371003151,
        0.060495976358652115,
        0.06017688661813736,
        0.05957740172743797,
        0.059588219970464706
    ],
    "val_r2": [
        0.3549041748046875,
        0.4919489026069641,
        0.569109320640564,
        0.660316526889801,
        0.6946715712547302,
        0.709368109703064,
        0.7243410348892212,
        0.7239902019500732,
        0.7270628809928894,
        0.737635612487793,
        0.7477957010269165,
        0.7477633357048035,
        0.7556594014167786,
        0.7455067038536072,
        0.7453069686889648,
        0.7479866743087769,
        0.7529828548431396,
        0.7528930902481079
    ],