{
    "train_loss": [
        0.010894572102703863,
        0.003932403207930538,
        0.003627963278698577,
        0.0034499410178119184,
        0.0032953730962175004,
        0.003181691627541319,
        0.0028222521067054513,
        0.002687591156066523,
        0.0025234974919999377,
        0.002447502461361407,
        0.0021268354363936496,
        0.0019359533505771292,
        0.0017588050785832582,
        0.0017633798528650863,
        0.001510809823115654,
        0.001493428438621722
    ],
    "train_mae": [
        0.06675183773040771,
        0.04912839084863663,
        0.04677163064479828,
        0.045749083161354065,
        0.04477545991539955,
        0.04393944516777992,
        0.041185397654771805,
        0.04037236049771309,
        0.038999468088150024,
        0.03858158364892006,
        0.036148130893707275,
        0.034268371760845184,
        0.03266308829188347,
        0.032756827771663666,
        0.030341405421495438,
        0.030101487413048744
    ],
    "train_mse": [
        0.01089457143098116,
        0.003932403400540352,
        0.0036279631312936544,
        0.003449941286817193,
        0.003295373171567917,
        0.003181691514328122,
        0.0028222519904375076,
        0.0026875908952206373,
        0.0025234974455088377,
        0.0024475024547427893,
        0.002126835286617279,
        0.001935953157953918,
        0.0017588050104677677,
        0.0017633797833696008,
        0.001510809757746756,
        0.0014934283681213856
    ],
    "train_rmse": [
        0.10437706112861633,
        0.06270887702703476,
        0.06023257598280907,
        0.058736201375722885,
        0.057405341416597366,
        0.05640648305416107,
        0.05312487110495567,
        0.05184198170900345,
        0.05023442581295967,
        0.04947223886847496,
        0.0461176261305809,
        0.04399946704506874,
        0.04193810746073723,
        0.04199261590838432,
        0.038869135081768036,
        0.038644902408123016
    ],
    "train_r2": [
        0.4878658652305603,
        0.8151448369026184,
        0.8294559717178345,
        0.8378244638442993,
        0.8450904488563538,
        0.850434422492981,
        0.8673310279846191,
        0.8736612200737,
        0.8813749551773071,
        0.8849472999572754,
        0.9000213146209717,
        0.9089943170547485,
        0.9173217415809631,
        0.9171066880226135,
        0.9289795756340027,
        0.9297966361045837
    ],
    "train_mape": [
        22.066923141479492,
        16.626081466674805,
        15.676652908325195,
        15.105287551879883,
        14.751913070678711,
        14.468301773071289,
        13.670701026916504,
        13.156494140625,
        12.765436172485352,
        12.399261474609375,
        11.688983917236328,
        11.109220504760742,
        10.280353546142578,
        10.337850570678711,
        9.541563987731934,
        9.409345626831055
    ],
    "train_smape": [
        19.12790870666504,
        14.482316017150879,
        13.789542198181152,
        13.45257568359375,
        13.199999809265137,
        13.02164363861084,
        12.264680862426758,
        11.95355224609375,
        11.641059875488281,
        11.367584228515625,
        10.791008949279785,
        10.20286750793457,
        9.711256980895996,
        9.703922271728516,
        9.061426162719727,
        8.938981056213379
    ],
    "train_explained_variance": [
        0.48794126510620117,
        0.8151478171348572,
        0.8294562697410583,
        0.8378316164016724,
        0.8450967073440552,
        0.8504371643066406,
        0.8673310875892639,
        0.8736628293991089,
        0.8813749551773071,
        0.8849536776542664,
        0.9000213146209717,
        0.9089947938919067,
        0.9173217415809631,
        0.9171072244644165,
        0.9289796352386475,
        0.9297966361045837
    ],
    "train_peak_error": [
        1.280395746231079,
        0.3584668040275574,
        0.3072357177734375,
        0.34165000915527344,
        0.2671593427658081,
        0.27087831497192383,
        0.2809183597564697,
        0.2616855502128601,
        0.26939624547958374,
        0.27980461716651917,
        0.21629124879837036,
        0.23147591948509216,
        0.22393527626991272,
        0.24727678298950195,
        0.1967567503452301,
        0.20077264308929443
    ],
    "val_loss": [
        0.0034548913183615362,
        0.004652966572467586,
        0.0031716519292685195,
        0.003695652708210212,
        0.0033724443570931823,
        0.0030644321697261587,
        0.003797845430035653,
        0.003296878029585635,
        0.003808389147475576,
        0.004393787156696693,
        0.004139129836614773,
        0.004607481912930878,
        0.005777178307418986,
        0.004884792628744952,
        0.004547850967806985,
        0.004550297661155141
    ],
    "val_mae": [
        0.04642745852470398,
        0.054483652114868164,
        0.04450828582048416,
        0.04903348535299301,
        0.04621322080492973,
        0.04426431283354759,
        0.04986842721700668,
        0.04597931727766991,
        0.04961346834897995,
        0.05344610661268234,
        0.05168469250202179,
        0.053621307015419006,
        0.06047961488366127,
        0.05613893270492554,
        0.054176174104213715,
        0.05417732521891594
    ],
    "val_mse": [
        0.0034548912663012743,
        0.004652966279536486,
        0.0031716518569737673,
        0.0036956528201699257,
        0.0033724443055689335,
        0.0030644319485872984,
        0.003797845682129264,
        0.0032968781888484955,
        0.003808388952165842,
        0.004393787123262882,
        0.004139130003750324,
        0.004607482347637415,
        0.005777178332209587,
        0.0048847924917936325,
        0.0045478506945073605,
        0.004550297744572163
    ],
    "val_rmse": [
        0.058778323233127594,
        0.06821265816688538,
        0.056317418813705444,
        0.06079187989234924,
        0.05807274952530861,
        0.05535731092095375,
        0.06162666529417038,
        0.057418446987867355,
        0.06171214580535889,
        0.0662856474518776,
        0.06433606892824173,
        0.06787844002246857,
        0.07600775361061096,
        0.06989128887653351,
        0.06743775308132172,
        0.06745589524507523
    ],
    "val_r2": [
        0.7595645785331726,
        0.67618727684021,
        0.7792760133743286,
        0.7428092956542969,
        0.765302300453186,
        0.7867377400398254,
        0.7356974482536316,
        0.770561158657074,
        0.7349637150764465,
        0.6942242383956909,
        0.7119465470314026,
        0.6793525815010071,
        0.5979502201080322,
        0.6600538492202759,
        0.6835025548934937,
        0.6833322048187256
    ],
    "val_mape": [
        25.04729652404785,
        24.3330135345459,
        20.744495391845703,
        26.55802345275879,
        23.024620056152344,
        22.138885498046875,
        25.856185913085938,
        23.1174259185791,
        22.7427921295166,
        27.122100830078125,
        27.751708984375,
        25.83576202392578,
        28.25100326538086,
        26.71290397644043,
        27.183839797973633,
        25.778156280517578
    ],
    "val_smape": [
        18.490760803222656,
        21.321277618408203,
        17.4793701171875,
        19.55324935913086,
        18.1787052154541,
        17.63515853881836,
        19.615407943725586,
        18.550045013427734,
        19.783212661743164,
        20.578598022460938,
        20.297454833984375,
        20.451087951660156,
        22.48807144165039,
        21.629859924316406,
        21.090744018554688,
        20.514049530029297
    ],