{
    "train_loss": [
        0.013652634064413222,
        0.004527721390638761,
        0.003895865612774693,
        0.0036693171990900505,
        0.003467511868677559,
        0.003302221662758373,
        0.003218080246844519,
        0.0031566562871742916,
        0.003072153443005633,
        0.00307348974614809,
        0.002999824125406324,
        0.0029606240081396875,
        0.00300739917628997,
        0.0029629653653380533,
        0.0029217130465158396,
        0.002832923969637081,
        0.0028221839104250325,
        0.0027837386739702112,
        0.0028161597050150194,
        0.002774984888276472,
        0.0027529715533259067,
        0.002675308255821836,
        0.0027069814869976863,
        0.002662914115491822,
        0.00261840309809676,
        0.0026073162588098474,
        0.002608873743185745,
        0.0025426768189477696,
        0.002558744513583618,
        0.002500501536757881,
        0.002385130134313726,
        0.00240742111440745,
        0.002368467548178908,
        0.002371399764677696
    ],
    "train_mae": [
        0.08412087708711624,
        0.05251506716012955,
        0.04857853055000305,
        0.04696330428123474,
        0.04552283510565758,
        0.04447925463318825,
        0.04374998062849045,
        0.04352976381778717,
        0.042715154588222504,
        0.042792756110429764,
        0.042335931211709976,
        0.04212328791618347,
        0.042478546500205994,
        0.042168017476797104,
        0.041760560125112534,
        0.0411180779337883,
        0.041109781712293625,
        0.04095766320824623,
        0.04106923192739487,
        0.04069466516375542,
        0.0407252162694931,
        0.04000404477119446,
        0.04045466333627701,
        0.03990078717470169,
        0.03971846401691437,
        0.039574842900037766,
        0.039644576609134674,
        0.03902018070220947,
        0.03923609480261803,
        0.03878519684076309,
        0.03787306323647499,
        0.03808300569653511,
        0.03773635998368263,
        0.037748340517282486
    ],
    "train_mse": [
        0.013652633875608444,
        0.0045277210883796215,
        0.0038958657532930374,
        0.0036693173460662365,
        0.0034675118513405323,
        0.003302221419289708,
        0.003218080149963498,
        0.003156656166538596,
        0.0030721535440534353,
        0.0030734895262867212,
        0.0029998240061104298,
        0.0029606239404529333,
        0.0030073991511017084,
        0.0029629655182361603,
        0.0029217132832854986,
        0.0028329240158200264,
        0.0028221835382282734,
        0.0027837385423481464,
        0.002816159510985017,
        0.002774984808638692,
        0.0027529713697731495,
        0.0026753086131066084,
        0.002706981496885419,
        0.0026629138737916946,
        0.002618403173983097,
        0.002607316244393587,
        0.0026088738813996315,
        0.002542676869779825,
        0.0025587447453290224,
        0.002500501461327076,
        0.002385130152106285,
        0.002407421125099063,
        0.002368467627093196,
        0.002371399663388729
    ],
    "train_rmse": [
        0.11684448271989822,
        0.0672883465886116,
        0.06241687014698982,
        0.060574889183044434,
        0.05888558179140091,
        0.05746495723724365,
        0.05672812461853027,
        0.05618412792682648,
        0.05542701110243797,
        0.0554390624165535,
        0.05477064847946167,
        0.054411616176366806,
        0.054839760065078735,
        0.054433129727840424,
        0.05405287444591522,
        0.05322521924972534,
        0.05312422662973404,
        0.05276114493608475,
        0.05306749790906906,
        0.052678123116493225,
        0.052468765527009964,
        0.05172338709235191,
        0.05202865973114967,
        0.05160342901945114,
        0.051170334219932556,
        0.05106188729405403,
        0.051077134907245636,
        0.0504249632358551,
        0.050584036856889725,
        0.05000501498579979,
        0.04883779585361481,
        0.0490654781460762,
        0.048666905611753464,
        0.04869702085852623
    ],
    "train_r2": [
        0.3582143187522888,
        0.7871600389480591,
        0.8168624043464661,
        0.8275120258331299,
        0.8369985222816467,
        0.8447685241699219,
        0.8487238883972168,
        0.8516112565994263,
        0.8555836081504822,
        0.8555207848548889,
        0.8589836955070496,
        0.8608264327049255,
        0.8586275577545166,
        0.8607163429260254,
        0.862655520439148,
        0.8668293952941895,
        0.867334246635437,
        0.8691414594650269,
        0.8676174283027649,
        0.8695529699325562,
        0.8705878257751465,
        0.8742386102676392,
        0.8727496862411499,
        0.8748212456703186,
        0.8769136071205139,
        0.8774347901344299,
        0.877361536026001,
        0.8804733753204346,
        0.8797180652618408,
        0.8824559450149536,
        0.8878793716430664,
        0.8868314623832703,
        0.888662576675415,
        0.8885247707366943
    ],
    "train_mape": [
        26.97250747680664,
        17.937768936157227,
        16.57692527770996,
        16.049402236938477,
        15.497451782226562,
        15.215717315673828,
        14.8725004196167,
        14.726452827453613,
        14.458603858947754,
        14.385074615478516,
        14.240276336669922,
        14.157952308654785,
        14.249944686889648,
        14.052928924560547,
        13.954627990722656,
        13.784247398376465,
        13.65414810180664,
        13.646356582641602,
        13.604558944702148,
        13.577814102172852,
        13.47951889038086,
        13.321039199829102,
        13.425962448120117,
        13.215790748596191,
        13.18674373626709,
        13.097270965576172,
        12.953418731689453,
        12.953991889953613,
        12.934951782226562,
        12.688970565795898,
        12.471223831176758,
        12.544708251953125,
        12.387641906738281,
        12.377899169921875
    ],
    "train_smape": [
        24.230960845947266,
        15.352307319641113,
        14.344477653503418,
        13.901887893676758,
        13.492281913757324,
        13.237112998962402,
        13.025264739990234,
        12.929922103881836,
        12.68571662902832,
        12.715190887451172,
        12.597702026367188,
        12.520909309387207,
        12.636847496032715,
        12.529705047607422,
        12.424614906311035,
        12.251012802124023,
        12.191784858703613,
        12.173787117004395,
        12.208504676818848,
        12.135053634643555,
        12.098729133605957,
        11.90560531616211,
        12.020919799804688,
        11.868042945861816,
        11.834840774536133,
        11.783073425292969,
        11.753369331359863,
        11.595048904418945,
        11.627962112426758,
        11.503201484680176,
        11.244579315185547,
        11.311245918273926,
        11.208097457885742,
        11.200227737426758
    ],