{
    "train_loss": [
        0.012634307152771394,
        0.004441908413985039,
        0.004033437833903381,
        0.003773565189320187,
        0.003681720390594104,
        0.0035479104650448135,
        0.0034879353199664762,
        0.0034362054029615746,
        0.0034332654253162835,
        0.0033894938806714766,
        0.0033144082575069654,
        0.0032775925841842294,
        0.00327935621140994,
        0.003302655951168192,
        0.0031847108767456543,
        0.003206164752431055,
        0.0031932015648303133,
        0.0031828815600878626,
        0.003162238199063591,
        0.0031195448728449557,
        0.003090714531896953,
        0.0030678291620195963,
        0.0030896312895112295,
        0.003079830487913091,
        0.0028944981488839626,
        0.0029047445276410627,
        0.0028984261534007096,
        0.002889734220779238
    ],
    "train_mae": [
        0.07772768288850784,
        0.0522305890917778,
        0.04986582696437836,
        0.04793577641248703,
        0.047260284423828125,
        0.04622557759284973,
        0.04582143947482109,
        0.04552595689892769,
        0.045496828854084015,
        0.04522668197751045,
        0.0447554774582386,
        0.04432334378361702,
        0.044302601367235184,
        0.044453464448451996,
        0.04358367994427681,
        0.04373566806316376,
        0.043822359293699265,
        0.04381983354687691,
        0.04345687851309776,
        0.043221332132816315,
        0.04302447661757469,
        0.042848922312259674,
        0.04307921603322029,
        0.0430915541946888,
        0.0416937954723835,
        0.041656896471977234,
        0.04162750765681267,
        0.0415373221039772
    ],
    "train_mse": [
        0.012634306214749813,
        0.004441908095031977,
        0.004033437464386225,
        0.0037735654041171074,
        0.003681720467284322,
        0.0035479103680700064,
        0.003487935522571206,
        0.003436205442994833,
        0.003433265257626772,
        0.003389494027942419,
        0.003314408240839839,
        0.003277592593804002,
        0.003279356053099036,
        0.0033026558812707663,
        0.0031847108621150255,
        0.003206164576113224,
        0.003193201497197151,
        0.0031828817445784807,
        0.0031622382812201977,
        0.0031195448245853186,
        0.003090714570134878,
        0.003067829180508852,
        0.0030896312091499567,
        0.0030798304360359907,
        0.002894498175010085,
        0.002904744353145361,
        0.002898426027968526,
        0.0028897342272102833
    ],
    "train_rmse": [
        0.11240243166685104,
        0.06664764136075974,
        0.06350935250520706,
        0.061429351568222046,
        0.0606771819293499,
        0.05956433713436127,
        0.05905874818563461,
        0.05861915647983551,
        0.05859407037496567,
        0.058219362050294876,
        0.05757089704275131,
        0.057250261306762695,
        0.05726566165685654,
        0.05746873840689659,
        0.056433241814374924,
        0.056623004376888275,
        0.056508418172597885,
        0.056417033076286316,
        0.056233782321214676,
        0.05585288628935814,
        0.05559419468045235,
        0.055387988686561584,
        0.05558444932103157,
        0.0554962195456028,
        0.053800541907548904,
        0.05389568209648132,
        0.05383703112602234,
        0.05375624820590019
    ],
    "train_r2": [
        0.4060840606689453,
        0.7911939024925232,
        0.810395359992981,
        0.8226115107536316,
        0.826928973197937,
        0.8332191705703735,
        0.8360384702682495,
        0.8384702205657959,
        0.8386083841323853,
        0.8406659960746765,
        0.8441956639289856,
        0.8459262847900391,
        0.8458433747291565,
        0.8447481393814087,
        0.8502925038337708,
        0.8492839932441711,
        0.84989333152771,
        0.8503785133361816,
        0.851348876953125,
        0.8533558249473572,
        0.8547110557556152,
        0.855786919593811,
        0.8547620177268982,
        0.8552227020263672,
        0.8639348745346069,
        0.863453209400177,
        0.8637502193450928,
        0.8641588091850281
    ],
    "train_mape": [
        25.003612518310547,
        17.368579864501953,
        16.802764892578125,
        16.060903549194336,
        15.9240083694458,
        15.602834701538086,
        15.38968276977539,
        15.26793098449707,
        15.17298412322998,
        15.051873207092285,
        14.956087112426758,
        14.864997863769531,
        14.852842330932617,
        14.824445724487305,
        14.572554588317871,
        14.548009872436523,
        14.630866050720215,
        14.594793319702148,
        14.50611686706543,
        14.361141204833984,
        14.282004356384277,
        14.331664085388184,
        14.348287582397461,
        14.299787521362305,
        14.023536682128906,
        13.959242820739746,
        13.915520668029785,
        13.851216316223145
    ],
    "train_smape": [
        22.86591339111328,
        15.288003921508789,
        14.693279266357422,
        14.132253646850586,
        13.949259757995605,
        13.686622619628906,
        13.524436950683594,
        13.486756324768066,
        13.414753913879395,
        13.359453201293945,
        13.235873222351074,
        13.118844032287598,
        13.135065078735352,
        13.105851173400879,
        12.877128601074219,
        12.910599708557129,
        12.948343276977539,
        12.931288719177246,
        12.818259239196777,
        12.76214599609375,
        12.766894340515137,
        12.715103149414062,
        12.754395484924316,
        12.732020378112793,
        12.39072036743164,
        12.361610412597656,
        12.359735488891602,
        12.327375411987305
    ],
    "train_explained_variance": [
        0.4100053310394287,
        0.7911987900733948,
        0.8104024529457092,
        0.8226134777069092,
        0.8269297480583191,
        0.8332191705703735,
        0.8360385298728943,
        0.838471531867981,
        0.8386086821556091,
        0.8406689167022705,
        0.8441960215568542,
        0.8459287881851196,
        0.8458433747291565,
        0.8447495698928833,
        0.8502928018569946,
        0.8492850065231323,
        0.8498950600624084,
        0.8503799438476562,
        0.8513529896736145,
        0.853356122970581,
        0.8547128438949585,
        0.8557909727096558,
        0.8547620177268982,
        0.855224072933197,
        0.8639387488365173,
        0.863454282283783,
        0.8637503981590271,
        0.8641631007194519
    ],
    "train_peak_error": [
        0.9355068802833557,
        0.3802473545074463,
        0.34694355726242065,
        0.3416467308998108,
        0.35260695219039917,
        0.31276148557662964,
        0.3200439214706421,
        0.32751768827438354,
        0.3100823163986206,
        0.3291096091270447,
        0.3369441032409668,
        0.3165426254272461,
        0.30391740798950195,
        0.31205737590789795,
        0.3211873769760132,
        0.3516535758972168,
        0.33405381441116333,
        0.3362608551979065,
        0.3169238567352295,
        0.30263185501098633,
        0.33716046810150146,
        0.308843195438385,
        0.29241007566452026,
        0.3197364807128906,
        0.31050336360931396,
        0.300561785697937,
        0.3063570261001587,
        0.30216652154922485
    ],