{
    "train_loss": [
        0.014018410126630305,
        0.004305969045923748,
        0.0039003549739026026,
        0.003678489411033245,
        0.0034859664636085405,
        0.0033900779947430145,
        0.0032788187963218147,
        0.003188672419325536,
        0.003139472169401153,
        0.0031274253059710654,
        0.003054550723067148,
        0.0030017477986854593,
        0.0029637030468813563,
        0.0029469515774272564,
        0.0028823640100835435,
        0.0028239634715306623,
        0.0028187001107089307,
        0.002830590932349287,
        0.002732093099403742,
        0.0027988344350642577,
        0.0027386029340820475,
        0.002659510868211458,
        0.002683351959594581
    ],
    "train_mae": [
        0.08120594918727875,
        0.05111388489603996,
        0.048524171113967896,
        0.04692612588405609,
        0.045683253556489944,
        0.04512857273221016,
        0.044270504266023636,
        0.04378439113497734,
        0.04332786798477173,
        0.04341122880578041,
        0.04274243861436844,
        0.04244157299399376,
        0.04212455824017525,
        0.04202193766832352,
        0.04157736897468567,
        0.04113040119409561,
        0.04103538766503334,
        0.04108753427863121,
        0.04049042612314224,
        0.04109261929988861,
        0.04064921289682388,
        0.039952028542757034,
        0.040173254907131195
    ],
    "train_mse": [
        0.014018408954143524,
        0.00430596899241209,
        0.003900354728102684,
        0.0036784897092729807,
        0.003485966706648469,
        0.0033900782000273466,
        0.003278818679973483,
        0.003188672475516796,
        0.003139472333714366,
        0.0031274252105504274,
        0.003054550616070628,
        0.0030017478857189417,
        0.0029637031257152557,
        0.002946951426565647,
        0.00288236397318542,
        0.0028239635284990072,
        0.002818700158968568,
        0.0028305910527706146,
        0.0027320929802954197,
        0.0027988345827907324,
        0.002738602925091982,
        0.0026595108211040497,
        0.002683351980522275
    ],
    "train_rmse": [
        0.11839935928583145,
        0.06561988592147827,
        0.06245281919836998,
        0.060650553554296494,
        0.059042077511548996,
        0.058224376291036606,
        0.05726097151637077,
        0.056468330323696136,
        0.0560309961438179,
        0.05592338740825653,
        0.05526798963546753,
        0.05478820949792862,
        0.05443990230560303,
        0.05428583174943924,
        0.053687650710344315,
        0.05314097926020622,
        0.05309143289923668,
        0.05320329964160919,
        0.05226942524313927,
        0.05290401354432106,
        0.05233166366815567,
        0.05157044529914856,
        0.051801081746816635
    ],
    "train_r2": [
        0.3410199284553528,
        0.7975841760635376,
        0.8166513442993164,
        0.8270808458328247,
        0.8361309766769409,
        0.8406385183334351,
        0.8458686470985413,
        0.8501062393188477,
        0.8524190783500671,
        0.8529853820800781,
        0.8564110994338989,
        0.8588932752609253,
        0.8606816530227661,
        0.8614691495895386,
        0.8645052909851074,
        0.8672505617141724,
        0.867497980594635,
        0.8669390678405762,
        0.8715692162513733,
        0.8684318661689758,
        0.8712632060050964,
        0.874981164932251,
        0.8738604784011841
    ],
    "train_mape": [
        26.230863571166992,
        17.36204719543457,
        16.543045043945312,
        15.954856872558594,
        15.496664047241211,
        15.170095443725586,
        15.04241943359375,
        14.842306137084961,
        14.504395484924316,
        14.617766380310059,
        14.3893404006958,
        14.221264839172363,
        14.110581398010254,
        14.114347457885742,
        13.880391120910645,
        13.735790252685547,
        13.704766273498535,
        13.794548988342285,
        13.500116348266602,
        13.701354026794434,
        13.507793426513672,
        13.318899154663086,
        13.310477256774902
    ],
    "train_smape": [
        24.485061645507812,
        14.930719375610352,
        14.279033660888672,
        13.858088493347168,
        13.532248497009277,
        13.346704483032227,
        13.15799617767334,
        13.000075340270996,
        12.86202335357666,
        12.918440818786621,
        12.761563301086426,
        12.612467765808105,
        12.532393455505371,
        12.514201164245605,
        12.36876392364502,
        12.255922317504883,
        12.241715431213379,
        12.241729736328125,
        12.064719200134277,
        12.203705787658691,
        12.079723358154297,
        11.933036804199219,
        11.993659973144531
    ],
    "train_explained_variance": [
        0.35217446088790894,
        0.7975883483886719,
        0.8166517615318298,
        0.827081024646759,
        0.8361313939094543,
        0.8406397104263306,
        0.8458688259124756,
        0.8501087427139282,
        0.8524208068847656,
        0.852986216545105,
        0.8564130067825317,
        0.8588935136795044,
        0.8606816530227661,
        0.8614691495895386,
        0.8645058274269104,
        0.8672506809234619,
        0.8674980401992798,
        0.8669390678405762,
        0.8715715408325195,
        0.8684322834014893,
        0.8712639212608337,
        0.8749820590019226,
        0.8738604784011841
    ],
    "train_peak_error": [
        0.7285318374633789,
        0.36559218168258667,
        0.35591500997543335,
        0.31965941190719604,
        0.336026668548584,
        0.316899836063385,
        0.31364643573760986,
        0.28331685066223145,
        0.3146147131919861,
        0.28802943229675293,
        0.2918098568916321,
        0.2964814305305481,
        0.29438334703445435,
        0.3153846859931946,
        0.2814076542854309,
        0.29106324911117554,
        0.2890017628669739,
        0.2865743637084961,
        0.27509254217147827,
        0.2593953609466553,
        0.2691289484500885,
        0.272589772939682,
        0.2667955160140991
    ],
    "val_loss": [
        0.004336962344848531,
        0.0038210837986896473,
        0.00357684458106783,
        0.003539060473629682,
        0.003472307937842854,
        0.003214388618299322,
        0.0031736087758536284,
        0.0030827091184692634,
        0.003195331382344095,
        0.0031370550590707996,
        0.003220874229680559,
        0.0030759914798943475,
        0.0029950749713981107,
        0.0030345960229085827,
        0.003169560462517811,
        0.003171438301457829,
        0.003229285042645852,
        0.00302103259396344,
        0.0032845028319643983,
        0.003084056848231301,
        0.003264112075750562,
        0.003164308531605136,
        0.003006384853849844
    ],
    "val_mae": [
        0.05207965523004532,
        0.048947349190711975,
        0.047348298132419586,
        0.046830739825963974,
        0.04624553769826889,
        0.04452037811279297,
        0.044311679899692535,
        0.04376523569226265,
        0.044585004448890686,
        0.04421104118227959,
        0.044875066727399826,
        0.04396326467394829,
        0.043454360216856,
        0.043646056205034256,
        0.04446546360850334,
        0.0448104664683342,
        0.04500644654035568,
        0.043488092720508575,
        0.045256685465574265,
        0.04401889815926552,
        0.04534268006682396,
        0.04465983808040619,
        0.04355856776237488
    ],