{
    "train_loss": [
        7.292400428928398,
        0.016653262662165068,
        0.01359547750901318,
        0.011187667740640322,
        0.009494706705583021,
        0.011985194405393125,
        0.009046981034585828,
        0.009900857723922666,
        0.00879505897597437,
        0.0070449138662157995,
        0.0073917875432861985,
        0.007382115508502698,
        0.006198131543579773,
        0.006537058568870528,
        0.0069830482990700365,
        0.006824003100898539,
        0.00634251604190454,
        0.006137368501532625,
        0.006755866927228416,
        0.0070899906182902385,
        0.006793170689707751,
        0.00619825178323,
        0.006073174471086405,
        0.006319368457105896,
        0.0054504822236828235,
        0.06335094645231386,
        0.008825375620798366,
        0.005993284778115335
    ],
    "train_mae": [
        0.5142996907234192,
        0.10198492556810379,
        0.09161670506000519,
        0.08250205218791962,
        0.07608078420162201,
        0.08200860023498535,
        0.07465564459562302,
        0.07776732742786407,
        0.07343204319477081,
        0.06598691642284393,
        0.06792770326137543,
        0.06790906935930252,
        0.061938539147377014,
        0.0631398856639862,
        0.06590762734413147,
        0.06542786955833435,
        0.06275709718465805,
        0.06190092861652374,
        0.06500015407800674,
        0.06524191796779633,
        0.06496784090995789,
        0.06205336004495621,
        0.06155805289745331,
        0.06260234862565994,
        0.05828363075852394,
        0.12154321372509003,
        0.07291703671216965,
        0.061267297714948654
    ],
    "train_mse": [
        7.292399883270264,
        0.016653262078762054,
        0.013595476746559143,
        0.011187667027115822,
        0.009494706988334656,
        0.011985194869339466,
        0.009046981111168861,
        0.00990085769444704,
        0.008795058354735374,
        0.007044913247227669,
        0.007391787599772215,
        0.007382115814834833,
        0.00619813147932291,
        0.0065370588563382626,
        0.006983048282563686,
        0.00682400306686759,
        0.006342516280710697,
        0.006137368734925985,
        0.006755867041647434,
        0.007089991122484207,
        0.006793171167373657,
        0.006198251619935036,
        0.00607317453250289,
        0.0063193682581186295,
        0.005450482480227947,
        0.06335094571113586,
        0.008825375698506832,
        0.005993284750729799
    ],
    "train_rmse": [
        2.700444459915161,
        0.12904751300811768,
        0.11659964174032211,
        0.10577176511287689,
        0.09744078665971756,
        0.10947691649198532,
        0.09511561691761017,
        0.0995030552148819,
        0.0937819704413414,
        0.08393397927284241,
        0.08597550541162491,
        0.08591923862695694,
        0.07872821390628815,
        0.08085207641124725,
        0.0835646316409111,
        0.08260752260684967,
        0.07963991910219193,
        0.07834135740995407,
        0.08219408243894577,
        0.08420208841562271,
        0.0824206992983818,
        0.07872897386550903,
        0.07793057709932327,
        0.07949445396661758,
        0.07382738590240479,
        0.2516961395740509,
        0.09394346922636032,
        0.0774163082242012
    ],
    "train_r2": [
        -341.8025817871094,
        0.21716028451919556,
        0.36090123653411865,
        0.4740879535675049,
        0.5536710023880005,
        0.4365975856781006,
        0.5747177600860596,
        0.5345785617828369,
        0.5865601897239685,
        0.6688313484191895,
        0.6525254249572754,
        0.6529800891876221,
        0.708636999130249,
        0.6927046775817871,
        0.6717395186424255,
        0.6792159080505371,
        0.7018498182296753,
        0.7114933729171753,
        0.6824188828468323,
        0.6667122840881348,
        0.6806653141975403,
        0.7086313962936401,
        0.7145110368728638,
        0.70293790102005,
        0.743782639503479,
        -1.9780137538909912,
        0.5851350426673889,
        0.718266487121582
    ],
    "train_mape": [
        164.15065002441406,
        37.972373962402344,
        32.21006774902344,
        27.91338539123535,
        25.39321517944336,
        27.42937469482422,
        25.337907791137695,
        26.67129898071289,
        24.196331024169922,
        21.920316696166992,
        22.394922256469727,
        22.305212020874023,
        20.418659210205078,
        20.755252838134766,
        21.880428314208984,
        21.634187698364258,
        20.881362915039062,
        20.673175811767578,
        21.58143424987793,
        21.757707595825195,
        21.770713806152344,
        20.912109375,
        20.958290100097656,
        21.29347801208496,
        20.131473541259766,
        44.855224609375,
        26.83181381225586,
        21.599000930786133
    ],
    "train_smape": [
        45.13362503051758,
        28.054174423217773,
        25.28594398498535,
        22.98804473876953,
        21.404205322265625,
        22.909046173095703,
        21.139892578125,
        21.87749671936035,
        20.615795135498047,
        18.888750076293945,
        19.331697463989258,
        19.374135971069336,
        17.764938354492188,
        18.109148025512695,
        18.872386932373047,
        18.725309371948242,
        18.020811080932617,
        17.782108306884766,
        18.543725967407227,
        18.676830291748047,
        18.62004852294922,
        17.819164276123047,
        17.7429256439209,
        17.99417495727539,
        16.965065002441406,
        29.313255310058594,
        20.67315673828125,
        17.810449600219727
    ],
    "train_explained_variance": [
        -341.799560546875,
        0.21716809272766113,
        0.36090314388275146,
        0.4740881323814392,
        0.5536736249923706,
        0.4366467595100403,
        0.5747241973876953,
        0.5345860719680786,
        0.5865787863731384,
        0.6688320636749268,
        0.6525265574455261,
        0.6529814600944519,
        0.7086377143859863,
        0.6927050352096558,
        0.6717411279678345,
        0.6792327165603638,
        0.701850175857544,
        0.7115004062652588,
        0.6824207305908203,
        0.6667506694793701,
        0.6806758642196655,
        0.7086673378944397,
        0.7145111560821533,
        0.7029387354850769,
        0.743786633014679,
        -1.9759094715118408,
        0.5854284167289734,
        0.7183754444122314
    ],
    "train_peak_error": [
        84.933349609375,
        0.5964497923851013,
        0.575201153755188,
        0.5882648229598999,
        0.45117807388305664,
        1.8610713481903076,
        0.5747663378715515,
        0.716610312461853,
        0.4392026960849762,
        0.43678462505340576,
        0.4913460910320282,
        0.45043787360191345,
        0.3835029602050781,
        0.4277985990047455,
        0.40515223145484924,
        0.4740558862686157,
        0.44921785593032837,
        0.3883815407752991,
        0.4054625630378723,
        0.9643703699111938,
        0.39554041624069214,
        0.46496260166168213,
        0.42018944025039673,
        0.45800352096557617,
        0.4823073148727417,
        2.8829116821289062,
        0.5445719957351685,
        0.41267305612564087
    ],