{
    "train_loss": [
        0.01449908909710189,
        0.004922248932491915,
        0.004078517335410555,
        0.0037840866347731345,
        0.003642422813753459,
        0.003542600338008447,
        0.0034567958660640698,
        0.003396417355494584,
        0.0034504311516390515,
        0.0033434853018016577,
        0.0032613399717345832,
        0.0032253964188447485,
        0.00321018497755097,
        0.0032131860456805104,
        0.003176072454576248,
        0.0031489993675538706,
        0.0031009070838213444,
        0.003121746990539023,
        0.0030594858272080033,
        0.0030558621303998007,
        0.0030642973878427858,
        0.003039891467311688,
        0.003050067887789082,
        0.0030370069692510072,
        0.0029801260742662945,
        0.0029894907327276893,
        0.0029617202074743616,
        0.00299274413988988,
        0.0029593526738574574,
        0.002935474777172118,
        0.002907513767807333,
        0.0028208115681322477,
        0.0028141822881048266,
        0.0028123366713726657,
        0.0028175772136122944
    ],
    "train_mae": [
        0.0888136699795723,
        0.054673828184604645,
        0.04969582334160805,
        0.04773731902241707,
        0.04683737829327583,
        0.04623714089393616,
        0.04560459032654762,
        0.04529724270105362,
        0.04562480375170708,
        0.04491650313138962,
        0.04422249644994736,
        0.04412296414375305,
        0.04397616907954216,
        0.04414035752415657,
        0.04360846057534218,
        0.043508950620889664,
        0.043195705860853195,
        0.043408460915088654,
        0.042878322303295135,
        0.04282491281628609,
        0.04291309788823128,
        0.042665302753448486,
        0.04260895401239395,
        0.04275481402873993,
        0.042310334742069244,
        0.04238919913768768,
        0.04217062518000603,
        0.04232221841812134,
        0.04213517904281616,
        0.041928887367248535,
        0.04166264086961746,
        0.04110267385840416,
        0.041036639362573624,
        0.04102401062846184,
        0.04102170094847679
    ],
    "train_mse": [
        0.014499089680612087,
        0.004922248423099518,
        0.004078517202287912,
        0.0037840865552425385,
        0.003642423078417778,
        0.0035426001995801926,
        0.003456795820966363,
        0.0033964174799621105,
        0.0034504311624914408,
        0.0033434852957725525,
        0.003261340083554387,
        0.0032253966201096773,
        0.0032101848628371954,
        0.00321318581700325,
        0.0031760723795741796,
        0.0031489995308220387,
        0.0031009071972221136,
        0.0031217471696436405,
        0.0030594856943935156,
        0.0030558621510863304,
        0.00306429760530591,
        0.003039891831576824,
        0.00305006792768836,
        0.003037006827071309,
        0.0029801258351653814,
        0.0029894907493144274,
        0.002961719874292612,
        0.002992744091898203,
        0.002959352685138583,
        0.0029354747384786606,
        0.0029075138736516237,
        0.002820811467245221,
        0.002814182313159108,
        0.002812336664646864,
        0.002817577449604869
    ],
    "train_rmse": [
        0.12041216343641281,
        0.07015873491764069,
        0.06386326998472214,
        0.06151492893695831,
        0.06035248935222626,
        0.05951974540948868,
        0.058794520795345306,
        0.05827879160642624,
        0.058740369975566864,
        0.057822879403829575,
        0.05710814520716667,
        0.05679257586598396,
        0.05665849149227142,
        0.05668497085571289,
        0.056356653571128845,
        0.05611594766378403,
        0.05568578839302063,
        0.0558725968003273,
        0.0553126186132431,
        0.05527985468506813,
        0.05535609647631645,
        0.05513521283864975,
        0.05522742122411728,
        0.05510904639959335,
        0.05459052696824074,
        0.05467623472213745,
        0.05442168563604355,
        0.05470597743988037,
        0.05439993366599083,
        0.054180022329092026,
        0.05392136797308922,
        0.05311131104826927,
        0.05304886773228645,
        0.05303146690130234,
        0.053080856800079346
    ],
    "train_r2": [
        0.3184239864349365,
        0.7686139941215515,
        0.8082762360572815,
        0.8221169114112854,
        0.8287762403488159,
        0.8334687948226929,
        0.8375022411346436,
        0.8403405547142029,
        0.837801456451416,
        0.8428288102149963,
        0.84669029712677,
        0.848379909992218,
        0.8490949869155884,
        0.8489539623260498,
        0.8506985902786255,
        0.8519712090492249,
        0.8542319536209106,
        0.8532522916793823,
        0.8561791181564331,
        0.8563494086265564,
        0.8559529185295105,
        0.8571001887321472,
        0.8566218018531799,
        0.8572357892990112,
        0.8599096536636353,
        0.8594694137573242,
        0.8607748746871948,
        0.8593164682388306,
        0.8608861565589905,
        0.8620086312294006,
        0.8633230328559875,
        0.867398738861084,
        0.8677103519439697,
        0.8677971363067627,
        0.867550790309906
    ],
    "train_mape": [
        27.82391357421875,
        18.173446655273438,
        16.698009490966797,
        16.13644790649414,
        15.827417373657227,
        15.663812637329102,
        15.491678237915039,
        15.321434020996094,
        15.373899459838867,
        15.150277137756348,
        14.883047103881836,
        14.910274505615234,
        14.775869369506836,
        14.73884391784668,
        14.609321594238281,
        14.600248336791992,
        14.485937118530273,
        14.558534622192383,
        14.352453231811523,
        14.382143020629883,
        14.40853500366211,
        14.267498016357422,
        14.31016731262207,
        14.332524299621582,
        14.189234733581543,
        14.171332359313965,
        14.062312126159668,
        14.18937873840332,
        14.083351135253906,
        14.033693313598633,
        13.938644409179688,
        13.783915519714355,
        13.75318431854248,
        13.754993438720703,
        13.746219635009766
    ],
    "train_smape": [
        25.529617309570312,
        15.822243690490723,
        14.611662864685059,
        14.083931922912598,
        13.82730484008789,
        13.695362091064453,
        13.51430892944336,
        13.41248893737793,
        13.484973907470703,
        13.304898262023926,
        13.10690689086914,
        13.085132598876953,
        13.042915344238281,
        13.066242218017578,
        12.91331672668457,
        12.878555297851562,
        12.806325912475586,
        12.872486114501953,
        12.720422744750977,
        12.70122241973877,
        12.729384422302246,
        12.640989303588867,
        12.649800300598145,
        12.672552108764648,
        12.545124053955078,
        12.566690444946289,
        12.487716674804688,
        12.562023162841797,
        12.500782012939453,
        12.443549156188965,
        12.356715202331543,
        12.210428237915039,
        12.19547176361084,
        12.189619064331055,
        12.188547134399414
    ],