{
    "train_loss": [
        0.020380217686170318,
        0.0042642296362039745,
        0.004125251305532982,
        0.003821209038741006,
        0.003819018543259189,
        0.0035038534907978047,
        0.0037285576217099023,
        0.003658681107254733,
        0.0035429218595759383,
        0.0034809230031167585,
        0.003553372962413822,
        0.0033642471397801717,
        0.003526484634103857,
        0.0034579781527406006,
        0.0033487994891589976,
        0.003256848956782931,
        0.003421252065034113,
        0.0032764418842576447,
        0.0033545706453077715,
        0.0027138124074195676,
        0.002574735913778963,
        0.0025365954913837336,
        0.0025084417566613336
    ],
    "train_mae": [
        0.07292329519987106,
        0.05103280767798424,
        0.05043458938598633,
        0.04818316549062729,
        0.04826321080327034,
        0.04607895389199257,
        0.047510989010334015,
        0.04706867039203644,
        0.04604505002498627,
        0.04560025781393051,
        0.04640430957078934,
        0.04511373117566109,
        0.04640158265829086,
        0.045568037778139114,
        0.04508918896317482,
        0.044203657656908035,
        0.04528310149908066,
        0.044392358511686325,
        0.04538295418024063,
        0.040177423506975174,
        0.039045289158821106,
        0.038751520216464996,
        0.038675643503665924
    ],
    "train_mse": [
        0.02038021758198738,
        0.004264229442924261,
        0.004125251434743404,
        0.0038212088402360678,
        0.003819018602371216,
        0.00350385345518589,
        0.003728557610884309,
        0.0036586809437721968,
        0.003542921971529722,
        0.003480923129245639,
        0.00355337280780077,
        0.003364246804267168,
        0.0035264845937490463,
        0.0034579781349748373,
        0.003348799655213952,
        0.003256848780438304,
        0.003421252127736807,
        0.0032764417119324207,
        0.0033545708283782005,
        0.0027138125151395798,
        0.0025747360195964575,
        0.00253659556619823,
        0.002508441684767604
    ],
    "train_rmse": [
        0.1427592933177948,
        0.0653010681271553,
        0.0642281174659729,
        0.06181592866778374,
        0.061798207461833954,
        0.059193357825279236,
        0.06106191501021385,
        0.06048703193664551,
        0.05952244997024536,
        0.05899934843182564,
        0.05961017310619354,
        0.058002129197120667,
        0.05938421189785004,
        0.058804575353860855,
        0.05786881595849991,
        0.057068806141614914,
        0.05849147215485573,
        0.057240210473537445,
        0.05791865661740303,
        0.052094265818595886,
        0.050741855055093765,
        0.050364624708890915,
        0.050084345042705536
    ],
    "train_r2": [
        0.04196280241012573,
        0.7995462417602539,
        0.8060793876647949,
        0.8203718662261963,
        0.8204748630523682,
        0.8352901935577393,
        0.8247272372245789,
        0.8280119895935059,
        0.8334536552429199,
        0.8363680839538574,
        0.8329623937606812,
        0.8418528437614441,
        0.8342263102531433,
        0.8374466896057129,
        0.8425790071487427,
        0.8469014167785645,
        0.8391730785369873,
        0.8459804058074951,
        0.8423076868057251,
        0.8724285960197449,
        0.8789663314819336,
        0.8807592391967773,
        0.8820827007293701
    ],
    "train_mape": [
        23.70113182067871,
        16.94399642944336,
        16.799816131591797,
        15.97450065612793,
        16.136507034301758,
        15.385370254516602,
        15.523208618164062,
        15.376666069030762,
        15.16080093383789,
        14.946249008178711,
        15.300686836242676,
        14.835186004638672,
        15.27967643737793,
        15.022286415100098,
        14.91403865814209,
        14.510859489440918,
        14.989357948303223,
        14.609956741333008,
        15.065767288208008,
        13.223455429077148,
        12.761948585510254,
        12.681031227111816,
        12.548673629760742
    ],
    "train_smape": [
        19.955902099609375,
        14.934696197509766,
        14.80577564239502,
        14.140083312988281,
        14.170967102050781,
        13.62326717376709,
        13.932310104370117,
        13.815970420837402,
        13.563209533691406,
        13.439682006835938,
        13.630488395690918,
        13.274107933044434,
        13.688872337341309,
        13.453100204467773,
        13.294795036315918,
        13.006882667541504,
        13.312281608581543,
        13.101272583007812,
        13.400837898254395,
        11.889629364013672,
        11.543937683105469,
        11.463542938232422,
        11.405364990234375
    ],
    "train_explained_variance": [
        0.04236704111099243,
        0.7995531558990479,
        0.8060845136642456,
        0.8203816413879395,
        0.8204762935638428,
        0.8352906703948975,
        0.8247323036193848,
        0.8280195593833923,
        0.8334572315216064,
        0.8363720774650574,
        0.8329647183418274,
        0.8418533802032471,
        0.8342305421829224,
        0.8374468088150024,
        0.8425790071487427,
        0.846901535987854,
        0.8391736149787903,
        0.8459804058074951,
        0.8423081636428833,
        0.8724321722984314,
        0.8789681196212769,
        0.8807598352432251,
        0.8820827007293701
    ],
    "train_peak_error": [
        2.4423582553863525,
        0.3863718509674072,
        0.28068792819976807,
        0.355243980884552,
        0.38729798793792725,
        0.29100459814071655,
        0.3566967248916626,
        0.3850536346435547,
        0.33776628971099854,
        0.35767483711242676,
        0.3388006091117859,
        0.31972599029541016,
        0.29449766874313354,
        0.34831559658050537,
        0.29801619052886963,
        0.337268590927124,
        0.3470644950866699,
        0.32591503858566284,
        0.296352744102478,
        0.30380868911743164,
        0.2818208336830139,
        0.2666531801223755,
        0.257162868976593
    ],
    "val_loss": [
        0.003503712913249251,
        0.0033522258056394704,
        0.004310486013029548,
        0.003360032033537039,
        0.0033971714198240918,
        0.0035448453634334123,
        0.0037801816407591103,
        0.0029451220314748745,
        0.003145679221321031,
        0.003592341179631168,
        0.0031091243898321826,
        0.0031163569682498846,
        0.0037779929793754713,
        0.0031079341209218872,
        0.0030510699894721453,
        0.00334074034898294,
        0.00332011141217977,
        0.003667597717424627,
        0.0034069328893833665,
        0.0030553560072502537,
        0.0030682489610940433,
        0.0030410422460450757,
        0.0032387722199682225
    ],
    "val_mae": [
        0.046583592891693115,
        0.04590453580021858,
        0.05231521651148796,
        0.04610923305153847,
        0.04646030440926552,
        0.04684692248702049,
        0.04798441752791405,
        0.04355568811297417,
        0.04408347234129906,
        0.04763030633330345,
        0.04428695887327194,
        0.04402346909046173,
        0.049217674881219864,
        0.04450807720422745,
        0.04412002116441727,
        0.04616397246718407,
        0.04553069919347763,
        0.048336248844861984,
        0.045996733009815216,
        0.04404842108488083,
        0.044089678674936295,
        0.04362129047513008,
        0.04521395266056061
    ],