{
    "train_loss": [
        0.023754793122909824,
        0.004031770159645288,
        0.0035969849447806037,
        0.003629976648301729,
        0.0030643946451202183,
        0.002983287712659857,
        0.0028576350926093276,
        0.002535215154088854,
        0.0022427983202480935,
        0.002157196640498428,
        0.001822673099543477,
        0.0018068195242769798,
        0.0014459049374688088
    ],
    "train_mae": [
        0.07346638292074203,
        0.049583788961172104,
        0.046789005398750305,
        0.04691179841756821,
        0.04309540241956711,
        0.042574476450681686,
        0.04172869771718979,
        0.039083804935216904,
        0.036747951060533524,
        0.03617067262530327,
        0.03323974087834358,
        0.033275313675403595,
        0.029740389436483383
    ],
    "train_mse": [
        0.023754792287945747,
        0.004031770396977663,
        0.003596985014155507,
        0.003629976650699973,
        0.0030643946956843138,
        0.002983287675306201,
        0.0028576350305229425,
        0.002535215113312006,
        0.0022427982185035944,
        0.0021571966353803873,
        0.0018226731335744262,
        0.0018068195786327124,
        0.0014459049561992288
    ],
    "train_rmse": [
        0.1541258990764618,
        0.06349622458219528,
        0.05997487157583237,
        0.06024928763508797,
        0.05535697564482689,
        0.054619479924440384,
        0.05345685034990311,
        0.050350919365882874,
        0.047358188778162,
        0.04644563049077988,
        0.04269277676939964,
        0.04250670224428177,
        0.038025058805942535
    ],
    "train_r2": [
        -0.11666989326477051,
        0.8104737401008606,
        0.8309122323989868,
        0.8293613791465759,
        0.8559483289718628,
        0.8597609996795654,
        0.8656677603721619,
        0.880824089050293,
        0.8945701122283936,
        0.898594081401825,
        0.9143193960189819,
        0.9150646924972534,
        0.9320306181907654
    ],
    "train_mape": [
        23.80905532836914,
        16.565528869628906,
        15.676823616027832,
        15.615216255187988,
        14.211247444152832,
        13.95681095123291,
        13.4965238571167,
        12.616825103759766,
        11.839645385742188,
        11.400871276855469,
        10.503042221069336,
        10.45352840423584,
        9.279836654663086
    ],
    "train_smape": [
        20.050989151000977,
        14.569814682006836,
        13.859346389770508,
        13.814311981201172,
        12.781538009643555,
        12.646267890930176,
        12.328362464904785,
        11.537899017333984,
        10.97529411315918,
        10.651785850524902,
        9.833345413208008,
        9.79527759552002,
        8.847508430480957
    ],
    "train_explained_variance": [
        -0.11603951454162598,
        0.8104737997055054,
        0.8309128284454346,
        0.8293627500534058,
        0.8559523224830627,
        0.859761118888855,
        0.865677535533905,
        0.8808270692825317,
        0.8945701122283936,
        0.8985966444015503,
        0.9143199324607849,
        0.9150689840316772,
        0.9320306181907654
    ],
    "train_peak_error": [
        3.07822322845459,
        0.2885659337043762,
        0.289847195148468,
        0.30774474143981934,
        0.26864954829216003,
        0.307939738035202,
        0.2699906826019287,
        0.2606543004512787,
        0.2202344536781311,
        0.2500527501106262,
        0.1849389374256134,
        0.22178059816360474,
        0.1971995234489441
    ],
    "val_loss": [
        0.004143987525549295,
        0.0039995242455612414,
        0.003354360313496465,
        0.0038554947659802095,
        0.003414645853599788,
        0.0033593930003213155,
        0.00394529456587629,
        0.005637095400380145,
        0.004093689550746152,
        0.004540654937234178,
        0.004499303259478091,
        0.004477163266403962,
        0.005114372553196635
    ],
    "val_mae": [
        0.051228757947683334,
        0.05032631382346153,
        0.0456373393535614,
        0.04969401657581329,
        0.046691276133060455,
        0.04562307149171829,
        0.05072880908846855,
        0.060805708169937134,
        0.051283176988363266,
        0.05462994799017906,
        0.05339835584163666,
        0.05422724038362503,
        0.05797336623072624
    ],
    "val_mse": [
        0.004143987316638231,
        0.003999523818492889,
        0.0033543603494763374,
        0.0038554947823286057,
        0.003414645791053772,
        0.0033593932166695595,
        0.003945294301956892,
        0.005637094844132662,
        0.0040936898440122604,
        0.004540654830634594,
        0.004499303176999092,
        0.004477163311094046,
        0.005114372354000807
    ],
    "val_rmse": [
        0.06437380611896515,
        0.06324178725481033,
        0.05791683867573738,
        0.06209263205528259,
        0.058434970676898956,
        0.05796027183532715,
        0.06281157582998276,
        0.07508058845996857,
        0.06398195028305054,
        0.06738438457250595,
        0.06707684695720673,
        0.06691160798072815,
        0.07151483744382858
    ],
    "val_r2": [
        0.7116085290908813,
        0.7216621041297913,
        0.7665607929229736,
        0.7316855192184448,
        0.7623654007911682,
        0.7662105560302734,
        0.7254360914230347,
        0.6076990365982056,
        0.7151088714599609,
        0.6840032935142517,
        0.6868810653686523,
        0.6884218454360962,
        0.6440767049789429
    ],
    "val_mape": [
        28.902050018310547,
        24.49071502685547,
        21.93229866027832,
        21.775699615478516,
        22.924474716186523,
        19.785152435302734,
        26.75407600402832,
        32.414920806884766,
        26.761919021606445,
        28.412050247192383,
        25.045724868774414,
        26.88750648498535,
        29.522991180419922
    ],
    "val_smape": [
        20.04475212097168,
        19.539371490478516,
        17.771100997924805,
        19.14268684387207,
        18.318973541259766,
        17.994295120239258,
        20.030519485473633,
        22.77922248840332,
        20.13144874572754,
        21.203655242919922,
        21.032146453857422,
        20.879608154296875,
        21.837827682495117
    ],
    "val_explained_variance": [
        0.7772103548049927,
        0.7338839173316956,
        0.7718687057495117,
        0.7739726305007935,
        0.7663732767105103,
        0.7719611525535583,
        0.7442793846130371,
        0.7391531467437744,
        0.7303472757339478,
        0.7034978866577148,
        0.6970809698104858,
        0.705953061580658,
        0.6882989406585693
    ],
    "val_peak_error": [
        0.19563992321491241,
        0.2054668813943863,
        0.24598979949951172,
        0.24401891231536865,
        0.2162143588066101,
        0.20590560138225555,
        0.24091064929962158,
        0.2618960738182068,
        0.21421796083450317,
        0.2280624806880951,
        0.2243185043334961,
        0.22955220937728882,
        0.23479029536247253
    ],
    "lr": [
        0.01,
        0.01,
        0.01,
        0.01,
        0.01,
        0.01,
        0.01,
        0.01,
        0.01,
        0.01,
        0.01,
        0.01,
        0.01
    ]
}