{
    "train_loss": [
        0.015155318455524303,
        0.004745366604595053,
        0.00403720581085596,
        0.0037037319192247606,
        0.003617439035097726,
        0.0035021701992146085,
        0.0034278614101870357,
        0.0033407170867440425,
        0.003290323275394908,
        0.0032552253141517346,
        0.003197497310034784,
        0.0031646399935797483,
        0.0031017799831610415,
        0.003074145775037747,
        0.0030623655850790157,
        0.0029912683002895975,
        0.002981978453242814,
        0.002964258831420317,
        0.002890261177808331,
        0.0029175605221955577,
        0.0028754475006990375,
        0.0028253651082674135,
        0.0029042491114067356,
        0.0028456562192910578,
        0.002759374370087838,
        0.002722756014746688,
        0.0027154266266665675,
        0.0027113603830147487,
        0.0026720441601414176,
        0.0026838513844603534,
        0.002668868490412363,
        0.002624436325834894
    ],
    "train_mae": [
        0.08784620463848114,
        0.05396038293838501,
        0.04953048750758171,
        0.04731405898928642,
        0.04679965600371361,
        0.04610057547688484,
        0.045602552592754364,
        0.04493116959929466,
        0.044666681438684464,
        0.04435787722468376,
        0.0440334752202034,
        0.043744638562202454,
        0.043259743601083755,
        0.043095268309116364,
        0.04295944795012474,
        0.042489051818847656,
        0.04244621843099594,
        0.04232889413833618,
        0.04170287400484085,
        0.04195462539792061,
        0.04156298562884331,
        0.041231341660022736,
        0.04185369238257408,
        0.041258152574300766,
        0.04068354144692421,
        0.04047701507806778,
        0.040430497378110886,
        0.04037654772400856,
        0.040096137672662735,
        0.04013075679540634,
        0.04016031324863434,
        0.039770983159542084
    ],
    "train_mse": [
        0.015155317261815071,
        0.004745366517454386,
        0.004037205595523119,
        0.003703732043504715,
        0.0036174391862004995,
        0.0035021703224629164,
        0.0034278612583875656,
        0.0033407171722501516,
        0.003290323307737708,
        0.0032552252523601055,
        0.003197497222572565,
        0.0031646399293094873,
        0.003101780079305172,
        0.003074145643040538,
        0.0030623655766248703,
        0.002991268178448081,
        0.0029819784685969353,
        0.002964258659631014,
        0.002890261122956872,
        0.002917560515925288,
        0.002875447506085038,
        0.00282536493614316,
        0.002904249122366309,
        0.0028456561267375946,
        0.002759374678134918,
        0.002722756005823612,
        0.0027154264971613884,
        0.0027113603428006172,
        0.0026720440946519375,
        0.0026838514022529125,
        0.0026688685175031424,
        0.002624436281621456
    ],
    "train_rmse": [
        0.1231069341301918,
        0.06888662278652191,
        0.06353900581598282,
        0.06085829436779022,
        0.06014515087008476,
        0.05917913839221001,
        0.058547940105199814,
        0.05779893696308136,
        0.057361338287591934,
        0.057054582983255386,
        0.0565464161336422,
        0.05625513195991516,
        0.055693626403808594,
        0.055444978177547455,
        0.05533864349126816,
        0.05469248816370964,
        0.05460749566555023,
        0.05444500595331192,
        0.05376114696264267,
        0.05401444807648659,
        0.053623199462890625,
        0.05315416306257248,
        0.05389108508825302,
        0.053344693034887314,
        0.052529752254486084,
        0.052180033177137375,
        0.05210975557565689,
        0.052070725709199905,
        0.05169181898236275,
        0.051805902272462845,
        0.05166109278798103,
        0.05122925341129303
    ],
    "train_r2": [
        0.287575900554657,
        0.7769289016723633,
        0.8102182149887085,
        0.8258942365646362,
        0.8299506902694702,
        0.8353692889213562,
        0.838862419128418,
        0.842958927154541,
        0.8453278541564941,
        0.846977710723877,
        0.8496913909912109,
        0.8512359857559204,
        0.8541909456253052,
        0.85548996925354,
        0.8560437560081482,
        0.8593859076499939,
        0.8598225712776184,
        0.8606555461883545,
        0.8641340136528015,
        0.8628507852554321,
        0.8648303747177124,
        0.8671846985816956,
        0.8634765148162842,
        0.866230845451355,
        0.8702868223190308,
        0.8720081448554993,
        0.8723527193069458,
        0.8725438714027405,
        0.874392032623291,
        0.8738369941711426,
        0.8745412826538086,
        0.8766300082206726
    ],
    "train_mape": [
        28.051427841186523,
        17.752761840820312,
        16.560354232788086,
        15.932589530944824,
        15.844642639160156,
        15.496691703796387,
        15.279033660888672,
        15.083745002746582,
        14.980236053466797,
        14.929686546325684,
        14.785941123962402,
        14.612187385559082,
        14.48840045928955,
        14.438037872314453,
        14.36030101776123,
        14.169408798217773,
        14.225811004638672,
        14.082659721374512,
        13.850953102111816,
        13.962470054626465,
        13.767186164855957,
        13.710358619689941,
        13.804912567138672,
        13.632392883300781,
        13.42626953125,
        13.31804084777832,
        13.309296607971191,
        13.335357666015625,
        13.202604293823242,
        13.195173263549805,
        13.181331634521484,
        12.97452163696289
    ],
    "train_smape": [
        25.620975494384766,
        15.65813159942627,
        14.609624862670898,
        14.029054641723633,
        13.896377563476562,
        13.655272483825684,
        13.519697189331055,
        13.302421569824219,
        13.238960266113281,
        13.139232635498047,
        13.026998519897461,
        12.9435453414917,
        12.815390586853027,
        12.781458854675293,
        12.725591659545898,
        12.605440139770508,
        12.600499153137207,
        12.53810977935791,
        12.366293907165527,
        12.448594093322754,
        12.310342788696289,
        12.253152847290039,
        12.381509780883789,
        12.234776496887207,
        12.052594184875488,
        12.010465621948242,
        11.979186058044434,
        11.960384368896484,
        11.890182495117188,
        11.894829750061035,
        11.91302490234375,
        11.777328491210938
    ],
    "train_explained_variance": [
        0.3037203550338745,
        0.7769289612770081,
        0.8102183938026428,
        0.8258946537971497,
        0.8299524784088135,
        0.835369348526001,
        0.8388626575469971,
        0.8429592847824097,
        0.8453283905982971,
        0.8469808101654053,
        0.84969162940979,
        0.85123610496521,
        0.8541975021362305,
        0.8554903268814087,
        0.8560444712638855,
        0.8593883514404297,
        0.8598226308822632,
        0.8606557250022888,
        0.8641340732574463,
        0.8628526926040649,
        0.8648316860198975,
        0.8671852350234985,
        0.863476574420929,
        0.866230845451355,
        0.8702869415283203,
        0.872008204460144,
        0.8723541498184204,
        0.8725458383560181,
        0.8743923902511597,
        0.8738373517990112,
        0.8745413422584534,
        0.8766304850578308
    ],