{
    "train_loss": [
        0.014379595861832272,
        0.004038946635711161,
        0.003579620197696174,
        0.0034693312935432743,
        0.00328394464847476,
        0.003194371318417385,
        0.0030915082115279113,
        0.0030267235175798087,
        0.002938240193050183,
        0.0028590211349047807,
        0.0028658166414883258,
        0.0027251280187441055,
        0.0026861010718478035,
        0.002692090581660081,
        0.0026023523499491418,
        0.0025245415897504446,
        0.0024791865089261065
    ],
    "train_mae": [
        0.08172547817230225,
        0.04953594505786896,
        0.04633747413754463,
        0.04558112844824791,
        0.04449226334691048,
        0.0437425822019577,
        0.04302925989031792,
        0.04262523725628853,
        0.042049288749694824,
        0.04148898646235466,
        0.041351668536663055,
        0.04043477773666382,
        0.040158290416002274,
        0.040163394063711166,
        0.03934686630964279,
        0.0389561764895916,
        0.03859776630997658
    ],
    "train_mse": [
        0.014379595406353474,
        0.004038946703076363,
        0.003579620039090514,
        0.0034693309571594,
        0.0032839449122548103,
        0.0031943712383508682,
        0.0030915080569684505,
        0.0030267236288636923,
        0.0029382400680333376,
        0.0028590213041752577,
        0.002865816932171583,
        0.0027251276187598705,
        0.00268610124476254,
        0.0026920908130705357,
        0.0026023522950708866,
        0.0025245414581149817,
        0.002479186514392495
    ],
    "train_rmse": [
        0.1199149489402771,
        0.06355270743370056,
        0.05982992425560951,
        0.05890102684497833,
        0.0573057159781456,
        0.05651877075433731,
        0.0556013323366642,
        0.05501566827297211,
        0.05420553684234619,
        0.05346981808543205,
        0.05353332683444023,
        0.052202753722667694,
        0.05182760953903198,
        0.05188536271452904,
        0.05101325735449791,
        0.05024481564760208,
        0.049791429191827774
    ],
    "train_r2": [
        0.32404112815856934,
        0.8101364374160767,
        0.8317285180091858,
        0.836912989616394,
        0.8456276655197144,
        0.849838376045227,
        0.8546737432479858,
        0.8577191829681396,
        0.8618786334991455,
        0.8656026124954224,
        0.8652831315994263,
        0.8718966841697693,
        0.873731255531311,
        0.8734496831893921,
        0.8776681423187256,
        0.8813258409500122,
        0.8834578990936279
    ],
    "train_mape": [
        26.876789093017578,
        16.983932495117188,
        15.537282943725586,
        15.069145202636719,
        14.542865753173828,
        14.334101676940918,
        13.962471008300781,
        13.865900039672852,
        13.661299705505371,
        13.50537109375,
        13.404573440551758,
        13.127575874328613,
        13.00951099395752,
        12.96891975402832,
        12.79932689666748,
        12.618416786193848,
        12.369128227233887
    ],
    "train_smape": [
        24.087005615234375,
        14.587315559387207,
        13.652600288391113,
        13.366995811462402,
        13.059349060058594,
        12.914495468139648,
        12.617142677307129,
        12.580389976501465,
        12.434842109680176,
        12.255696296691895,
        12.245308876037598,
        11.98026180267334,
        11.826053619384766,
        11.874801635742188,
        11.653582572937012,
        11.549118995666504,
        11.375720024108887
    ],
    "train_explained_variance": [
        0.32715219259262085,
        0.8101414442062378,
        0.8317443132400513,
        0.8369159698486328,
        0.8456293344497681,
        0.8498387932777405,
        0.8546738624572754,
        0.8577203750610352,
        0.8618786334991455,
        0.8656029105186462,
        0.8652842044830322,
        0.8719001412391663,
        0.8737320899963379,
        0.8734514713287354,
        0.8776684403419495,
        0.881325900554657,
        0.8834578990936279
    ],
    "train_peak_error": [
        0.8925819993019104,
        0.41220515966415405,
        0.3370208740234375,
        0.3584871292114258,
        0.3015466332435608,
        0.336173415184021,
        0.33644765615463257,
        0.3175317645072937,
        0.28648555278778076,
        0.2870323061943054,
        0.335519015789032,
        0.29148030281066895,
        0.2993013858795166,
        0.2914590835571289,
        0.30048203468322754,
        0.27917546033859253,
        0.2845376133918762
    ],
    "val_loss": [
        0.004779417040429527,
        0.0034887476539467092,
        0.0033042935077972012,
        0.0033010364076618455,
        0.003185997612894975,
        0.0031191232338842515,
        0.00310924194917324,
        0.0039986477244859766,
        0.0033548650652062977,
        0.0036212867783824744,
        0.0034088009132554743,
        0.003276595107494123,
        0.003667419534712601,
        0.003458548361626487,
        0.0037446874092004713,
        0.003500466141514748,
        0.0035646923612501712
    ],
    "val_mae": [
        0.05525638535618782,
        0.046521179378032684,
        0.0457606166601181,
        0.045269083231687546,
        0.04436309263110161,
        0.04409168288111687,
        0.04436931014060974,
        0.051171090453863144,
        0.04545632377266884,
        0.04802653566002846,
        0.046525679528713226,
        0.04512815549969673,
        0.04750758782029152,
        0.04700768366456032,
        0.049078382551670074,
        0.046504344791173935,
        0.04681091755628586
    ],
    "val_mse": [
        0.00477941706776619,
        0.003488747635856271,
        0.0033042936120182276,
        0.0033010365441441536,
        0.003185997484251857,
        0.0031191231682896614,
        0.003109241835772991,
        0.0039986479096114635,
        0.003354865126311779,
        0.0036212867125868797,
        0.0034088008105754852,
        0.0032765951473265886,
        0.003667419543489814,
        0.0034585485700517893,
        0.003744687419384718,
        0.00350046600215137,
        0.00356469233520329
    ],
    "val_rmse": [
        0.06913332641124725,
        0.059065621346235275,
        0.05748298391699791,
        0.05745464935898781,
        0.05644464120268822,
        0.0558491125702858,
        0.05576057732105255,
        0.06323486566543579,
        0.05792119726538658,
        0.06017712876200676,
        0.058384936302900314,
        0.05724155157804489,
        0.0605592243373394,
        0.05880942568182945,
        0.06119384989142418,
        0.05916473641991615,
        0.05970504507422447
    ],
    "val_r2": [
        0.6673871874809265,
        0.7572084665298462,
        0.7700451016426086,
        0.7702717781066895,
        0.7782776355743408,
        0.7829316258430481,
        0.7836192846298218,
        0.7217230796813965,
        0.7665256857872009,
        0.7479846477508545,
        0.7627721428871155,
        0.7719727158546448,
        0.7447741627693176,
        0.7593100666999817,
        0.739396870136261,
        0.7563928961753845,
        0.7519232034683228
    ],
    "val_mape": [
        29.100088119506836,
        24.364774703979492,
        20.828733444213867,
        22.41042137145996,
        21.0733585357666,
        20.665464401245117,
        22.001426696777344,
        26.142709732055664,
        20.372892379760742,
        23.543981552124023,
        21.248807907104492,
        21.457935333251953,
        20.882957458496094,
        21.48127555847168,
        24.020872116088867,
        21.711044311523438,
        21.63139533996582
    ],