{
    "train_loss": [
        0.010029723324993769,
        0.00498542069393804,
        0.004243249523610225,
        0.0038705304464813424,
        0.00362520429795242,
        0.003500370316715247,
        0.0033674610067978466,
        0.003293102634328968,
        0.003218946103693651,
        0.0031660400829533566,
        0.00311263852574498,
        0.0030861879184019793,
        0.0030527138360237406,
        0.0030206960449039176,
        0.0030102853917613557,
        0.002981685938745341,
        0.0029576348803849756,
        0.0029406927671017237,
        0.002881661102703916,
        0.0028562802679352062,
        0.002858386171279851,
        0.002833296216652183,
        0.002848105663634105,
        0.002809788731494566,
        0.00280700342671058,
        0.0027839078065550276,
        0.0027811204812973173,
        0.002747166825404601,
        0.0027238669527246766,
        0.0027012790475080977,
        0.0027005804795836147,
        0.0026980543615559515,
        0.002696246746863189,
        0.002658669216839588,
        0.0026818398226374934
    ],
    "train_mae": [
        0.07636862993240356,
        0.05538558587431908,
        0.050762053579092026,
        0.04827723279595375,
        0.04673341289162636,
        0.046018581837415695,
        0.04503599554300308,
        0.04447014257311821,
        0.04401962086558342,
        0.04354448989033699,
        0.043229226022958755,
        0.04307921975851059,
        0.0428810752928257,
        0.04248177632689476,
        0.042462896555662155,
        0.04224212095141411,
        0.0420801006257534,
        0.041954874992370605,
        0.0415496788918972,
        0.04137274622917175,
        0.04150332137942314,
        0.04117104783654213,
        0.0414072647690773,
        0.04101051390171051,
        0.041109148412942886,
        0.040885306894779205,
        0.040737226605415344,
        0.04053787142038345,
        0.04043047875165939,
        0.04032983258366585,
        0.04020661488175392,
        0.040343690663576126,
        0.0402819886803627,
        0.03998705372214317,
        0.04007914662361145
    ],
    "train_mse": [
        0.01002972386777401,
        0.00498542096465826,
        0.004243249539285898,
        0.003870530752465129,
        0.003625204088166356,
        0.0035003703087568283,
        0.0033674610313028097,
        0.0032931026071310043,
        0.0032189462799578905,
        0.003166039939969778,
        0.003112638369202614,
        0.0030861878767609596,
        0.003052713815122843,
        0.0030206963419914246,
        0.0030102853197604418,
        0.002981686033308506,
        0.0029576350934803486,
        0.002940692473202944,
        0.002881661057472229,
        0.0028562804218381643,
        0.00285838614217937,
        0.002833296312019229,
        0.002848105737939477,
        0.002809788566082716,
        0.002807003678753972,
        0.002783907810226083,
        0.0027811203617602587,
        0.0027471669018268585,
        0.0027238670736551285,
        0.002701279241591692,
        0.0027005805168300867,
        0.0026980543043464422,
        0.0026962468400597572,
        0.0026586693711578846,
        0.002681839745491743
    ],
    "train_rmse": [
        0.100148506462574,
        0.0706075131893158,
        0.06514023244380951,
        0.06221358850598335,
        0.060209669172763824,
        0.05916392803192139,
        0.05802983045578003,
        0.057385560125112534,
        0.05673575773835182,
        0.056267574429512024,
        0.05579102411866188,
        0.05555346980690956,
        0.05525137111544609,
        0.054960861802101135,
        0.05486606806516647,
        0.05460481718182564,
        0.05438414216041565,
        0.054228153079748154,
        0.05368110537528992,
        0.05344418063759804,
        0.053463876247406006,
        0.0532287172973156,
        0.053367648273706436,
        0.05300743877887726,
        0.052981164306402206,
        0.052762750536203384,
        0.052736327052116394,
        0.052413422614336014,
        0.05219068005681038,
        0.05197383090853691,
        0.051967110484838486,
        0.05194279924035072,
        0.05192539840936661,
        0.05156228691339493,
        0.05178648233413696
    ],
    "train_r2": [
        0.5285208225250244,
        0.765644371509552,
        0.8005325198173523,
        0.8180533647537231,
        0.8295856714248657,
        0.8354539275169373,
        0.8417017459869385,
        0.8451972007751465,
        0.8486831784248352,
        0.8511701822280884,
        0.8536804914474487,
        0.8549238443374634,
        0.8564974069595337,
        0.8580025434494019,
        0.8584918975830078,
        0.8598363399505615,
        0.8609669208526611,
        0.8617633581161499,
        0.864538311958313,
        0.865731418132782,
        0.8656324148178101,
        0.8668118715286255,
        0.8661156892776489,
        0.8679169416427612,
        0.868047833442688,
        0.8691335320472717,
        0.869264543056488,
        0.8708606362342834,
        0.871955931186676,
        0.8730177283287048,
        0.8730505704879761,
        0.8731693625450134,
        0.8732542991638184,
        0.8750207424163818,
        0.8739315271377563
    ],
    "train_mape": [
        25.79163932800293,
        18.292016983032227,
        16.92828369140625,
        16.246578216552734,
        15.765532493591309,
        15.511041641235352,
        15.22379207611084,
        15.007084846496582,
        14.862862586975098,
        14.713132858276367,
        14.558680534362793,
        14.524410247802734,
        14.407814979553223,
        14.317486763000488,
        14.24229907989502,
        14.2391357421875,
        14.124528884887695,
        14.127485275268555,
        13.909880638122559,
        13.882583618164062,
        13.896140098571777,
        13.778068542480469,
        13.837056159973145,
        13.713908195495605,
        13.69297981262207,
        13.693883895874023,
        13.576030731201172,
        13.506614685058594,
        13.506573677062988,
        13.467487335205078,
        13.444258689880371,
        13.496169090270996,
        13.424102783203125,
        13.37325382232666,
        13.388373374938965
    ],
    "train_smape": [
        21.394542694091797,
        16.01364517211914,
        14.854753494262695,
        14.223177909851074,
        13.827936172485352,
        13.6180419921875,
        13.34361743927002,
        13.187392234802246,
        13.065895080566406,
        12.94088363647461,
        12.821022033691406,
        12.800046920776367,
        12.734152793884277,
        12.613280296325684,
        12.601179122924805,
        12.549610137939453,
        12.51706314086914,
        12.485112190246582,
        12.371219635009766,
        12.301650047302246,
        12.35537338256836,
        12.24703311920166,
        12.326047897338867,
        12.203944206237793,
        12.234506607055664,
        12.182717323303223,
        12.12899398803711,
        12.072563171386719,
        12.05163860321045,
        12.027447700500488,
        11.995268821716309,
        12.039690017700195,
        12.024252891540527,
        11.949915885925293,
        11.961623191833496
    ],