{
    "train_loss": [
        0.009390994355231283,
        0.004400207005447191,
        0.003885053251287431,
        0.0035960598160531074,
        0.0034993597072542626,
        0.003400181429258067,
        0.00341158634242897,
        0.0032397755475290137,
        0.0031928922171247974,
        0.003074929150633213,
        0.0030444755100163118,
        0.003019274924095561,
        0.002951121023355661,
        0.0028903714785992666,
        0.0027943925088189394,
        0.0027816554485687434,
        0.0027230471994915207,
        0.00267325786488693,
        0.0026572195538186205,
        0.0026390238428756975,
        0.0025969310853088384,
        0.002493787195515507,
        0.002510056059069791
    ],
    "train_mae": [
        0.07104931771755219,
        0.05186297744512558,
        0.04854254052042961,
        0.046706922352313995,
        0.045955970883369446,
        0.045294180512428284,
        0.04547427222132683,
        0.044163383543491364,
        0.043887659907341,
        0.04298651963472366,
        0.042840056121349335,
        0.042721983045339584,
        0.042247019708156586,
        0.041748709976673126,
        0.041068125516176224,
        0.04072047770023346,
        0.04043511673808098,
        0.04013419896364212,
        0.040091484785079956,
        0.03985727205872536,
        0.03945359215140343,
        0.038905419409275055,
        0.038852788507938385
    ],
    "train_mse": [
        0.009390993975102901,
        0.004400207195430994,
        0.003885052865371108,
        0.0035960599780082703,
        0.003499359590932727,
        0.0034001811873167753,
        0.0034115861635655165,
        0.003239775775000453,
        0.003192892065271735,
        0.003074929118156433,
        0.0030444758012890816,
        0.0030192749109119177,
        0.0029511209577322006,
        0.0028903717175126076,
        0.002794392639771104,
        0.0027816554065793753,
        0.0027230470441281796,
        0.002673257840797305,
        0.0026572193019092083,
        0.002639023819938302,
        0.00259693106636405,
        0.0024937873240560293,
        0.0025100563652813435
    ],
    "train_rmse": [
        0.09690713882446289,
        0.06633405387401581,
        0.06233019381761551,
        0.05996715649962425,
        0.059155385941267014,
        0.05831107124686241,
        0.05840878561139107,
        0.056919027119874954,
        0.056505680084228516,
        0.05545204505324364,
        0.05517676845192909,
        0.054947927594184875,
        0.05432422086596489,
        0.053762178868055344,
        0.0528620146214962,
        0.0527414008975029,
        0.05218282341957092,
        0.0517035573720932,
        0.051548223942518234,
        0.05137142911553383,
        0.05096009373664856,
        0.04993783310055733,
        0.05010046437382698
    ],
    "train_r2": [
        0.5585463047027588,
        0.793154239654541,
        0.8173706531524658,
        0.8309557437896729,
        0.8355014324188232,
        0.8401635885238647,
        0.8396275043487549,
        0.8477039933204651,
        0.8499078750610352,
        0.8554531335830688,
        0.8568847179412842,
        0.8580693602561951,
        0.8612731695175171,
        0.864128828048706,
        0.868640661239624,
        0.8692393898963928,
        0.8719944953918457,
        0.8743349313735962,
        0.8750889301300049,
        0.8759442567825317,
        0.8779229521751404,
        0.8827715516090393,
        0.8820067644119263
    ],
    "train_mape": [
        22.65915870666504,
        17.382902145385742,
        16.1688289642334,
        15.606619834899902,
        15.322545051574707,
        15.08337116241455,
        15.024103164672852,
        14.604145050048828,
        14.589767456054688,
        14.168251991271973,
        14.142727851867676,
        14.097378730773926,
        13.833531379699707,
        13.658425331115723,
        13.529698371887207,
        13.389968872070312,
        13.225789070129395,
        13.071200370788574,
        13.088132858276367,
        12.92119026184082,
        12.73047161102295,
        12.622171401977539,
        12.527873039245605
    ],
    "train_smape": [
        20.42342758178711,
        15.185088157653809,
        14.290253639221191,
        13.777880668640137,
        13.55400562286377,
        13.387678146362305,
        13.442071914672852,
        13.059656143188477,
        13.012364387512207,
        12.755446434020996,
        12.680652618408203,
        12.670985221862793,
        12.504446029663086,
        12.327451705932617,
        12.160640716552734,
        12.040868759155273,
        11.912725448608398,
        11.874831199645996,
        11.814312934875488,
        11.728076934814453,
        11.609696388244629,
        11.451140403747559,
        11.443324089050293
    ],
    "train_explained_variance": [
        0.5600444078445435,
        0.7931556105613708,
        0.8173736929893494,
        0.8309560418128967,
        0.8355027437210083,
        0.840164065361023,
        0.8396310806274414,
        0.8477041721343994,
        0.8499081134796143,
        0.8554561138153076,
        0.8568847179412842,
        0.8580766916275024,
        0.8612732291221619,
        0.8641303181648254,
        0.8686407804489136,
        0.8692406415939331,
        0.8719949722290039,
        0.8743351101875305,
        0.8750917911529541,
        0.8759443163871765,
        0.8779230117797852,
        0.8827738165855408,
        0.8820083737373352
    ],
    "train_peak_error": [
        0.6884844303131104,
        0.358837366104126,
        0.38015037775039673,
        0.33216261863708496,
        0.31629788875579834,
        0.296875,
        0.34939664602279663,
        0.33698177337646484,
        0.32150334119796753,
        0.3093578815460205,
        0.28651899099349976,
        0.3465058207511902,
        0.28579169511795044,
        0.2771478295326233,
        0.3102313280105591,
        0.2915670871734619,
        0.26587975025177,
        0.28847742080688477,
        0.25364893674850464,
        0.26030635833740234,
        0.26123419404029846,
        0.2658528685569763,
        0.2842786908149719
    ],
    "val_loss": [
        0.0036133398994361216,
        0.0033801048239291034,
        0.003283682960628284,
        0.003229609170171479,
        0.003103007793848624,
        0.003336687417057671,
        0.0038201273148276396,
        0.0031687517162318603,
        0.0032231222770491737,
        0.003115618914673976,
        0.0035809204210158732,
        0.0033514846232887223,
        0.003045855803287876,
        0.003182421970221368,
        0.003329156735081145,
        0.0031978665614540843,
        0.003510725982989714,
        0.0033214413042334345,
        0.003429497034831656,
        0.003548241529560132,
        0.0033250407634383377,
        0.003569000451088541,
        0.0034669970241944783
    ],
    "val_mae": [
        0.04726829379796982,
        0.045831348747015,
        0.04498890042304993,
        0.04454972594976425,
        0.04375708848237991,
        0.04567556828260422,
        0.04896378517150879,
        0.044484712183475494,
        0.04510302469134331,
        0.04444379732012749,
        0.046879108995199203,
        0.04619359225034714,
        0.04401706904172897,
        0.045118119567632675,
        0.04600981995463371,
        0.04495867341756821,
        0.04740940406918526,
        0.04543893039226532,
        0.047092389315366745,
        0.047887783497571945,
        0.045879919081926346,
        0.04723469167947769,
        0.04688163101673126
    ],