{
    "train_loss": [
        0.14172776904875053,
        0.0053378303573547335,
        0.004331301641915778,
        0.004328683603400405,
        0.004097353590759316,
        0.0037413234630056624,
        0.003786474932360284,
        0.003881085549052155,
        0.0036220559095223193,
        0.0034772716025702997,
        0.003593685912860765,
        0.0035802914342399363,
        0.003645333132301105,
        0.003389952620224497,
        0.0032993598051130383,
        0.0032785495952486012,
        0.0030769330503208746,
        0.0031859550609758505,
        0.0030321125030609328,
        0.0030343178263096365,
        0.002426878486080735,
        0.0022326083964776364,
        0.002127038185078319,
        0.002061857569366582
    ],
    "train_mae": [
        0.13137848675251007,
        0.05748971551656723,
        0.05137977376580238,
        0.051631417125463486,
        0.050001662224531174,
        0.04763586446642876,
        0.04792521521449089,
        0.04888250306248665,
        0.04694265499711037,
        0.04566274955868721,
        0.0466131791472435,
        0.0464387945830822,
        0.04711917042732239,
        0.045075129717588425,
        0.044582393020391464,
        0.044528622180223465,
        0.04289908707141876,
        0.04372711479663849,
        0.04268471896648407,
        0.04273582622408867,
        0.03798976540565491,
        0.03632539510726929,
        0.03549179062247276,
        0.03486848622560501
    ],
    "train_mse": [
        0.1417277604341507,
        0.005337830167263746,
        0.004331301897764206,
        0.004328683950006962,
        0.00409735320135951,
        0.003741323249414563,
        0.00378647493198514,
        0.003881085431203246,
        0.0036220557522028685,
        0.003477271646261215,
        0.003593685571104288,
        0.0035802912898361683,
        0.003645332995802164,
        0.003389952704310417,
        0.0032993596978485584,
        0.003278549527749419,
        0.003076933091506362,
        0.003185954876244068,
        0.003032112494111061,
        0.003034318098798394,
        0.002426878549158573,
        0.0022326086182147264,
        0.0021270380821079016,
        0.002061857609078288
    ],
    "train_rmse": [
        0.3764674663543701,
        0.07306045293807983,
        0.0658126249909401,
        0.06579273194074631,
        0.06401056796312332,
        0.06116635724902153,
        0.0615343376994133,
        0.062298357486724854,
        0.06018351763486862,
        0.05896839499473572,
        0.05994735658168793,
        0.059835534542798996,
        0.060376591980457306,
        0.05822329968214035,
        0.057440053671598434,
        0.057258620858192444,
        0.05547010898590088,
        0.05644426494836807,
        0.055064622312784195,
        0.05508464574813843,
        0.0492633581161499,
        0.04725048691034317,
        0.046119824051856995,
        0.04540768265724182
    ],
    "train_r2": [
        -5.662365913391113,
        0.7490782737731934,
        0.7963933348655701,
        0.7965163588523865,
        0.8073908090591431,
        0.8241271376609802,
        0.8220046758651733,
        0.8175572156906128,
        0.8297337293624878,
        0.8365397453308105,
        0.8310673236846924,
        0.8316969871520996,
        0.8286395072937012,
        0.8406444787979126,
        0.8449030518531799,
        0.8458813428878784,
        0.8553589582443237,
        0.8502340316772461,
        0.8574658632278442,
        0.8573621511459351,
        0.8859168291091919,
        0.8950490951538086,
        0.9000117778778076,
        0.9030758142471313
    ],
    "train_mape": [
        42.54020309448242,
        19.303638458251953,
        17.441356658935547,
        17.35492515563965,
        16.914405822753906,
        16.1260929107666,
        16.266193389892578,
        16.314064025878906,
        15.68337345123291,
        15.28171443939209,
        15.538154602050781,
        15.567981719970703,
        15.540536880493164,
        14.961264610290527,
        14.821452140808105,
        14.851410865783691,
        14.187809944152832,
        14.454068183898926,
        14.168914794921875,
        13.93876838684082,
        12.1912260055542,
        11.518088340759277,
        11.29473876953125,
        11.043526649475098
    ],
    "train_smape": [
        28.533113479614258,
        16.749046325683594,
        15.11815357208252,
        15.185750961303711,
        14.754077911376953,
        14.085051536560059,
        14.192496299743652,
        14.390206336975098,
        13.808563232421875,
        13.503090858459473,
        13.771944999694824,
        13.739551544189453,
        13.810256004333496,
        13.293130874633789,
        13.152056694030762,
        13.19845962524414,
        12.714491844177246,
        12.89989185333252,
        12.669981956481934,
        12.58204460144043,
        11.166271209716797,
        10.682894706726074,
        10.476968765258789,
        10.277983665466309
    ],
    "train_explained_variance": [
        -5.65061092376709,
        0.7490835189819336,
        0.7963957786560059,
        0.7965319156646729,
        0.8073911070823669,
        0.8241304159164429,
        0.822009801864624,
        0.8175626397132874,
        0.8297371864318848,
        0.8365404605865479,
        0.8310705423355103,
        0.8317009210586548,
        0.8286442756652832,
        0.8406476378440857,
        0.8449044227600098,
        0.8458826541900635,
        0.8553593158721924,
        0.8502340316772461,
        0.857465922832489,
        0.8573652505874634,
        0.8859168887138367,
        0.895050048828125,
        0.900013267993927,
        0.9030758142471313
    ],
    "train_peak_error": [
        6.391005516052246,
        0.35158753395080566,
        0.31409353017807007,
        0.3228028416633606,
        0.32125601172447205,
        0.3233324885368347,
        0.29664450883865356,
        0.312965452671051,
        0.3555026054382324,
        0.3003862500190735,
        0.31533849239349365,
        0.30536484718322754,
        0.35003459453582764,
        0.3325735926628113,
        0.3105621933937073,
        0.270948201417923,
        0.30269312858581543,
        0.31224748492240906,
        0.3178938329219818,
        0.34846144914627075,
        0.26368772983551025,
        0.26237034797668457,
        0.251896470785141,
        0.26391687989234924
    ],
    "val_loss": [
        0.008187275386328319,
        0.003792340559616899,
        0.0035417883538326127,
        0.003580866271911336,
        0.003886473866903203,
        0.0033413345559011047,
        0.003828888278481343,
        0.0033949087332371328,
        0.003073354923642046,
        0.004553293025911712,
        0.0032073102833823763,
        0.0036832362799670733,
        0.0034983879371325104,
        0.0035319290243812818,
        0.004091197176561724,
        0.0042914346389794095,
        0.003575980464170734,
        0.003372020798889424,
        0.0033560063536513408,
        0.00345939564250624,
        0.00327606177078091,
        0.00353953123159653,
        0.0036838153784545203,
        0.0036118542337991136
    ],
    "val_mae": [
        0.0757809653878212,
        0.04806327819824219,
        0.04673391580581665,
        0.04738585278391838,
        0.04923827946186066,
        0.045320454984903336,
        0.04901798069477081,
        0.04540771618485451,
        0.04376639425754547,
        0.053652264177799225,
        0.04468871280550957,
        0.047956131398677826,
        0.04682108387351036,
        0.04641611501574516,
        0.05109637603163719,
        0.052348941564559937,
        0.047374024987220764,
        0.04652886092662811,
        0.04604276269674301,
        0.04684005677700043,
        0.045629508793354034,
        0.04739736393094063,
        0.04858676344156265,
        0.0479336753487587
    ],