{
    "train_loss": [
        0.15706041687472477,
        0.005326057231135813,
        0.005061465466355577,
        0.005060904981285061,
        0.004387231974486622,
        0.004512911797350553,
        0.004259763809647902,
        0.004768806810968078,
        0.004043185680102274,
        0.00411556811122416,
        0.0038967458422736597,
        0.003699919332199537,
        0.0037974603119494805,
        0.0037994400152973236,
        0.003694144159621675,
        0.0036898238502483783,
        0.0036547935928417105,
        0.003714228451477285,
        0.00356259332477381,
        0.0035942375086722104
    ],
    "train_mae": [
        0.1361982226371765,
        0.05741789937019348,
        0.055766262114048004,
        0.05577291548252106,
        0.05164971202611923,
        0.052486442029476166,
        0.051159895956516266,
        0.05461442098021507,
        0.049832649528980255,
        0.0497639998793602,
        0.04868219792842865,
        0.04726830869913101,
        0.04783020541071892,
        0.04805351048707962,
        0.04722999036312103,
        0.04738802835345268,
        0.04707072302699089,
        0.047562506049871445,
        0.04639057070016861,
        0.04659121856093407
    ],
    "train_mse": [
        0.1570604145526886,
        0.005326057318598032,
        0.005061465315520763,
        0.005060905124992132,
        0.004387232009321451,
        0.004512912128120661,
        0.00425976375117898,
        0.004768806509673595,
        0.004043185617774725,
        0.00411556800827384,
        0.003896745853126049,
        0.003699919208884239,
        0.003797460114583373,
        0.003799439873546362,
        0.0036941443104296923,
        0.0036898236721754074,
        0.0036547938361763954,
        0.003714228281751275,
        0.0035625933669507504,
        0.0035942373797297478
    ],
    "train_rmse": [
        0.3963084816932678,
        0.07297984510660172,
        0.0711439773440361,
        0.07114003598690033,
        0.06623618304729462,
        0.06717821210622787,
        0.06526686251163483,
        0.06905654817819595,
        0.0635860487818718,
        0.06415269523859024,
        0.06242392212152481,
        0.06082696095108986,
        0.06162353605031967,
        0.06163959577679634,
        0.060779470950365067,
        0.060743920505046844,
        0.06045489013195038,
        0.06094446778297424,
        0.05968746542930603,
        0.05995195731520653
    ],
    "train_r2": [
        -6.383126735687256,
        0.7496316432952881,
        0.7620696425437927,
        0.7620959877967834,
        0.7937641143798828,
        0.7878561615943909,
        0.7997561693191528,
        0.7758270502090454,
        0.8099371194839478,
        0.8065345883369446,
        0.8168209791183472,
        0.8260734677314758,
        0.8214882612228394,
        0.821395218372345,
        0.8263449668884277,
        0.8265480399131775,
        0.8281947374343872,
        0.8254008293151855,
        0.8325288891792297,
        0.8310413956642151
    ],
    "train_mape": [
        43.55293655395508,
        18.75237464904785,
        18.394670486450195,
        18.474088668823242,
        17.330772399902344,
        17.46147346496582,
        17.04090690612793,
        17.955915451049805,
        16.686429977416992,
        16.675703048706055,
        16.284841537475586,
        15.855582237243652,
        16.03272247314453,
        15.936416625976562,
        15.879990577697754,
        15.913018226623535,
        15.951037406921387,
        15.922019958496094,
        15.65277099609375,
        15.621912002563477
    ],
    "train_smape": [
        29.051456451416016,
        16.74699592590332,
        16.13083839416504,
        16.13237190246582,
        15.105242729187012,
        15.316287994384766,
        14.960421562194824,
        15.819531440734863,
        14.652908325195312,
        14.598014831542969,
        14.330074310302734,
        13.948698043823242,
        14.072903633117676,
        14.102150917053223,
        13.941067695617676,
        13.949024200439453,
        13.902015686035156,
        14.006787300109863,
        13.718913078308105,
        13.701218605041504
    ],
    "train_explained_variance": [
        -6.370874404907227,
        0.7496331334114075,
        0.7620813846588135,
        0.7620988488197327,
        0.7937750816345215,
        0.7878575325012207,
        0.7997620701789856,
        0.7758336067199707,
        0.8099470138549805,
        0.8065491914749146,
        0.8168215751647949,
        0.8260771036148071,
        0.8214935064315796,
        0.8213961124420166,
        0.8263463973999023,
        0.8265482187271118,
        0.8281947374343872,
        0.8254064321517944,
        0.8325303792953491,
        0.8310431241989136
    ],
    "train_peak_error": [
        6.966116428375244,
        0.3767029643058777,
        0.36157160997390747,
        0.40041786432266235,
        0.3363686203956604,
        0.4209097623825073,
        0.36286765336990356,
        0.33578693866729736,
        0.31278783082962036,
        0.3252156376838684,
        0.37995123863220215,
        0.3322758674621582,
        0.28733623027801514,
        0.33794957399368286,
        0.2924778461456299,
        0.3209041357040405,
        0.3169777989387512,
        0.3129304051399231,
        0.30043303966522217,
        0.3281736373901367
    ],
    "val_loss": [
        0.004702122616883126,
        0.0036525454946706513,
        0.00837445302564892,
        0.003437592772324737,
        0.00467833530841221,
        0.004648230132251549,
        0.0037344635922877158,
        0.005160021467181258,
        0.003712496499953081,
        0.003035172266255823,
        0.0032714261467025863,
        0.0033280558929704935,
        0.003228448794337271,
        0.0036448111024638304,
        0.0038146752863452375,
        0.00344476840733517,
        0.0031600142199304892,
        0.005188198314591063,
        0.003119677263814554,
        0.0037999629286258555
    ],
    "val_mae": [
        0.05508263781666756,
        0.04766152799129486,
        0.07708539813756943,
        0.04652370139956474,
        0.055166326463222504,
        0.05387529358267784,
        0.04834394156932831,
        0.05811082571744919,
        0.048092156648635864,
        0.043468933552503586,
        0.04482031986117363,
        0.0458814799785614,
        0.044659703969955444,
        0.04788745194673538,
        0.048469748347997665,
        0.0461028516292572,
        0.04392619803547859,
        0.058337725698947906,
        0.04417785257101059,
        0.04863620176911354
    ],
    "val_mse": [
        0.004702122416347265,
        0.0036525456234812737,
        0.008374452590942383,
        0.0034375926479697227,
        0.004678335506469011,
        0.004648230038583279,
        0.003734463592991233,
        0.0051600211299955845,
        0.003712496254593134,
        0.0030351723544299603,
        0.0032714263070374727,
        0.003328056074678898,
        0.003228448797017336,
        0.003644810989499092,
        0.0038146753795444965,
        0.003444768488407135,
        0.0031600140500813723,
        0.005188198294490576,
        0.0031196773052215576,
        0.003799963044002652
    ],
    "val_rmse": [
        0.0685720220208168,
        0.06043629348278046,
        0.091512031853199,
        0.058630988001823425,
        0.0683983564376831,
        0.06817793101072311,
        0.06111025810241699,
        0.0718332901597023,
        0.06093025580048561,
        0.05509239807724953,
        0.05719638243317604,
        0.057689305394887924,
        0.05681943893432617,
        0.06037227064371109,
        0.061763059347867966,
        0.05869214981794357,
        0.05621400102972984,
        0.07202915102243423,
        0.05585407093167305,
        0.06164383888244629
    ],