{
    "train_loss": [
        0.028213958706843314,
        0.004429435305145602,
        0.0038786442525490187,
        0.0036082997958751736,
        0.0030458992314322908,
        0.002965527895516684,
        0.002731061473982712,
        0.0024881551348960008,
        0.002498386391451513,
        0.002234951446782714,
        0.001971162549507386,
        0.001715383545010776,
        0.0014506271690592626,
        0.0012273013925497426,
        0.0013269281335628856,
        0.0006381423009246213,
        0.0005158966913343309,
        0.0004647125889156644,
        0.0004933505643063007
    ],
    "train_mae": [
        0.07603564113378525,
        0.05237691476941109,
        0.048499949276447296,
        0.04663350060582161,
        0.04293615743517876,
        0.042569320648908615,
        0.04071936756372452,
        0.03886430710554123,
        0.038927849382162094,
        0.03687163442373276,
        0.0344221256673336,
        0.0323789045214653,
        0.02978472039103508,
        0.027412815019488335,
        0.028521990403532982,
        0.019723793491721153,
        0.017787674441933632,
        0.016941700130701065,
        0.017307840287685394
    ],
    "train_mse": [
        0.02821395732462406,
        0.004429435357451439,
        0.0038786439690738916,
        0.003608299884945154,
        0.003045899560675025,
        0.0029655280523002148,
        0.0027310613077133894,
        0.002488155383616686,
        0.002498386427760124,
        0.0022349513601511717,
        0.001971162622794509,
        0.0017153836088255048,
        0.0014506271108984947,
        0.0012273014290258288,
        0.001326928148046136,
        0.0006381422863341868,
        0.0005158966523595154,
        0.0004647125897463411,
        0.0004933505551889539
    ],
    "train_rmse": [
        0.16797010600566864,
        0.0665540024638176,
        0.062278758734464645,
        0.06006912514567375,
        0.055189669132232666,
        0.05445666238665581,
        0.05225955694913864,
        0.04988141357898712,
        0.04998386278748512,
        0.04727527126669884,
        0.04439777880907059,
        0.041417188942432404,
        0.03808709979057312,
        0.035032860934734344,
        0.03642702475190163,
        0.02526147849857807,
        0.02271335758268833,
        0.021557193249464035,
        0.02221149578690529
    ],
    "train_r2": [
        -0.32628726959228516,
        0.7917802333831787,
        0.8176719546318054,
        0.8303803205490112,
        0.8568177819252014,
        0.8605958819389343,
        0.8716177344322205,
        0.8830363154411316,
        0.882555365562439,
        0.8949389457702637,
        0.9073392152786255,
        0.9193629026412964,
        0.9318086504936218,
        0.9423067569732666,
        0.9376235008239746,
        0.9700020551681519,
        0.9757486581802368,
        0.978154718875885,
        0.976808488368988
    ],
    "train_mape": [
        24.798526763916016,
        17.52412986755371,
        16.168628692626953,
        15.329414367675781,
        14.082320213317871,
        13.832955360412598,
        13.207515716552734,
        12.504354476928711,
        12.43254280090332,
        11.66879940032959,
        10.854394912719727,
        10.143632888793945,
        9.28760051727295,
        8.365617752075195,
        8.80639362335205,
        6.088859558105469,
        5.355037212371826,
        5.173041820526123,
        5.280276775360107
    ],
    "train_smape": [
        20.336923599243164,
        15.3764009475708,
        14.292661666870117,
        13.711478233337402,
        12.723867416381836,
        12.651684761047363,
        12.062198638916016,
        11.517701148986816,
        11.503497123718262,
        10.85673713684082,
        10.166558265686035,
        9.491092681884766,
        8.825124740600586,
        8.074326515197754,
        8.394312858581543,
        5.869462490081787,
        5.280040740966797,
        5.085987567901611,
        5.191633701324463
    ],
    "train_explained_variance": [
        -0.32531189918518066,
        0.7917916774749756,
        0.8176735639572144,
        0.8303828239440918,
        0.8568198084831238,
        0.860602080821991,
        0.8716177344322205,
        0.8830375075340271,
        0.8825597167015076,
        0.8949403166770935,
        0.9073405265808105,
        0.9193629622459412,
        0.9318106174468994,
        0.9423070549964905,
        0.9376254081726074,
        0.9700021147727966,
        0.9757490754127502,
        0.9781554937362671,
        0.976808488368988
    ],
    "train_peak_error": [
        2.7946810722351074,
        0.3475866913795471,
        0.32314133644104004,
        0.36289095878601074,
        0.29081153869628906,
        0.23980939388275146,
        0.26643675565719604,
        0.24907177686691284,
        0.28321895003318787,
        0.22763735055923462,
        0.23231539130210876,
        0.20736315846443176,
        0.1993495225906372,
        0.1825733780860901,
        0.18553918600082397,
        0.12462478876113892,
        0.11430370807647705,
        0.11678415536880493,
        0.1097613275051117
    ],
    "val_loss": [
        0.004194520364160375,
        0.0033962823785908466,
        0.003932967274483267,
        0.003074039774511358,
        0.003194449758693147,
        0.003714336324349153,
        0.0033988846387218337,
        0.003625167888562403,
        0.004196477433224376,
        0.004522914149121736,
        0.004896219394390854,
        0.004822076185867726,
        0.004211552555391417,
        0.004223883297200576,
        0.004677824125987002,
        0.004510717130125427,
        0.005007592355497449,
        0.004758258429590425,
        0.004737397561238395
    ],
    "val_mae": [
        0.05176037549972534,
        0.04592406749725342,
        0.050407420843839645,
        0.04441201686859131,
        0.045453354716300964,
        0.04903914034366608,
        0.046501729637384415,
        0.04784166440367699,
        0.0522257536649704,
        0.05343202129006386,
        0.05631480738520622,
        0.05570738762617111,
        0.05156657472252846,
        0.05206729471683502,
        0.054513733834028244,
        0.053461167961359024,
        0.056888148188591,
        0.055425677448511124,
        0.05481405183672905
    ],
    "val_mse": [
        0.00419452041387558,
        0.003396282671019435,
        0.0039329673163592815,
        0.0030740394722670317,
        0.0031944499351084232,
        0.003714336082339287,
        0.003398884553462267,
        0.003625167766585946,
        0.004196477588266134,
        0.004522914532572031,
        0.004896219354122877,
        0.004822075832635164,
        0.004211552906781435,
        0.004223883152008057,
        0.004677824210375547,
        0.004510717000812292,
        0.005007592029869556,
        0.004758257884532213,
        0.004737397655844688
    ],
    "val_rmse": [
        0.06476511806249619,
        0.05827763304114342,
        0.0627133771777153,
        0.05544402077794075,
        0.056519463658332825,
        0.06094535440206528,
        0.0582999549806118,
        0.06020936742424965,
        0.06478022783994675,
        0.06725261360406876,
        0.06997299194335938,
        0.06944116950035095,
        0.06489647924900055,
        0.06499140709638596,
        0.06839462369680405,
        0.06716187298297882,
        0.07076434046030045,
        0.0689801275730133,
        0.0688287541270256
    ],