{
    "train_loss": [
        0.023332017127618267,
        0.005158794833745283,
        0.004260619884032732,
        0.003921172097489317,
        0.00374698089870864,
        0.003633373435154739,
        0.0035508927608453125,
        0.0033831267242177008,
        0.0033318306645148026,
        0.0032979940233709474,
        0.00324912761778153,
        0.0031848982579848347,
        0.0031247585076973356,
        0.003088360672504943,
        0.0030663036769988062,
        0.0030584157142304344,
        0.003002794191033006,
        0.0029658236345671747,
        0.0029505965034784497,
        0.002917578474593092,
        0.0029161853653289073,
        0.0029096413140719704,
        0.0028697685165454457,
        0.0028381958129408565,
        0.0027717568910995724,
        0.0027411164322681276,
        0.002735176572378089,
        0.0027343278931998747
    ],
    "train_mae": [
        0.10606247931718826,
        0.056158196181058884,
        0.05086001381278038,
        0.04846399277448654,
        0.047484323382377625,
        0.046983785927295685,
        0.04629965126514435,
        0.04517187178134918,
        0.044960811734199524,
        0.04458259046077728,
        0.04406832903623581,
        0.04378621280193329,
        0.043267495930194855,
        0.0431048758327961,
        0.04286551475524902,
        0.04276243969798088,
        0.04238931089639664,
        0.04218670353293419,
        0.04191651940345764,
        0.04181041568517685,
        0.041698623448610306,
        0.041742391884326935,
        0.041380830109119415,
        0.04106197878718376,
        0.04056914895772934,
        0.04041033983230591,
        0.04034004732966423,
        0.040309201925992966
    ],
    "train_mse": [
        0.0233320165425539,
        0.005158794578164816,
        0.004260620102286339,
        0.003921172581613064,
        0.003746981034055352,
        0.0036333734169602394,
        0.003550892695784569,
        0.0033831268083304167,
        0.0033318307250738144,
        0.003297993913292885,
        0.0032491276506334543,
        0.0031848980579525232,
        0.003124758368358016,
        0.0030883606523275375,
        0.003066303674131632,
        0.003058415837585926,
        0.003002794226631522,
        0.002965823747217655,
        0.0029505963902920485,
        0.0029175784438848495,
        0.0029161854181438684,
        0.002909641247242689,
        0.0028697685338556767,
        0.0028381957672536373,
        0.002771756611764431,
        0.002741116564720869,
        0.0027351765893399715,
        0.0027343276888132095
    ],
    "train_rmse": [
        0.1527482122182846,
        0.07182475179433823,
        0.06527342647314072,
        0.06261926889419556,
        0.06121258810162544,
        0.06027746945619583,
        0.05958936735987663,
        0.058164652436971664,
        0.05772201344370842,
        0.057428162544965744,
        0.05700112134218216,
        0.05643489956855774,
        0.05589953809976578,
        0.05557302013039589,
        0.05537421628832817,
        0.055302947759628296,
        0.05479775741696358,
        0.054459378123283386,
        0.05431939288973808,
        0.05401461198925972,
        0.054001715034246445,
        0.053941089659929276,
        0.0535702221095562,
        0.053274720907211304,
        0.05264747515320778,
        0.05235567316412926,
        0.05229891464114189,
        0.05229080095887184
    ],
    "train_r2": [
        -0.09679591655731201,
        0.7574943900108337,
        0.7997159361839294,
        0.815672755241394,
        0.8238611817359924,
        0.8292016983032227,
        0.8330789804458618,
        0.8409653306007385,
        0.843376636505127,
        0.844967246055603,
        0.8472644090652466,
        0.850283682346344,
        0.8531107902526855,
        0.8548217415809631,
        0.855858564376831,
        0.8562294244766235,
        0.8588440418243408,
        0.8605819940567017,
        0.8612977862358093,
        0.8628498911857605,
        0.8629153966903687,
        0.8632230162620544,
        0.8650973439216614,
        0.8665815591812134,
        0.8697047233581543,
        0.8711450695991516,
        0.8714243173599243,
        0.871464192867279
    ],
    "train_mape": [
        32.08857727050781,
        18.40773582458496,
        16.82318687438965,
        16.15290069580078,
        15.931553840637207,
        15.742813110351562,
        15.491731643676758,
        15.101526260375977,
        14.963826179504395,
        14.933103561401367,
        14.728480339050293,
        14.6387357711792,
        14.548516273498535,
        14.396169662475586,
        14.38300609588623,
        14.289990425109863,
        14.223917007446289,
        14.123274803161621,
        14.014451026916504,
        13.8823823928833,
        13.808732986450195,
        13.923044204711914,
        13.739765167236328,
        13.62950611114502,
        13.556607246398926,
        13.425649642944336,
        13.434030532836914,
        13.344606399536133
    ],
    "train_smape": [
        32.41558074951172,
        16.383926391601562,
        15.007330894470215,
        14.383750915527344,
        14.079588890075684,
        13.954910278320312,
        13.728364944458008,
        13.399107933044434,
        13.315033912658691,
        13.246477127075195,
        13.065844535827637,
        12.995071411132812,
        12.897799491882324,
        12.80805492401123,
        12.734831809997559,
        12.71358585357666,
        12.633399963378906,
        12.574851989746094,
        12.49718189239502,
        12.45059871673584,
        12.39925479888916,
        12.45059871673584,
        12.325861930847168,
        12.23422622680664,
        12.112220764160156,
        12.043999671936035,
        12.031839370727539,
        11.999140739440918
    ],
    "train_explained_variance": [
        -0.0430295467376709,
        0.7574971914291382,
        0.7997161149978638,
        0.815672755241394,
        0.8238612413406372,
        0.8292030096054077,
        0.8330800533294678,
        0.8409655094146729,
        0.843376636505127,
        0.8449692726135254,
        0.8472657203674316,
        0.850283682346344,
        0.8531107902526855,
        0.8548218011856079,
        0.855858564376831,
        0.8562294244766235,
        0.8588441014289856,
        0.8605821132659912,
        0.8612980842590332,
        0.8628499507904053,
        0.8629156351089478,
        0.8632230162620544,
        0.8650990128517151,
        0.8665820360183716,
        0.8697077035903931,
        0.8711473345756531,
        0.8714265823364258,
        0.8714643120765686
    ],
    "train_peak_error": [
        0.9307487607002258,
        0.4379497766494751,
        0.38395166397094727,
        0.3730315566062927,
        0.3723631501197815,
        0.3468462824821472,
        0.3402308225631714,
        0.32549166679382324,
        0.31749796867370605,
        0.32029449939727783,
        0.3094579577445984,
        0.343181848526001,
        0.3009144067764282,
        0.33147644996643066,
        0.3090946674346924,
        0.31588834524154663,
        0.30312657356262207,
        0.30028343200683594,
        0.30857211351394653,
        0.3201078772544861,
        0.30711156129837036,
        0.2909795045852661,
        0.3038176894187927,
        0.3226398229598999,
        0.3003774881362915,
        0.2810295820236206,
        0.2959181070327759,
        0.29042869806289673
    ],