{
    "train_loss": [
        0.008596107745651378,
        0.00416417659300741,
        0.003998393121877846,
        0.004207238651232639,
        0.003728905025180843,
        0.0038391378633851597,
        0.0037990015054420443,
        0.003987785283715564,
        0.003673966826615082,
        0.003725311330445981,
        0.0035131732234490154,
        0.003528952617918506,
        0.003448087951410225,
        0.003536324670036899,
        0.0034833116030032413,
        0.003451374087074105,
        0.0033880405614671537,
        0.003425301601251722,
        0.0034883883197175886,
        0.00331937245434453,
        0.003400037435415799,
        0.0033102039905218454,
        0.0029622330267609557,
        0.0028884899445582946,
        0.002904753806608093,
        0.002849764079249952
    ],
    "train_mae": [
        0.06568138301372528,
        0.050654634833335876,
        0.04928465932607651,
        0.05060287192463875,
        0.04783022403717041,
        0.048309069126844406,
        0.04817421734333038,
        0.049449268728494644,
        0.04710165038704872,
        0.04763134568929672,
        0.04609974846243858,
        0.046185750514268875,
        0.045835983008146286,
        0.04633105546236038,
        0.045799966901540756,
        0.04569239541888237,
        0.04536902531981468,
        0.045363444834947586,
        0.04601351171731949,
        0.04489463195204735,
        0.04520754888653755,
        0.04488193243741989,
        0.04218342900276184,
        0.04157973453402519,
        0.04179730266332626,
        0.04134137183427811
    ],
    "train_mse": [
        0.008596108295023441,
        0.004164176527410746,
        0.003998393192887306,
        0.004207238554954529,
        0.0037289049942046404,
        0.0038391377311199903,
        0.0037990016862750053,
        0.003987784963101149,
        0.0036739667411893606,
        0.0037253114860504866,
        0.0035131732001900673,
        0.0035289525985717773,
        0.0034480879548937082,
        0.00353632471524179,
        0.003483311738818884,
        0.003451374126598239,
        0.0033880402334034443,
        0.003425301518291235,
        0.003488388378173113,
        0.003319372422993183,
        0.0034000372979789972,
        0.003310204017907381,
        0.002962233033031225,
        0.002888489980250597,
        0.0029047538992017508,
        0.0028497641906142235
    ],
    "train_rmse": [
        0.09271519631147385,
        0.06453043222427368,
        0.06323284655809402,
        0.06486322730779648,
        0.06106476113200188,
        0.06196077540516853,
        0.06163604184985161,
        0.06314890831708908,
        0.06061325594782829,
        0.06103533133864403,
        0.059272028505802155,
        0.05940498784184456,
        0.0587204210460186,
        0.05946700647473335,
        0.05901958793401718,
        0.05874839797616005,
        0.05820687487721443,
        0.05852607637643814,
        0.05906258150935173,
        0.05761399492621422,
        0.05830983817577362,
        0.05753437429666519,
        0.0544264018535614,
        0.05374467372894287,
        0.05389576777815819,
        0.05338318273425102
    ],
    "train_r2": [
        0.5959124565124512,
        0.8042495846748352,
        0.8120427131652832,
        0.8022253513336182,
        0.8247109055519104,
        0.8195290565490723,
        0.8214157819747925,
        0.8125414252281189,
        0.8272934556007385,
        0.8248798251152039,
        0.8348520398139954,
        0.8341103196144104,
        0.8379116058349609,
        0.8337637782096863,
        0.8362557888031006,
        0.8377571105957031,
        0.8407343626022339,
        0.8389827609062195,
        0.8360171318054199,
        0.8439623117446899,
        0.8401703834533691,
        0.844393253326416,
        0.8607507944107056,
        0.8642172813415527,
        0.8634527921676636,
        0.8660377264022827
    ],
    "train_mape": [
        21.842103958129883,
        17.250070571899414,
        16.599138259887695,
        16.713193893432617,
        15.764787673950195,
        15.923516273498535,
        16.090364456176758,
        16.354915618896484,
        15.735069274902344,
        16.015169143676758,
        15.547807693481445,
        15.398566246032715,
        15.058992385864258,
        15.595033645629883,
        15.425753593444824,
        15.324479103088379,
        15.135964393615723,
        15.141826629638672,
        15.319350242614746,
        14.83666706085205,
        15.021355628967285,
        14.94012451171875,
        13.854434967041016,
        13.660547256469727,
        13.756535530090332,
        13.614911079406738
    ],
    "train_smape": [
        18.776691436767578,
        14.990331649780273,
        14.53377628326416,
        14.76472282409668,
        14.082771301269531,
        14.163339614868164,
        14.229701042175293,
        14.438724517822266,
        13.966928482055664,
        14.078935623168945,
        13.659046173095703,
        13.672727584838867,
        13.487455368041992,
        13.77570629119873,
        13.55395793914795,
        13.575911521911621,
        13.491050720214844,
        13.457883834838867,
        13.63086223602295,
        13.28309440612793,
        13.402481079101562,
        13.36557674407959,
        12.560324668884277,
        12.376303672790527,
        12.42699909210205,
        12.31287670135498
    ],
    "train_explained_variance": [
        0.5959320664405823,
        0.8042542338371277,
        0.8120446801185608,
        0.8022410869598389,
        0.8247131109237671,
        0.81952965259552,
        0.8214160203933716,
        0.8125433921813965,
        0.8272950649261475,
        0.8248798847198486,
        0.8348523378372192,
        0.8341115713119507,
        0.8379117250442505,
        0.8337639570236206,
        0.8362566828727722,
        0.83775794506073,
        0.8407347202301025,
        0.8389831781387329,
        0.8360182046890259,
        0.843963623046875,
        0.8401703834533691,
        0.8443999290466309,
        0.8607555031776428,
        0.8642174005508423,
        0.8634531497955322,
        0.8660377264022827
    ],
    "train_peak_error": [
        1.0145763158798218,
        0.36126184463500977,
        0.329095721244812,
        0.3379325866699219,
        0.33383893966674805,
        0.36994749307632446,
        0.3398504853248596,
        0.3328811526298523,
        0.38778507709503174,
        0.30858558416366577,
        0.33847641944885254,
        0.3222612738609314,
        0.31969720125198364,
        0.33678168058395386,
        0.3545830249786377,
        0.3212828040122986,
        0.2851715087890625,
        0.3179781436920166,
        0.3529519736766815,
        0.30235278606414795,
        0.30390071868896484,
        0.29063552618026733,
        0.28834182024002075,
        0.23998624086380005,
        0.27954351902008057,
        0.2640572190284729
    ],
    "val_loss": [
        0.004275156710122665,
        0.003597076047486592,
        0.003493552535986729,
        0.0035020159607712957,
        0.004243913767591334,
        0.0045051601325436464,
        0.004371247558968423,
        0.0038667343558891,
        0.003682443315578665,
        0.003625732063443112,
        0.0030470647363380777,
        0.0032508882568653323,
        0.0033914584852922573,
        0.004246182470187116,
        0.0037642283649887325,
        0.00378258261762613,
        0.0033814016767114187,
        0.0032981771701049035,
        0.004135665414359072,
        0.0036203834022857624,
        0.0034443760760423307,
        0.003552910208755689,
        0.0035700745978091155,
        0.003068372643479019,
        0.0033534871952996836,
        0.003249660112305457
    ],