{
    "train_loss": [
        0.05560717627868941,
        0.00438279173296086,
        0.0037507597562131444,
        0.003493098642847277,
        0.0035099556589151194,
        0.0033821265292186186,
        0.003115121240458893,
        0.0030690665545967987,
        0.0028307387226520907,
        0.002729628007737445,
        0.002517456493790284,
        0.0022608805549641734,
        0.002008599218894094,
        0.0018679837111350663
    ],
    "train_mae": [
        0.09255387634038925,
        0.05183248594403267,
        0.047769222408533096,
        0.04600512608885765,
        0.046194881200790405,
        0.04538363963365555,
        0.04353775829076767,
        0.043221235275268555,
        0.04178613796830177,
        0.04088059812784195,
        0.03934110328555107,
        0.03723040968179703,
        0.03501009941101074,
        0.03392907977104187
    ],
    "train_mse": [
        0.05560717359185219,
        0.004382791463285685,
        0.003750760108232498,
        0.0034930985420942307,
        0.003509955480694771,
        0.0033821265678852797,
        0.0031151212751865387,
        0.0030690664425492287,
        0.0028307384345680475,
        0.002729628002271056,
        0.0025174564216285944,
        0.002260880544781685,
        0.002008599229156971,
        0.0018679838394746184
    ],
    "train_rmse": [
        0.2358117401599884,
        0.06620265543460846,
        0.0612434484064579,
        0.05910244211554527,
        0.059244878590106964,
        0.058156054466962814,
        0.055813271552324295,
        0.05539915710687637,
        0.05320468544960022,
        0.052245840430259705,
        0.05017426237463951,
        0.04754871875047684,
        0.044817399233579636,
        0.04322017729282379
    ],
    "train_r2": [
        -1.6139931678771973,
        0.793972909450531,
        0.8236835598945618,
        0.8357957601547241,
        0.8350033760070801,
        0.8410123586654663,
        0.8535637855529785,
        0.8557287454605103,
        0.8669320940971375,
        0.8716851472854614,
        0.8816589117050171,
        0.8937200903892517,
        0.9055793881416321,
        0.9121894836425781
    ],
    "train_mape": [
        30.703540802001953,
        17.524803161621094,
        16.19756317138672,
        15.373756408691406,
        15.276776313781738,
        14.893092155456543,
        14.32017707824707,
        14.075061798095703,
        13.622763633728027,
        13.50389289855957,
        12.829275131225586,
        12.004010200500488,
        11.274957656860352,
        10.822776794433594
    ],
    "train_smape": [
        23.118976593017578,
        15.243368148803711,
        14.166374206542969,
        13.600399017333984,
        13.583524703979492,
        13.358637809753418,
        12.9270658493042,
        12.77443790435791,
        12.394439697265625,
        12.114948272705078,
        11.664250373840332,
        11.042265892028809,
        10.404129028320312,
        10.097505569458008
    ],
    "train_explained_variance": [
        -1.6139862537384033,
        0.7939817309379578,
        0.8236839771270752,
        0.8357999324798584,
        0.8350063562393188,
        0.8410186171531677,
        0.8535680770874023,
        0.8557332754135132,
        0.8669368028640747,
        0.8716857433319092,
        0.8816629648208618,
        0.8937222957611084,
        0.9055794477462769,
        0.912194013595581
    ],
    "train_peak_error": [
        3.8290016651153564,
        0.33622896671295166,
        0.3472285866737366,
        0.29101115465164185,
        0.30275875329971313,
        0.30075424909591675,
        0.35271763801574707,
        0.25898849964141846,
        0.25974464416503906,
        0.2921629250049591,
        0.2335599660873413,
        0.25064927339553833,
        0.24038630723953247,
        0.2164953351020813
    ],
    "val_loss": [
        0.006613782118979118,
        0.003497000025558493,
        0.003270110895910816,
        0.003131749518450162,
        0.0032918986756180365,
        0.003515985268570161,
        0.00321498773389047,
        0.00448069711008089,
        0.0036119028093065503,
        0.0057798120373417795,
        0.0038113338349507653,
        0.005252043478485706,
        0.00437375592657452,
        0.004508764853218584
    ],
    "val_mae": [
        0.06482438743114471,
        0.04659739136695862,
        0.04560362547636032,
        0.04477697238326073,
        0.04599766433238983,
        0.04720453545451164,
        0.04542124643921852,
        0.05422626808285713,
        0.04802539944648743,
        0.06248465180397034,
        0.04939684271812439,
        0.05713411420583725,
        0.05336489528417587,
        0.05381479486823082
    ],
    "val_mse": [
        0.00661378214135766,
        0.003496999852359295,
        0.0032701108139008284,
        0.0031317495740950108,
        0.0032918984070420265,
        0.0035159853287041187,
        0.003214987926185131,
        0.004480697214603424,
        0.0036119024734944105,
        0.0057798121124506,
        0.003811333794146776,
        0.005252043250948191,
        0.004373755771666765,
        0.004508764483034611
    ],
    "val_rmse": [
        0.08132516592741013,
        0.05913543701171875,
        0.05718488246202469,
        0.05596203729510307,
        0.057375065982341766,
        0.05929574370384216,
        0.05670086294412613,
        0.06693801283836365,
        0.06009910628199577,
        0.07602507621049881,
        0.06173600256443024,
        0.07247098535299301,
        0.06613437831401825,
        0.06714733690023422
    ],
    "val_r2": [
        0.5397286415100098,
        0.7566341161727905,
        0.7724239826202393,
        0.7820529341697693,
        0.7709077000617981,
        0.7553129196166992,
        0.7762601375579834,
        0.6881759166717529,
        0.7486377358436584,
        0.5977669954299927,
        0.734758734703064,
        0.6344958543777466,
        0.6956182718276978,
        0.6862226724624634
    ],
    "val_mape": [
        25.770095825195312,
        23.072021484375,
        21.45850944519043,
        21.435529708862305,
        22.845529556274414,
        21.810855865478516,
        22.68020248413086,
        29.806644439697266,
        22.832439422607422,
        32.221092224121094,
        23.27419090270996,
        27.151235580444336,
        27.044031143188477,
        25.09743309020996
    ],
    "val_smape": [
        26.54535484313965,
        18.45962905883789,
        18.067291259765625,
        17.726633071899414,
        18.12976837158203,
        18.526430130004883,
        18.02677345275879,
        21.336130142211914,
        18.664583206176758,
        23.377670288085938,
        19.384273529052734,
        21.215532302856445,
        20.785953521728516,
        21.024168014526367
    ],
    "val_explained_variance": [
        0.7007392644882202,
        0.7566473484039307,
        0.7836487889289856,
        0.7881414890289307,
        0.770966112613678,
        0.7567622661590576,
        0.7767298221588135,
        0.7645063996315002,
        0.7491656541824341,
        0.7132301926612854,
        0.734779417514801,
        0.6591813564300537,
        0.6995223760604858,
        0.6888583898544312
    ],
    "val_peak_error": [
        0.270618736743927,
        0.202742338180542,
        0.20530933141708374,
        0.21217739582061768,
        0.21798086166381836,
        0.20088046789169312,
        0.19570471346378326,
        0.21788084506988525,
        0.22485500574111938,
        0.25243479013442993,
        0.20872239768505096,
        0.2450057864189148,
        0.2181505411863327,
        0.21350400149822235
    ],
    "lr": [
        0.01,
        0.01,
        0.01,
        0.01,
        0.01,
        0.01,
        0.01,
        0.01,
        0.01,
        0.01,
        0.01,
        0.01,
        0.01,
        0.01
    ]
}