{
    "train_loss": [
        1.4409165752365447,
        0.015573263784214753,
        0.009679717491934477,
        0.006759047478013832,
        0.006338135368259411,
        0.00646166320546556,
        0.005505967460244093,
        0.0052539607724231665,
        0.007069577199083976,
        0.004687901301345266,
        0.004539327170442164,
        0.004341192341973734,
        0.004102929671432076,
        0.004063308687910325,
        0.0038850367668564235,
        0.0041001809925777285,
        0.003882090653377403,
        0.004064219953835916,
        0.004334494871574417,
        0.0038866096708161713,
        0.00399958858378373,
        0.004022676221270057,
        0.0039177263967874205,
        0.00412224316429842
    ],
    "train_mae": [
        0.33769166469573975,
        0.09834948927164078,
        0.07687989622354507,
        0.06506027281284332,
        0.06265497207641602,
        0.06280628591775894,
        0.0585160106420517,
        0.05701844021677971,
        0.06349654495716095,
        0.053728606551885605,
        0.05271752178668976,
        0.05167103558778763,
        0.049652863293886185,
        0.04983067139983177,
        0.048539455980062485,
        0.04986774921417236,
        0.048520758748054504,
        0.04984225332736969,
        0.05150064826011658,
        0.048508353531360626,
        0.04929560795426369,
        0.049528803676366806,
        0.048694923520088196,
        0.05021458864212036
    ],
    "train_mse": [
        1.4409162998199463,
        0.01557326503098011,
        0.009679717011749744,
        0.006759047508239746,
        0.006338134873658419,
        0.0064616636373102665,
        0.005505967419594526,
        0.005253961309790611,
        0.0070695774629712105,
        0.004687901586294174,
        0.00453932723030448,
        0.004341192077845335,
        0.004102929495275021,
        0.004063308704644442,
        0.003885036800056696,
        0.004100181628018618,
        0.0038820907939225435,
        0.004064220003783703,
        0.004334494937211275,
        0.0038866098038852215,
        0.003999588545411825,
        0.004022676032036543,
        0.0039177266880869865,
        0.004122242797166109
    ],
    "train_rmse": [
        1.2003817558288574,
        0.12479288876056671,
        0.09838555008172989,
        0.08221342414617538,
        0.07961240410804749,
        0.08038447052240372,
        0.07420220971107483,
        0.07248421758413315,
        0.0840807780623436,
        0.06846825033426285,
        0.06737452745437622,
        0.06588772684335709,
        0.06405411660671234,
        0.06374409049749374,
        0.06233006343245506,
        0.0640326589345932,
        0.06230642646551132,
        0.0637512356042862,
        0.06583688408136368,
        0.06234268099069595,
        0.06324230134487152,
        0.06342457234859467,
        0.06259174644947052,
        0.06420469284057617
    ],
    "train_r2": [
        -66.73487854003906,
        0.26792895793914795,
        0.5449739694595337,
        0.6822693943977356,
        0.7020556926727295,
        0.6962488889694214,
        0.7411743998527527,
        0.7530207633972168,
        0.6676719188690186,
        0.779630184173584,
        0.7866144180297852,
        0.795928418636322,
        0.8071286678314209,
        0.8089911937713623,
        0.8173714280128479,
        0.807257890701294,
        0.8175098896026611,
        0.8089483976364136,
        0.7962432503700256,
        0.8172975182533264,
        0.8119865655899048,
        0.8109012246131897,
        0.8158347606658936,
        0.8062207698822021
    ],
    "train_mape": [
        120.02432250976562,
        37.11580276489258,
        26.41228675842285,
        22.146474838256836,
        21.239208221435547,
        21.054367065429688,
        19.544391632080078,
        19.00484275817871,
        20.759227752685547,
        17.88212776184082,
        17.501392364501953,
        17.135610580444336,
        16.38130760192871,
        16.527618408203125,
        16.123001098632812,
        16.59002685546875,
        16.065053939819336,
        16.33319854736328,
        16.923660278320312,
        15.970939636230469,
        16.32965087890625,
        16.26041030883789,
        16.14925193786621,
        16.77103042602539
    ],
    "train_smape": [
        44.76640319824219,
        26.916732788085938,
        21.420413970947266,
        18.645227432250977,
        17.965566635131836,
        18.09765625,
        16.92679214477539,
        16.53830337524414,
        18.35165023803711,
        15.631651878356934,
        15.340389251708984,
        15.033660888671875,
        14.514960289001465,
        14.58726692199707,
        14.181441307067871,
        14.595122337341309,
        14.218844413757324,
        14.569883346557617,
        15.016081809997559,
        14.201911926269531,
        14.379816055297852,
        14.486042976379395,
        14.279057502746582,
        14.638824462890625
    ],
    "train_explained_variance": [
        -66.72039794921875,
        0.2680250406265259,
        0.5449896454811096,
        0.6822770833969116,
        0.7020559310913086,
        0.6962519884109497,
        0.741174578666687,
        0.7530209422111511,
        0.6676779985427856,
        0.7796317934989929,
        0.786615252494812,
        0.7959288358688354,
        0.8071303963661194,
        0.8089913129806519,
        0.8173721432685852,
        0.8072605729103088,
        0.8175101280212402,
        0.8089499473571777,
        0.7962485551834106,
        0.8173016309738159,
        0.8119881749153137,
        0.8109056353569031,
        0.815843403339386,
        0.8062229156494141
    ],
    "train_peak_error": [
        20.292264938354492,
        0.5744314789772034,
        0.5652644634246826,
        0.4969099164009094,
        0.5190985798835754,
        0.48304522037506104,
        0.4654846787452698,
        0.43652909994125366,
        0.5216712951660156,
        0.44977623224258423,
        0.3858101963996887,
        0.3532542586326599,
        0.37582331895828247,
        0.36664092540740967,
        0.35294485092163086,
        0.37771373987197876,
        0.3357405662536621,
        0.37884747982025146,
        0.3897033929824829,
        0.3910530209541321,
        0.33051156997680664,
        0.342138409614563,
        0.37743693590164185,
        0.33732759952545166
    ],
    "val_loss": [
        0.018385917648619455,
        0.009844963137033603,
        0.008482157378423985,
        0.0070174765214324,
        0.005922396125660526,
        0.00515019983200611,
        0.005008594103747135,
        0.004313278615394299,
        0.0047922786396238015,
        0.004641288521250697,
        0.004010616338898917,
        0.0038705995733843003,
        0.003396430201627475,
        0.003109472708964198,
        0.0034453163661813135,
        0.0031214416634103804,
        0.004006051766759843,
        0.003185864848104848,
        0.003252228176482558,
        0.003162783424658098,
        0.004677553620966647,
        0.0034360088330606443,
        0.0031456581562449284,
        0.0031895548853313003
    ],
    "val_mae": [
        0.112028568983078,
        0.08002936094999313,
        0.07469087094068527,
        0.06736843287944794,
        0.06154666095972061,
        0.056973621249198914,
        0.05637171119451523,
        0.0517745278775692,
        0.05544726550579071,
        0.05350826308131218,
        0.04993376508355141,
        0.049150608479976654,
        0.04615752398967743,
        0.04408030956983566,
        0.04643145948648453,
        0.04411362484097481,
        0.049904678016901016,
        0.04438041150569916,
        0.045107651501894,
        0.04441051930189133,
        0.05501513555645943,
        0.04710052162408829,
        0.04465331509709358,
        0.04419033229351044
    ],