{
    "train_loss": [
        0.007810481345832575,
        0.003662916138459077,
        0.00336793800478578,
        0.003149098064595016,
        0.003074087804387657,
        0.0029684531753558,
        0.002911869759769678,
        0.002774780396329635,
        0.0027124032269190495,
        0.0026142950008657814,
        0.002583157828128908,
        0.002456461925771045,
        0.0023957923131894474,
        0.002306896217523443,
        0.0022152118004173803,
        0.0020968710014834316,
        0.0018772612843439129,
        0.0017822510284962365,
        0.0017497819266054256,
        0.0017181847311678743
    ],
    "train_mae": [
        0.0637306496500969,
        0.04696439206600189,
        0.044870879501104355,
        0.04353364557027817,
        0.04302988946437836,
        0.042234085500240326,
        0.04182644560933113,
        0.040733665227890015,
        0.04047499969601631,
        0.03955921158194542,
        0.039354611188173294,
        0.03816254436969757,
        0.03792202100157738,
        0.03734390437602997,
        0.03649592399597168,
        0.035308267921209335,
        0.03330269828438759,
        0.032466158270835876,
        0.0321868397295475,
        0.03198457881808281
    ],
    "train_mse": [
        0.007810481358319521,
        0.0036629161331802607,
        0.0033679381012916565,
        0.0031490980181843042,
        0.003074087668210268,
        0.0029684531036764383,
        0.0029118696693331003,
        0.00277478015050292,
        0.002712403191253543,
        0.002614295110106468,
        0.0025831579696387053,
        0.002456462010741234,
        0.0023957923986017704,
        0.002306896261870861,
        0.002215211745351553,
        0.0020968709141016006,
        0.0018772613257169724,
        0.0017822510562837124,
        0.0017497820081189275,
        0.0017181847942993045
    ],
    "train_rmse": [
        0.08837692439556122,
        0.06052203103899956,
        0.05803393945097923,
        0.056116823107004166,
        0.05544445663690567,
        0.05448351055383682,
        0.05396174266934395,
        0.052676182240247726,
        0.05208073556423187,
        0.051130179315805435,
        0.05082477629184723,
        0.04956270754337311,
        0.04894683137536049,
        0.04803016036748886,
        0.047066036611795425,
        0.04579160362482071,
        0.04332737252116203,
        0.0422167144715786,
        0.0418303944170475,
        0.04145099222660065
    ],
    "train_r2": [
        0.6328433752059937,
        0.827812910079956,
        0.8416793346405029,
        0.8519666194915771,
        0.8554927110671997,
        0.8604583740234375,
        0.8631182909011841,
        0.8695626258850098,
        0.8724948167800903,
        0.8771067261695862,
        0.8785704374313354,
        0.8845261335372925,
        0.8873781561851501,
        0.891556978225708,
        0.895866870880127,
        0.9014298915863037,
        0.9117533564567566,
        0.9162195920944214,
        0.9177458882331848,
        0.9192312359809875
    ],
    "train_mape": [
        20.753215789794922,
        15.864846229553223,
        15.034486770629883,
        14.534770965576172,
        14.208963394165039,
        13.883821487426758,
        13.774639129638672,
        13.423676490783691,
        13.225814819335938,
        12.84199047088623,
        12.692652702331543,
        12.314092636108398,
        12.17920207977295,
        11.987584114074707,
        11.611194610595703,
        11.296046257019043,
        10.562889099121094,
        10.223614692687988,
        10.074665069580078,
        10.044617652893066
    ],
    "train_smape": [
        18.344181060791016,
        13.855995178222656,
        13.245826721191406,
        12.89573860168457,
        12.695853233337402,
        12.474514961242676,
        12.349925994873047,
        12.069025993347168,
        11.96937370300293,
        11.659869194030762,
        11.559915542602539,
        11.214314460754395,
        11.152925491333008,
        11.011409759521484,
        10.699076652526855,
        10.412145614624023,
        9.77353572845459,
        9.508709907531738,
        9.409085273742676,
        9.358736991882324
    ],
    "train_explained_variance": [
        0.6334571838378906,
        0.8278136253356934,
        0.8416793346405029,
        0.851966917514801,
        0.8554961085319519,
        0.8604583740234375,
        0.8631193041801453,
        0.8695630431175232,
        0.8724961280822754,
        0.8771068453788757,
        0.8785724639892578,
        0.884528398513794,
        0.8873782157897949,
        0.8915609121322632,
        0.8958669900894165,
        0.9014302492141724,
        0.9117534160614014,
        0.9162196516990662,
        0.9177466630935669,
        0.9192319512367249
    ],
    "train_peak_error": [
        0.5996345281600952,
        0.34071266651153564,
        0.3039259910583496,
        0.310091495513916,
        0.28270232677459717,
        0.2912156581878662,
        0.28161346912384033,
        0.2844112515449524,
        0.2774391174316406,
        0.2776782512664795,
        0.2524773180484772,
        0.2738621234893799,
        0.24320638179779053,
        0.24999728798866272,
        0.2626689076423645,
        0.23041969537734985,
        0.23057997226715088,
        0.21516966819763184,
        0.21778970956802368,
        0.21050786972045898
    ],
    "val_loss": [
        0.003699399066365344,
        0.003644687811435341,
        0.003455316483398243,
        0.003204077128588939,
        0.0031355322059243916,
        0.0032243021385302004,
        0.003260249906661753,
        0.003351602400016549,
        0.0036309045055050323,
        0.003480619806528306,
        0.0034515589091042393,
        0.004268433532054475,
        0.0035740928378009754,
        0.003895525687957089,
        0.0035776862792215114,
        0.004065449899598527,
        0.00395572347961795,
        0.003945956654283855,
        0.0039788631442096755,
        0.004104658382201045
    ],
    "val_mae": [
        0.048117224127054214,
        0.04789794608950615,
        0.046596039086580276,
        0.04509164020419121,
        0.044333647936582565,
        0.045590776950120926,
        0.04528852924704552,
        0.0465603843331337,
        0.04867914691567421,
        0.04675905033946037,
        0.04623548313975334,
        0.05310382321476936,
        0.04748788848519325,
        0.05036051198840141,
        0.04830298572778702,
        0.05055113509297371,
        0.05067495256662369,
        0.05057628080248833,
        0.050445087254047394,
        0.05124249309301376
    ],
    "val_mse": [
        0.0036993990652263165,
        0.003644687822088599,
        0.00345531664788723,
        0.0032040770165622234,
        0.003135532373562455,
        0.0032243020832538605,
        0.0032602499704807997,
        0.0033516022376716137,
        0.0036309047136455774,
        0.003480619750916958,
        0.0034515589941293,
        0.004268433433026075,
        0.003574092872440815,
        0.0038955260533839464,
        0.003577686380594969,
        0.004065449815243483,
        0.0039557237178087234,
        0.003945956472307444,
        0.00397886335849762,
        0.004104658029973507
    ],
    "val_rmse": [
        0.060822684317827225,
        0.06037124991416931,
        0.0587819404900074,
        0.05660456791520119,
        0.05599582567811012,
        0.05678293853998184,
        0.057098597288131714,
        0.057893022894859314,
        0.06025698781013489,
        0.0589967779815197,
        0.058749970048666,
        0.06533324718475342,
        0.05978371575474739,
        0.062414150685071945,
        0.059813763946294785,
        0.06376087665557861,
        0.0628945454955101,
        0.06281685084104538,
        0.06307823210954666,
        0.06406760215759277
    ],