{
    "train_loss": [
        0.01098863049979967,
        0.005107907116010533,
        0.004378111104795293,
        0.004102670026919292,
        0.0038638112065240283,
        0.003751011261862684,
        0.003618807346277202,
        0.003586486077174289,
        0.003533752028352201,
        0.0034751701568512617,
        0.0033757474478111247,
        0.003344581147616401,
        0.003343027710645794,
        0.0032245476145960975,
        0.003259915937207076,
        0.003228053438070669,
        0.003160878625022163,
        0.0031249900463439454,
        0.0030985258778284718,
        0.0031060173661719343,
        0.003011306581873177,
        0.003023714032779257,
        0.00301339988409326,
        0.0029401084986515986,
        0.002897406834964297,
        0.002886102684030826,
        0.002866885036438882,
        0.0028411202535017365,
        0.0027673001272398292,
        0.0026545200257301967,
        0.002640884561819613,
        0.002611362934766372,
        0.0026011926063112096
    ],
    "train_mae": [
        0.0791359543800354,
        0.05631842464208603,
        0.051952190697193146,
        0.050263646990060806,
        0.04845655709505081,
        0.04769809916615486,
        0.04681163281202316,
        0.04642575606703758,
        0.046200547367334366,
        0.045939669013023376,
        0.04511219635605812,
        0.04486077278852463,
        0.04499397426843643,
        0.04418608173727989,
        0.044365886598825455,
        0.04410877078771591,
        0.04351117089390755,
        0.04353850707411766,
        0.0433206744492054,
        0.04317251965403557,
        0.04272482916712761,
        0.042750757187604904,
        0.04263921082019806,
        0.042328257113695145,
        0.04198620840907097,
        0.04193542152643204,
        0.04157276451587677,
        0.041472841054201126,
        0.04114512354135513,
        0.04006790742278099,
        0.03993319347500801,
        0.03967007249593735,
        0.03965283930301666
    ],
    "train_mse": [
        0.01098863035440445,
        0.005107907112687826,
        0.0043781111016869545,
        0.00410267012193799,
        0.0038638110272586346,
        0.0037510113324970007,
        0.0036188072990626097,
        0.003586486214771867,
        0.0035337519366294146,
        0.0034751701168715954,
        0.003375747473910451,
        0.0033445812296122313,
        0.0033430277835577726,
        0.0032245477195829153,
        0.0032599160913378,
        0.003228053217753768,
        0.0031608787830919027,
        0.0031249900348484516,
        0.003098525805398822,
        0.0031060173641890287,
        0.0030113067477941513,
        0.0030237140599638224,
        0.0030133998952805996,
        0.00294010853394866,
        0.002897406928241253,
        0.002886102767661214,
        0.0028668849263340235,
        0.00284112012013793,
        0.0027673000004142523,
        0.002654520096257329,
        0.0026408846024423838,
        0.0026113628409802914,
        0.0026011925656348467
    ],
    "train_rmse": [
        0.1048266664147377,
        0.07146962732076645,
        0.06616729497909546,
        0.06405209004878998,
        0.06215956062078476,
        0.061245501041412354,
        0.06015652418136597,
        0.05988727882504463,
        0.059445369988679886,
        0.058950573205947876,
        0.05810118466615677,
        0.05783235281705856,
        0.05781892314553261,
        0.05678510293364525,
        0.05709567666053772,
        0.05681595951318741,
        0.05622169375419617,
        0.05590160936117172,
        0.05566440522670746,
        0.05573165416717529,
        0.05487537384033203,
        0.0549883097410202,
        0.05489444360136986,
        0.05422276630997658,
        0.05382756516337395,
        0.05372245982289314,
        0.053543299436569214,
        0.053302157670259476,
        0.05260513350367546,
        0.05152203515172005,
        0.05138953775167465,
        0.05110149458050728,
        0.051001887768507004
    ],
    "train_r2": [
        0.48344433307647705,
        0.7598865032196045,
        0.794192910194397,
        0.8071408867835999,
        0.8183692097663879,
        0.8236717581748962,
        0.8298864364624023,
        0.831405758857727,
        0.8338847160339355,
        0.8366385102272034,
        0.8413121700286865,
        0.8427772521972656,
        0.8428503274917603,
        0.8484198451042175,
        0.8467572331428528,
        0.8482550382614136,
        0.8514127731323242,
        0.8530998826026917,
        0.8543438911437988,
        0.8539917469024658,
        0.8584439158439636,
        0.8578606843948364,
        0.8583455085754395,
        0.8617908358573914,
        0.8637981414794922,
        0.8643295168876648,
        0.8652329444885254,
        0.8664441108703613,
        0.869914174079895,
        0.8752158284187317,
        0.8758567571640015,
        0.8772445321083069,
        0.8777226209640503
    ],
    "train_mape": [
        25.36086082458496,
        18.805267333984375,
        17.456636428833008,
        17.11237144470215,
        16.450807571411133,
        16.15232276916504,
        15.948412895202637,
        15.786406517028809,
        15.79613971710205,
        15.562817573547363,
        15.339705467224121,
        15.193470001220703,
        15.165090560913086,
        14.937021255493164,
        14.92784595489502,
        14.841793060302734,
        14.674617767333984,
        14.554059982299805,
        14.576835632324219,
        14.569181442260742,
        14.417129516601562,
        14.433515548706055,
        14.20593547821045,
        14.125601768493652,
        14.099761962890625,
        14.05789852142334,
        13.73427677154541,
        13.753303527832031,
        13.643391609191895,
        13.483597755432129,
        13.327102661132812,
        13.199668884277344,
        13.22484016418457
    ],
    "train_smape": [
        22.244735717773438,
        16.38219451904297,
        15.245492935180664,
        14.84253978729248,
        14.318023681640625,
        14.11599349975586,
        13.912015914916992,
        13.758115768432617,
        13.740155220031738,
        13.635754585266113,
        13.405980110168457,
        13.366449356079102,
        13.335016250610352,
        13.116100311279297,
        13.177569389343262,
        13.107439994812012,
        12.976381301879883,
        12.96363353729248,
        12.943174362182617,
        12.854901313781738,
        12.757187843322754,
        12.756311416625977,
        12.686915397644043,
        12.623199462890625,
        12.522736549377441,
        12.505229949951172,
        12.384791374206543,
        12.350988388061523,
        12.245670318603516,
        12.005402565002441,
        11.920395851135254,
        11.864233016967773,
        11.830119132995605
    ],
    "train_explained_variance": [
        0.484682559967041,
        0.7598890066146851,
        0.7942052483558655,
        0.8071423768997192,
        0.8183703422546387,
        0.8236724138259888,
        0.8298864364624023,
        0.8314062356948853,
        0.8338847160339355,
        0.8366389870643616,
        0.8413124084472656,
        0.8427775502204895,
        0.8428529500961304,
        0.8484198451042175,
        0.8467572927474976,
        0.8482567071914673,
        0.851412832736969,
        0.8531000018119812,
        0.854346513748169,
        0.8539918065071106,
        0.8584442138671875,
        0.8578616380691528,
        0.858345627784729,
        0.8617912530899048,
        0.8637983202934265,
        0.8643295764923096,
        0.8652364015579224,
        0.8664445281028748,
        0.8699166774749756,
        0.8752420544624329,
        0.8758575916290283,
        0.8772449493408203,
        0.8777226209640503
    ],