{
    "train_loss": [
        0.010864590043821567,
        0.0037372569043464966,
        0.003459882493627018,
        0.0033502252665400336,
        0.0032228885550986144,
        0.0032057681379165375,
        0.0031194720540630013,
        0.0030045873042406543,
        0.0029156525517610317,
        0.0029378964835047954,
        0.002883839491635367,
        0.0027746783206315444,
        0.002759473546884979,
        0.0026957116789459007,
        0.0026417120089412545,
        0.002564064882930837,
        0.002549241415372026,
        0.002465455706829062,
        0.002366186227711188,
        0.002248887831076383,
        0.0022082986363890617,
        0.0022229551628021064,
        0.002163566103929006
    ],
    "train_mae": [
        0.07222723960876465,
        0.04771691560745239,
        0.04578958451747894,
        0.044901538640260696,
        0.04399391636252403,
        0.043887559324502945,
        0.04323246702551842,
        0.04247192293405533,
        0.041844338178634644,
        0.04210128262639046,
        0.04158249497413635,
        0.040743716061115265,
        0.040837015956640244,
        0.04037659242749214,
        0.039798881858587265,
        0.03925185278058052,
        0.03926729038357735,
        0.03861537203192711,
        0.03775594383478165,
        0.03680889680981636,
        0.03650446608662605,
        0.03665035218000412,
        0.03615904226899147
    ],
    "train_mse": [
        0.010864590294659138,
        0.0037372566293925047,
        0.0034598824568092823,
        0.0033502252772450447,
        0.003222888568416238,
        0.0032057680655270815,
        0.0031194721814244986,
        0.0030045872554183006,
        0.0029156524688005447,
        0.0029378964100033045,
        0.0028838396538048983,
        0.0027746784035116434,
        0.002759473631158471,
        0.002695711562409997,
        0.0026417120825499296,
        0.0025640649255365133,
        0.0025492412969470024,
        0.002465455560013652,
        0.0023661861196160316,
        0.0022488879039883614,
        0.0022082985378801823,
        0.002222955459728837,
        0.0021635659504681826
    ],
    "train_rmse": [
        0.10423334687948227,
        0.06113310530781746,
        0.05882076546549797,
        0.057881131768226624,
        0.05677048861980438,
        0.05661950260400772,
        0.05585223436355591,
        0.054814115166664124,
        0.05399678274989128,
        0.0542023666203022,
        0.05370139330625534,
        0.052675217390060425,
        0.052530691027641296,
        0.051920242607593536,
        0.05139758810400963,
        0.050636596977710724,
        0.050490010529756546,
        0.04965335503220558,
        0.048643458634614944,
        0.047422442585229874,
        0.04699253663420677,
        0.04714822769165039,
        0.04651414602994919
    ],
    "train_r2": [
        0.4892752170562744,
        0.8243182897567749,
        0.8373571634292603,
        0.8425119519233704,
        0.8484978079795837,
        0.8493026494979858,
        0.8533592224121094,
        0.8587597608566284,
        0.8629404306411743,
        0.8618947863578796,
        0.8644359111785889,
        0.8695673942565918,
        0.8702821135520935,
        0.8732794523239136,
        0.8758178949356079,
        0.8794679641723633,
        0.8801647424697876,
        0.8841034173965454,
        0.8887698650360107,
        0.8942838311195374,
        0.8961918950080872,
        0.8955028653144836,
        0.8982946872711182
    ],
    "train_mape": [
        23.248498916625977,
        16.20830535888672,
        15.587529182434082,
        15.21138858795166,
        14.70157527923584,
        14.623899459838867,
        14.371888160705566,
        14.140625,
        13.858652114868164,
        13.825021743774414,
        13.710780143737793,
        13.325004577636719,
        13.27835464477539,
        13.218598365783691,
        12.981027603149414,
        12.672469139099121,
        12.626237869262695,
        12.50457763671875,
        12.09394645690918,
        11.8483247756958,
        11.59396743774414,
        11.703302383422852,
        11.447230339050293
    ],
    "train_smape": [
        21.45608901977539,
        14.079663276672363,
        13.572977066040039,
        13.339617729187012,
        13.00026798248291,
        12.96883773803711,
        12.804500579833984,
        12.578624725341797,
        12.415897369384766,
        12.411111831665039,
        12.308504104614258,
        12.028778076171875,
        12.073487281799316,
        11.914000511169434,
        11.765338897705078,
        11.539814949035645,
        11.541300773620605,
        11.392416954040527,
        11.114261627197266,
        10.861316680908203,
        10.711803436279297,
        10.783771514892578,
        10.606121063232422
    ],
    "train_explained_variance": [
        0.4927869439125061,
        0.8243213295936584,
        0.837357759475708,
        0.8425121903419495,
        0.8484978675842285,
        0.849303126335144,
        0.8533596992492676,
        0.8587597608566284,
        0.8629409670829773,
        0.861894965171814,
        0.86443692445755,
        0.8695678114891052,
        0.8702831864356995,
        0.8732795119285583,
        0.875819206237793,
        0.8794680237770081,
        0.8801648020744324,
        0.8841038346290588,
        0.8887704610824585,
        0.8942840695381165,
        0.8961919546127319,
        0.8955029249191284,
        0.8982946872711182
    ],
    "train_peak_error": [
        0.8511240482330322,
        0.373238742351532,
        0.32594233751296997,
        0.32437431812286377,
        0.32974255084991455,
        0.32070279121398926,
        0.2998950481414795,
        0.3253098726272583,
        0.3248544931411743,
        0.30327415466308594,
        0.2993663549423218,
        0.30023932456970215,
        0.3162428140640259,
        0.2923230528831482,
        0.283563494682312,
        0.31223756074905396,
        0.2512929141521454,
        0.27451521158218384,
        0.26169270277023315,
        0.24021601676940918,
        0.27013957500457764,
        0.276746928691864,
        0.27347463369369507
    ],
    "val_loss": [
        0.0037444819420200887,
        0.003370312713321111,
        0.003374668895300451,
        0.003310243903438179,
        0.0031856258461426057,
        0.0038358526240042643,
        0.003918336523200968,
        0.003169191760084719,
        0.0038600611135283175,
        0.0035240134552603575,
        0.0032522196006431856,
        0.0032759577728030706,
        0.003261405896368644,
        0.0033499308847721745,
        0.003750958352704807,
        0.0032061940536787397,
        0.003285321588694996,
        0.0033877691125711626,
        0.003468274001648529,
        0.0034206298945083035,
        0.003715946972370148,
        0.0034286769555225004,
        0.003346269671141887
    ],
    "val_mae": [
        0.048364490270614624,
        0.046177346259355545,
        0.04580666124820709,
        0.04523804411292076,
        0.04475056007504463,
        0.04887927696108818,
        0.049103979021310806,
        0.04460849612951279,
        0.049904923886060715,
        0.047125622630119324,
        0.04524245485663414,
        0.045504823327064514,
        0.04547639191150665,
        0.04543893411755562,
        0.049173999577760696,
        0.044959962368011475,
        0.04515119269490242,
        0.04591315984725952,
        0.04666798934340477,
        0.046239372342824936,
        0.049017634242773056,
        0.046055715531110764,
        0.04585997760295868
    ],