{
    "train_loss": [
        0.00914277286873932,
        0.0036048101370210754,
        0.003262070812413996,
        0.0031904444121088438,
        0.003040847740440383,
        0.002961130397586588,
        0.0029226726243980483,
        0.0028392249359348925,
        0.002743187892580951,
        0.0027198397258307544,
        0.002626634416756608,
        0.0025877337225648847,
        0.0025715269534748414,
        0.0024941595345615505,
        0.0024041561725488196,
        0.002293912097338481,
        0.00196981220240851,
        0.0019313043235777688,
        0.0019024220627092364,
        0.0018999084036800287
    ],
    "train_mae": [
        0.06597021967172623,
        0.04673512652516365,
        0.044428203254938126,
        0.043937817215919495,
        0.04293106868863106,
        0.04225555807352066,
        0.042040783911943436,
        0.04145515710115433,
        0.04073047265410423,
        0.04069015011191368,
        0.03985800966620445,
        0.03963518515229225,
        0.03940027579665184,
        0.038914818316698074,
        0.038096483796834946,
        0.03740554302930832,
        0.034216418862342834,
        0.033906009048223495,
        0.033744797110557556,
        0.033617615699768066
    ],
    "train_mse": [
        0.009142773225903511,
        0.00360481021925807,
        0.0032620709389448166,
        0.0031904440838843584,
        0.003040847834199667,
        0.002961130579933524,
        0.002922672778367996,
        0.0028392248786985874,
        0.002743187826126814,
        0.002719839569181204,
        0.0026266344357281923,
        0.002587733557447791,
        0.002571526914834976,
        0.002494159620255232,
        0.0024041561409831047,
        0.0022939122281968594,
        0.00196981243789196,
        0.001931304344907403,
        0.001902422052808106,
        0.0018999084131792188
    ],
    "train_rmse": [
        0.0956178531050682,
        0.06004007160663605,
        0.05711454153060913,
        0.05648401752114296,
        0.05514388158917427,
        0.05441627278923988,
        0.05406174808740616,
        0.05328437685966492,
        0.05237545073032379,
        0.052152082324028015,
        0.051250703632831573,
        0.05086977034807205,
        0.050710223615169525,
        0.04994156211614609,
        0.049032196402549744,
        0.04789480194449425,
        0.04438256844878197,
        0.043946608901023865,
        0.04361676424741745,
        0.04358793795108795
    ],
    "train_r2": [
        0.5702146887779236,
        0.8305443525314331,
        0.8466559648513794,
        0.8500229716300964,
        0.8570552468299866,
        0.8608025908470154,
        0.8626104593276978,
        0.8665331602096558,
        0.8710476756095886,
        0.8721452355384827,
        0.8765266537666321,
        0.8783553242683411,
        0.8791171312332153,
        0.8827540874481201,
        0.8869849443435669,
        0.892167329788208,
        0.9074026942253113,
        0.9092128872871399,
        0.9105705618858337,
        0.9106887578964233
    ],
    "train_mape": [
        21.513839721679688,
        15.572463035583496,
        14.698783874511719,
        14.513179779052734,
        14.158649444580078,
        14.016738891601562,
        13.769018173217773,
        13.539383888244629,
        13.24166202545166,
        13.184107780456543,
        12.977574348449707,
        12.986382484436035,
        12.663737297058105,
        12.358702659606934,
        12.28533935546875,
        11.892830848693848,
        10.884953498840332,
        10.712124824523926,
        10.686059951782227,
        10.635442733764648
    ],
    "train_smape": [
        19.25687599182129,
        13.734369277954102,
        13.134821891784668,
        12.962200164794922,
        12.671555519104004,
        12.528901100158691,
        12.406783103942871,
        12.25714111328125,
        12.021814346313477,
        11.983476638793945,
        11.80082893371582,
        11.752392768859863,
        11.603747367858887,
        11.458867073059082,
        11.290550231933594,
        10.97940444946289,
        10.05809497833252,
        9.928977012634277,
        9.888701438903809,
        9.837374687194824
    ],
    "train_explained_variance": [
        0.5710543394088745,
        0.8305515646934509,
        0.8466579914093018,
        0.8500242233276367,
        0.8570553064346313,
        0.8608044981956482,
        0.8626104593276978,
        0.8665353655815125,
        0.871049702167511,
        0.8721460103988647,
        0.8765285611152649,
        0.8783562183380127,
        0.8791171908378601,
        0.8827576637268066,
        0.8869850039482117,
        0.8921695947647095,
        0.9074033498764038,
        0.9092139005661011,
        0.9105706214904785,
        0.9106898903846741
    ],
    "train_peak_error": [
        0.836765468120575,
        0.3707929253578186,
        0.3051822781562805,
        0.29727596044540405,
        0.2869499921798706,
        0.3257511854171753,
        0.2865540683269501,
        0.2784230709075928,
        0.2777196168899536,
        0.2708077132701874,
        0.2692486643791199,
        0.25327277183532715,
        0.26270121335983276,
        0.30545246601104736,
        0.27549219131469727,
        0.2531900405883789,
        0.235494464635849,
        0.23789966106414795,
        0.22844171524047852,
        0.2330058217048645
    ],
    "val_loss": [
        0.004232111246452379,
        0.0033284677634779496,
        0.00346823926804011,
        0.003411150565404418,
        0.003057857186419608,
        0.004112527499833017,
        0.004206652827292895,
        0.0037922076829340606,
        0.0034332070331484507,
        0.003282931041200277,
        0.0039656032123703425,
        0.0030690479043053746,
        0.003211642951979268,
        0.0034005836946822757,
        0.0033613502020485323,
        0.0035127093472765935,
        0.0034076348569565752,
        0.0035155617774685296,
        0.0035308190207365606,
        0.003438749512148311
    ],
    "val_mae": [
        0.051982421427965164,
        0.04547478258609772,
        0.04662184789776802,
        0.04658498987555504,
        0.04371281713247299,
        0.05166372284293175,
        0.05231117829680443,
        0.04907882586121559,
        0.04694664850831032,
        0.0456993393599987,
        0.05103393271565437,
        0.043580036610364914,
        0.04509252682328224,
        0.046146538108587265,
        0.04600296542048454,
        0.04711446166038513,
        0.04641593620181084,
        0.0474308505654335,
        0.04759427532553673,
        0.046707797795534134
    ],
    "val_mse": [
        0.004232111386954784,
        0.003328467719256878,
        0.003468239214271307,
        0.00341115053743124,
        0.0030578572768718004,
        0.00411252724006772,
        0.004206652753055096,
        0.0037922074552625418,
        0.0034332070499658585,
        0.0032829311676323414,
        0.0039656031876802444,
        0.0030690478160977364,
        0.0032116430811583996,
        0.003400583518669009,
        0.003361350391060114,
        0.0035127094015479088,
        0.0034076347947120667,
        0.0035155618097633123,
        0.0035308189690113068,
        0.003438749583438039
    ],
    "val_rmse": [
        0.06505467742681503,
        0.05769287422299385,
        0.05889175832271576,
        0.05840505659580231,
        0.05529789626598358,
        0.06412898749113083,
        0.06485871225595474,
        0.061580900102853775,
        0.05859357491135597,
        0.05729686841368675,
        0.0629730373620987,
        0.055398985743522644,
        0.05667135864496231,
        0.05831452086567879,
        0.05797715485095978,
        0.05926811322569847,
        0.05837494879961014,
        0.05929217487573624,
        0.059420693665742874,
        0.05864085257053375
    ],