{
    "train_loss": [
        0.012459876539376646,
        0.004255697868637066,
        0.003701343470159693,
        0.003452829114203341,
        0.0033748388098920894,
        0.003281726877026398,
        0.0031758166114008767,
        0.0031565858020311823,
        0.0031013526212686,
        0.003017206469492635,
        0.0029796361448392247,
        0.002923283421507133,
        0.0028633689300038906,
        0.002843741166212127,
        0.002786834100623613,
        0.002766965798432768,
        0.0027504013655674014,
        0.0026800207525645202,
        0.002711312785996121,
        0.002640993685622035,
        0.0026235475172408226,
        0.00258423835873031,
        0.002583743487902235,
        0.002592911691321168,
        0.0025458106608620404,
        0.002509015242760258,
        0.002355850992082481,
        0.0023272458926353007,
        0.002328182997061483,
        0.0023235700802018144
    ],
    "train_mae": [
        0.07968048006296158,
        0.050899069756269455,
        0.04738578200340271,
        0.045700084418058395,
        0.04506869986653328,
        0.044344980269670486,
        0.04361594095826149,
        0.04341098666191101,
        0.043030500411987305,
        0.04248560965061188,
        0.04221854358911514,
        0.04166572913527489,
        0.04130668193101883,
        0.04126295447349548,
        0.040680404752492905,
        0.04059197008609772,
        0.0405944362282753,
        0.039972878992557526,
        0.04022014141082764,
        0.039707668125629425,
        0.03959793224930763,
        0.03923114761710167,
        0.039179179817438126,
        0.039304908365011215,
        0.038873959332704544,
        0.038714658468961716,
        0.0373421385884285,
        0.0371004119515419,
        0.037138570100069046,
        0.03706412389874458
    ],
    "train_mse": [
        0.012459876947104931,
        0.004255698062479496,
        0.00370134343393147,
        0.0034528288524597883,
        0.0033748389687389135,
        0.00328172673471272,
        0.003175816498696804,
        0.003156585618853569,
        0.003101352835074067,
        0.0030172066763043404,
        0.0029796361923217773,
        0.0029232834931463003,
        0.0028633689507842064,
        0.0028437410946935415,
        0.0027868340257555246,
        0.002766965888440609,
        0.002750401385128498,
        0.002680020872503519,
        0.002711312845349312,
        0.0026409935671836138,
        0.0026235473342239857,
        0.002584238303825259,
        0.0025837435387074947,
        0.002592911710962653,
        0.0025458105374127626,
        0.0025090151466429234,
        0.00235585100017488,
        0.002327245892956853,
        0.0023281830362975597,
        0.0023235701955854893
    ],
    "train_rmse": [
        0.11162381619215012,
        0.06523571163415909,
        0.060838665813207626,
        0.05876077711582184,
        0.0580933652818203,
        0.05728635564446449,
        0.05635438486933708,
        0.05618349835276604,
        0.05568978935480118,
        0.054929107427597046,
        0.05458604544401169,
        0.054067399352788925,
        0.053510457277297974,
        0.053326740860939026,
        0.05279047414660454,
        0.05260195583105087,
        0.05244426801800728,
        0.051768917590379715,
        0.052070267498493195,
        0.051390599459409714,
        0.051220573484897614,
        0.05083540454506874,
        0.05083053931593895,
        0.05092064291238785,
        0.05045602470636368,
        0.05009007081389427,
        0.048537109047174454,
        0.04824153706431389,
        0.04825124889612198,
        0.048203423619270325
    ],
    "train_r2": [
        0.41428375244140625,
        0.7999473214149475,
        0.8260065317153931,
        0.8376887440681458,
        0.8413549065589905,
        0.8457319736480713,
        0.8507106304168701,
        0.8516145944595337,
        0.8542109727859497,
        0.8581665754318237,
        0.8599326610565186,
        0.862581729888916,
        0.8653981685638428,
        0.8663208484649658,
        0.8689959645271301,
        0.8699299097061157,
        0.8707085847854614,
        0.874017059803009,
        0.8725460767745972,
        0.8758516311645508,
        0.8766717910766602,
        0.8785196542739868,
        0.8785429000854492,
        0.8781118988990784,
        0.8803260326385498,
        0.8820557594299316,
        0.889255702495575,
        0.8906003832817078,
        0.8905563354492188,
        0.8907731771469116
    ],
    "train_mape": [
        25.47169303894043,
        16.868196487426758,
        15.908448219299316,
        15.397869110107422,
        15.076516151428223,
        14.748318672180176,
        14.555859565734863,
        14.403155326843262,
        14.228506088256836,
        13.931722640991211,
        13.921178817749023,
        13.714654922485352,
        13.568307876586914,
        13.47928237915039,
        13.310880661010742,
        13.21274471282959,
        13.214341163635254,
        12.980416297912598,
        12.997581481933594,
        12.880295753479004,
        12.852838516235352,
        12.664790153503418,
        12.600944519042969,
        12.663920402526855,
        12.555032730102539,
        12.408201217651367,
        12.0201997756958,
        11.992819786071777,
        11.99155330657959,
        11.912010192871094
    ],
    "train_smape": [
        23.398479461669922,
        14.901217460632324,
        13.987266540527344,
        13.5012845993042,
        13.298628807067871,
        13.04471206665039,
        12.873491287231445,
        12.79127025604248,
        12.701632499694824,
        12.500052452087402,
        12.457874298095703,
        12.307231903076172,
        12.176639556884766,
        12.147281646728516,
        11.998995780944824,
        11.97598934173584,
        11.981918334960938,
        11.790839195251465,
        11.848894119262695,
        11.720540046691895,
        11.693182945251465,
        11.54336929321289,
        11.5315580368042,
        11.57642650604248,
        11.490886688232422,
        11.391860008239746,
        11.02273178100586,
        10.96368408203125,
        10.972930908203125,
        10.941893577575684
    ],
    "train_explained_variance": [
        0.421384334564209,
        0.7999505996704102,
        0.8260065913200378,
        0.837691605091095,
        0.8413556814193726,
        0.845732569694519,
        0.8507118225097656,
        0.8516145944595337,
        0.8542118072509766,
        0.8581669330596924,
        0.8599337935447693,
        0.8625826835632324,
        0.8653982877731323,
        0.8663212060928345,
        0.8689965605735779,
        0.8699308633804321,
        0.8707093000411987,
        0.8740176558494568,
        0.8725460767745972,
        0.8758533000946045,
        0.8766717910766602,
        0.8785196542739868,
        0.8785431385040283,
        0.8781121373176575,
        0.8803263902664185,
        0.8820558190345764,
        0.8892610669136047,
        0.8906006217002869,
        0.8905564546585083,
        0.8907735347747803
    ],