{
    "train_loss": [
        0.009474508029812086,
        0.003945798833019211,
        0.003809026215793909,
        0.0037872822206730635,
        0.003720945456833855,
        0.003634447856825619,
        0.0039129309920376085,
        0.003494872880521002,
        0.003630018877561131,
        0.0035073743821584253,
        0.0033914322906914087,
        0.003492567603256511,
        0.0035862430725630387,
        0.0035099782261237313,
        0.003310317393381177,
        0.003315097310592425,
        0.003371108744810293,
        0.003288615923917243,
        0.003410682692562816,
        0.0033477365268877323,
        0.003176255424412962,
        0.0032415529762339313,
        0.0032115264255164404,
        0.003097984749896801,
        0.0032313521996722274,
        0.003215048350359473,
        0.00313051045517063,
        0.002621552804797405,
        0.0025563547116945343,
        0.0025184601427699323,
        0.0025038022857266774
    ],
    "train_mae": [
        0.06727699935436249,
        0.04881539195775986,
        0.04797648638486862,
        0.04804522916674614,
        0.04739891365170479,
        0.04690852388739586,
        0.04895348101854324,
        0.045862045139074326,
        0.04692494869232178,
        0.0462002269923687,
        0.045078031718730927,
        0.04602600261569023,
        0.046764448285102844,
        0.04621995612978935,
        0.04462264105677605,
        0.04466307535767555,
        0.045242708176374435,
        0.04473797604441643,
        0.04556935280561447,
        0.04510686174035072,
        0.043932877480983734,
        0.044523902237415314,
        0.04423477128148079,
        0.043840959668159485,
        0.04427548870444298,
        0.044165074825286865,
        0.04371354356408119,
        0.03983965516090393,
        0.03934331238269806,
        0.03902600705623627,
        0.03888231888413429
    ],
    "train_mse": [
        0.00947450753301382,
        0.003945798613131046,
        0.0038090264424681664,
        0.0037872823886573315,
        0.003720945445820689,
        0.003634447930380702,
        0.0039129313081502914,
        0.003494872944429517,
        0.0036300187930464745,
        0.003507374320179224,
        0.0033914323430508375,
        0.0034925676882267,
        0.003586243139579892,
        0.003509978298097849,
        0.0033103174064308405,
        0.0033150974195450544,
        0.0033711085561662912,
        0.0032886159606277943,
        0.003410682547837496,
        0.0033477365504950285,
        0.0031762553844600916,
        0.003241552971303463,
        0.003211526433005929,
        0.0030979847069829702,
        0.0032313521951436996,
        0.0032150482293218374,
        0.003130510449409485,
        0.0026215529069304466,
        0.0025563547387719154,
        0.0025184601545333862,
        0.002503802301362157
    ],
    "train_rmse": [
        0.09733708202838898,
        0.0628155916929245,
        0.061717309057712555,
        0.06154090166091919,
        0.0609995536506176,
        0.06028638407588005,
        0.06255342811346054,
        0.059117451310157776,
        0.06024963781237602,
        0.05922308936715126,
        0.058236006647348404,
        0.05909794941544533,
        0.05988524854183197,
        0.059245068579912186,
        0.057535357773303986,
        0.05757688358426094,
        0.05806124955415726,
        0.05734645575284958,
        0.05840104818344116,
        0.0578596293926239,
        0.056358277797698975,
        0.05693463608622551,
        0.056670330464839935,
        0.055659543722867966,
        0.056844983249902725,
        0.05670139566063881,
        0.055950965732336044,
        0.05120110139250755,
        0.05056040734052658,
        0.05018426105380058,
        0.05003800988197327
    ],
    "train_r2": [
        0.5546205043792725,
        0.8145151138305664,
        0.8209445476531982,
        0.8219667077064514,
        0.8250851035118103,
        0.8291511535644531,
        0.8160601854324341,
        0.8357123136520386,
        0.8293594121932983,
        0.835124671459198,
        0.8405748605728149,
        0.8358206748962402,
        0.8314172029495239,
        0.8350022435188293,
        0.844387948513031,
        0.8441632390022278,
        0.8415302634239197,
        0.8454080820083618,
        0.839669942855835,
        0.8426289558410645,
        0.8506900072097778,
        0.8476204872131348,
        0.849031925201416,
        0.8543693423271179,
        0.848099946975708,
        0.84886634349823,
        0.8528403639793396,
        0.8767655491828918,
        0.8798304200172424,
        0.8816117644309998,
        0.8823007941246033
    ],
    "train_mape": [
        22.096845626831055,
        16.390554428100586,
        15.861715316772461,
        15.98025131225586,
        15.696024894714355,
        15.36918830871582,
        16.016132354736328,
        15.06177806854248,
        15.540053367614746,
        15.221192359924316,
        14.86242389678955,
        15.283247947692871,
        15.534493446350098,
        15.274995803833008,
        14.843879699707031,
        14.743128776550293,
        14.949748992919922,
        14.683821678161621,
        14.987534523010254,
        14.9357271194458,
        14.480142593383789,
        14.819623947143555,
        14.686083793640137,
        14.605504035949707,
        14.636068344116211,
        14.468140602111816,
        14.409601211547852,
        13.110857009887695,
        12.918366432189941,
        12.693134307861328,
        12.608421325683594
    ],
    "train_smape": [
        19.065431594848633,
        14.3095064163208,
        14.042364120483398,
        14.098904609680176,
        13.854730606079102,
        13.769304275512695,
        14.319351196289062,
        13.443197250366211,
        13.771239280700684,
        13.596747398376465,
        13.2429838180542,
        13.534758567810059,
        13.734209060668945,
        13.507789611816406,
        13.219925880432129,
        13.173057556152344,
        13.355024337768555,
        13.252920150756836,
        13.389823913574219,
        13.341708183288574,
        13.051697731018066,
        13.218069076538086,
        13.12103271484375,
        13.094944953918457,
        13.098326683044434,
        13.07406997680664,
        12.993979454040527,
        11.91585922241211,
        11.747790336608887,
        11.634909629821777,
        11.59063720703125
    ],
    "train_explained_variance": [
        0.5546205043792725,
        0.8145155906677246,
        0.820947527885437,
        0.8219690322875977,
        0.8250864744186401,
        0.8291535377502441,
        0.816069483757019,
        0.8357124328613281,
        0.8293593525886536,
        0.8351287245750427,
        0.8405750393867493,
        0.8358218669891357,
        0.8314177393913269,
        0.8350024223327637,
        0.8443885445594788,
        0.8441664576530457,
        0.8415305614471436,
        0.8454084992408752,
        0.8396700024604797,
        0.842629075050354,
        0.8506902456283569,
        0.847620964050293,
        0.8490321040153503,
        0.8543693423271179,
        0.8481019735336304,
        0.8488664031028748,
        0.8528404235839844,
        0.8767656087875366,
        0.8798303604125977,
        0.8816120028495789,
        0.8823010325431824
    ],