{
    "train_loss": [
        0.00912616622010635,
        0.0036518917046980378,
        0.0032599268594536135,
        0.0031424007890429803,
        0.0029984685254026756,
        0.002935893728998768,
        0.002827499185459741,
        0.0027372408622895316,
        0.0026726021507433584,
        0.0026201870014711174,
        0.0024314101717145104,
        0.0023723342966923714,
        0.002315560959764867
    ],
    "train_mae": [
        0.06678896397352219,
        0.04709741473197937,
        0.04436706751585007,
        0.043588098138570786,
        0.04248279333114624,
        0.041960641741752625,
        0.04129108414053917,
        0.04070897027850151,
        0.04017685353755951,
        0.039919663220644,
        0.03823767974972725,
        0.03797405585646629,
        0.03745567053556442
    ],
    "train_mse": [
        0.009126165881752968,
        0.00365189160220325,
        0.0032599270343780518,
        0.0031424008775502443,
        0.002998468466103077,
        0.0029358938336372375,
        0.0028274990618228912,
        0.0027372408658266068,
        0.002672602189704776,
        0.0026201868895441294,
        0.002431410364806652,
        0.0023723342455923557,
        0.002315560821443796
    ],
    "train_rmse": [
        0.09553097188472748,
        0.06043088436126709,
        0.05709576979279518,
        0.056057121604681015,
        0.05475827306509018,
        0.05418388918042183,
        0.053174231201410294,
        0.052318647503852844,
        0.05169721692800522,
        0.05118776112794876,
        0.04930933192372322,
        0.04870661348104477,
        0.048120275139808655
    ],
    "train_r2": [
        0.5709953904151917,
        0.8283311724662781,
        0.8467566967010498,
        0.852281391620636,
        0.8590474128723145,
        0.86198890209198,
        0.8670843839645386,
        0.87132728099823,
        0.8743658065795898,
        0.8768297433853149,
        0.8857038021087646,
        0.8884808421134949,
        0.891149640083313
    ],
    "train_mape": [
        21.520456314086914,
        15.778528213500977,
        14.72274398803711,
        14.388249397277832,
        14.020256996154785,
        13.766706466674805,
        13.525287628173828,
        13.261967658996582,
        13.09175968170166,
        12.919910430908203,
        12.454764366149902,
        12.146865844726562,
        12.05937385559082
    ],
    "train_smape": [
        19.46232795715332,
        13.84154987335205,
        13.086114883422852,
        12.869352340698242,
        12.535168647766113,
        12.398674011230469,
        12.184799194335938,
        12.030715942382812,
        11.899198532104492,
        11.770014762878418,
        11.31415843963623,
        11.188082695007324,
        11.025202751159668
    ],
    "train_explained_variance": [
        0.5718685388565063,
        0.8283333778381348,
        0.846758246421814,
        0.8522831201553345,
        0.8590474128723145,
        0.8619892001152039,
        0.8670843839645386,
        0.8713301420211792,
        0.8743658661842346,
        0.8768319487571716,
        0.8857039213180542,
        0.8884820938110352,
        0.8911502957344055
    ],
    "train_peak_error": [
        0.7834742665290833,
        0.3117753267288208,
        0.35143935680389404,
        0.3322235941886902,
        0.29578399658203125,
        0.2869783639907837,
        0.31158679723739624,
        0.2635613679885864,
        0.2592765688896179,
        0.2725674510002136,
        0.27077335119247437,
        0.22721955180168152,
        0.24053066968917847
    ],
    "val_loss": [
        0.0034121116374706407,
        0.0031245155489782422,
        0.0030864645067012783,
        0.0033503649492325972,
        0.003247925296774228,
        0.0034126720807963994,
        0.003332634421614863,
        0.003294942862883532,
        0.003345489060479424,
        0.0037238587696346447,
        0.003483573303176023,
        0.003460813417541627,
        0.0037134772623895846
    ],
    "val_mae": [
        0.045850735157728195,
        0.04417223110795021,
        0.04432876780629158,
        0.04601934924721718,
        0.04517260566353798,
        0.04631640017032623,
        0.045800160616636276,
        0.0456252284348011,
        0.04613538458943367,
        0.049099959433078766,
        0.04712811857461929,
        0.0474165603518486,
        0.049473464488983154
    ],
    "val_mse": [
        0.0034121116623282433,
        0.0031245152931660414,
        0.0030864644795656204,
        0.003350364975631237,
        0.0032479255460202694,
        0.003412672085687518,
        0.0033326344564557076,
        0.0032949429005384445,
        0.0033454892691224813,
        0.0037238586228340864,
        0.003483573207631707,
        0.0034608133137226105,
        0.0037134771700948477
    ],
    "val_rmse": [
        0.05841328203678131,
        0.055897362530231476,
        0.055555958300828934,
        0.057882338762283325,
        0.056990575045347214,
        0.05841808021068573,
        0.057728976011276245,
        0.057401593774557114,
        0.05784020572900772,
        0.06102342531085014,
        0.059021804481744766,
        0.058828677982091904,
        0.06093830615282059
    ],
    "val_r2": [
        0.7625417709350586,
        0.7825563549995422,
        0.7852044105529785,
        0.7668388485908508,
        0.7739679217338562,
        0.7625027298927307,
        0.768072783946991,
        0.7706958651542664,
        0.7671781778335571,
        0.7408463954925537,
        0.7575685381889343,
        0.7591524720191956,
        0.741568922996521
    ],
    "val_mape": [
        24.674970626831055,
        23.02893829345703,
        22.67867088317871,
        23.737977981567383,
        21.801837921142578,
        21.24408721923828,
        21.55196189880371,
        19.807247161865234,
        22.336973190307617,
        25.51909065246582,
        21.989524841308594,
        22.326587677001953,
        24.748281478881836
    ],
    "val_smape": [
        18.205394744873047,
        17.60117530822754,
        17.613618850708008,
        18.19330406188965,
        17.788043975830078,
        18.225849151611328,
        17.860004425048828,
        17.8194580078125,
        18.115352630615234,
        19.3179931640625,
        18.192508697509766,
        18.618396759033203,
        19.370819091796875
    ],
    "val_explained_variance": [
        0.7721792459487915,
        0.7905911803245544,
        0.7887930870056152,
        0.7835044860839844,
        0.7740380167961121,
        0.7668631076812744,
        0.7681083679199219,
        0.7732935547828674,
        0.7737036943435669,
        0.7585240006446838,
        0.7670278549194336,
        0.7591812014579773,
        0.769653856754303
    ],
    "val_peak_error": [
        0.2189103066921234,
        0.2029501497745514,
        0.2345474362373352,
        0.19734615087509155,
        0.21785542368888855,
        0.2379099428653717,
        0.23908758163452148,
        0.23476603627204895,
        0.21206629276275635,
        0.21861612796783447,
        0.21526911854743958,
        0.2180696725845337,
        0.2169364094734192
    ],
    "lr": [
        0.0001,
        0.0001,
        0.0001,
        0.0001,
        0.0001,
        0.0001,
        0.0001,
        0.0001,
        0.0001,
        0.0001,
        0.0001,
        0.0001,
        0.0001
    ]
}