{
    "train_loss": [
        0.012310110790189194,
        0.004396883100601352,
        0.0037842357205564647,
        0.0034903951754755155,
        0.0032968381687202178,
        0.003163921477717706,
        0.0030830766572551077,
        0.003075579666911043,
        0.0029953999527856418,
        0.002980315130122931,
        0.0028645810173816497,
        0.0028150038839129107,
        0.0027939009069984835,
        0.002767544516803527,
        0.002742544026191755,
        0.0026899095860919028,
        0.0026654677657096024,
        0.002622287481126537,
        0.002581777609520313,
        0.002565379138399374
    ],
    "train_mae": [
        0.07936431467533112,
        0.05169595405459404,
        0.04774768278002739,
        0.045940812677145004,
        0.04438263550400734,
        0.04360262677073479,
        0.04300739988684654,
        0.04313352704048157,
        0.04235871508717537,
        0.04242599010467529,
        0.04153655841946602,
        0.04125585779547691,
        0.041002750396728516,
        0.04098397120833397,
        0.04067843779921532,
        0.04035668820142746,
        0.04015575721859932,
        0.0397709421813488,
        0.03949853777885437,
        0.03936990723013878
    ],
    "train_mse": [
        0.01231011189520359,
        0.004396883305162191,
        0.0037842353340238333,
        0.0034903951454907656,
        0.0032968383748084307,
        0.0031639214139431715,
        0.003083076560869813,
        0.0030755794141441584,
        0.002995399758219719,
        0.002980315126478672,
        0.0028645810671150684,
        0.0028150039725005627,
        0.002793900901451707,
        0.002767544472590089,
        0.0027425442822277546,
        0.002689909655600786,
        0.002665467793121934,
        0.0026222874876111746,
        0.0025817775167524815,
        0.0025653792545199394
    ],
    "train_rmse": [
        0.11095094680786133,
        0.06630899757146835,
        0.06151613965630531,
        0.05907956510782242,
        0.0574181005358696,
        0.0562487468123436,
        0.055525459349155426,
        0.05545790493488312,
        0.05473024398088455,
        0.05459226295351982,
        0.0535217821598053,
        0.053056612610816956,
        0.05285736545920372,
        0.0526074580848217,
        0.05236930772662163,
        0.05186433717608452,
        0.05162816867232323,
        0.05120827630162239,
        0.05081119388341904,
        0.05064957216382027
    ],
    "train_r2": [
        0.42132389545440674,
        0.7933104634284973,
        0.8221099376678467,
        0.8359228372573853,
        0.8450216054916382,
        0.8512697815895081,
        0.8550701141357422,
        0.8554225564002991,
        0.8591916561126709,
        0.8599007725715637,
        0.8653411865234375,
        0.8676717281341553,
        0.8686637878417969,
        0.8699027299880981,
        0.8710779547691345,
        0.8735522031784058,
        0.8747011423110962,
        0.8767310380935669,
        0.8786352872848511,
        0.8794061541557312
    ],
    "train_mape": [
        25.973474502563477,
        17.32735252380371,
        16.09983253479004,
        15.445966720581055,
        14.91513729095459,
        14.568071365356445,
        14.459033012390137,
        14.364762306213379,
        14.122700691223145,
        14.060462951660156,
        13.7421236038208,
        13.645526885986328,
        13.605249404907227,
        13.516844749450684,
        13.29393196105957,
        13.301849365234375,
        13.098621368408203,
        13.068005561828613,
        12.835052490234375,
        12.85235595703125
    ],
    "train_smape": [
        22.805444717407227,
        15.116246223449707,
        14.0842866897583,
        13.572892189025879,
        13.135091781616211,
        12.923585891723633,
        12.771028518676758,
        12.78564167022705,
        12.569655418395996,
        12.603605270385742,
        12.318697929382324,
        12.263191223144531,
        12.193276405334473,
        12.194326400756836,
        12.05745792388916,
        11.999002456665039,
        11.882462501525879,
        11.797430038452148,
        11.699671745300293,
        11.64163589477539
    ],
    "train_explained_variance": [
        0.42588716745376587,
        0.7933187484741211,
        0.822110652923584,
        0.8359240293502808,
        0.8450232744216919,
        0.8512709736824036,
        0.8550702929496765,
        0.8554227352142334,
        0.8591916561126709,
        0.8599017262458801,
        0.8653417229652405,
        0.8676720857620239,
        0.8686664700508118,
        0.8699027299880981,
        0.8710780143737793,
        0.8735522031784058,
        0.874701201915741,
        0.8767331838607788,
        0.8786352872848511,
        0.879406213760376
    ],
    "train_peak_error": [
        0.9146405458450317,
        0.4378002882003784,
        0.39350658655166626,
        0.36395734548568726,
        0.34380316734313965,
        0.324851930141449,
        0.32645004987716675,
        0.3294956684112549,
        0.3090181350708008,
        0.2996588945388794,
        0.30267196893692017,
        0.27950865030288696,
        0.28982967138290405,
        0.27887630462646484,
        0.280184805393219,
        0.28446298837661743,
        0.29045790433883667,
        0.2656251788139343,
        0.2700273394584656,
        0.23939883708953857
    ],
    "val_loss": [
        0.004570066765178558,
        0.0037922446010299296,
        0.0034106169027283036,
        0.003359354385174811,
        0.003211930411928099,
        0.0031691341051537036,
        0.0031688689158411976,
        0.003104996028450056,
        0.0031008989938112685,
        0.0029962014161358528,
        0.003223049610270281,
        0.0030117281514936856,
        0.0033012429879402086,
        0.0031746739317267706,
        0.0030911143646381208,
        0.0032712787948548793,
        0.003157165348060804,
        0.00338048967261457,
        0.0033129610464298466,
        0.0030168500831752694
    ],
    "val_mae": [
        0.05382110923528671,
        0.048792991787195206,
        0.046408094465732574,
        0.045861486345529556,
        0.04472486674785614,
        0.044705137610435486,
        0.04468246176838875,
        0.04426804184913635,
        0.044179435819387436,
        0.043533749878406525,
        0.045336801558732986,
        0.04351089149713516,
        0.04582098871469498,
        0.044825229793787,
        0.04441601037979126,
        0.04525343328714371,
        0.0446859635412693,
        0.04629829153418541,
        0.04594609886407852,
        0.04366859421133995
    ],
    "val_mse": [
        0.004570066463202238,
        0.0037922447081655264,
        0.0034106168895959854,
        0.0033593543339520693,
        0.003211930627003312,
        0.0031691340263932943,
        0.0031688690651208162,
        0.003104996168985963,
        0.003100898815318942,
        0.002996201626956463,
        0.0032230496872216463,
        0.003011728171259165,
        0.003301242832094431,
        0.0031746739987283945,
        0.0030911145731806755,
        0.0032712791580706835,
        0.003157165367156267,
        0.0033804895356297493,
        0.00331296119838953,
        0.0030168499797582626
    ],
    "val_rmse": [
        0.06760226935148239,
        0.06158120557665825,
        0.058400485664606094,
        0.05795993655920029,
        0.05667389556765556,
        0.056295063346624374,
        0.056292708963155746,
        0.055722493678331375,
        0.05568571388721466,
        0.05473757162690163,
        0.056771907955408096,
        0.054879214614629745,
        0.05745644122362137,
        0.05634424462914467,
        0.05559779331088066,
        0.05719509720802307,
        0.05618865787982941,
        0.05814197659492493,
        0.0575583279132843,
        0.05492585897445679
    ],