{
    "train_loss": [
        0.01827178142285507,
        0.005267401222381405,
        0.004461982732226915,
        0.004039321028243629,
        0.0037852069598803013,
        0.0036174336700248015,
        0.0034702982538503957,
        0.0033699934396968674,
        0.003283945597455914,
        0.0032441504554202873,
        0.003211912541643912,
        0.003131638274026786,
        0.0031222375394365518,
        0.0031019757207131917,
        0.003074235299719839,
        0.0030341175191245036,
        0.003019987953699665,
        0.0029668533872677506,
        0.0030069445488412378,
        0.0029548033138348862,
        0.002940909234271618,
        0.0029453961765359316,
        0.0029214291353102796,
        0.0028971828094402014,
        0.0028971857393441497,
        0.0028796995483158336,
        0.0028986556722970873,
        0.0028787756468997817,
        0.00287259883382475,
        0.0028628253692077016,
        0.002860580317559022,
        0.002805932190041787,
        0.0028160320855524926,
        0.0028006158320994018
    ],
    "train_mae": [
        0.09595312923192978,
        0.05685865879058838,
        0.05218402296304703,
        0.04950696602463722,
        0.04772946238517761,
        0.046712227165699005,
        0.04558366537094116,
        0.04496904835104942,
        0.044373754411935806,
        0.044222958385944366,
        0.04391605406999588,
        0.04332565888762474,
        0.0432124026119709,
        0.0431181862950325,
        0.04298323020339012,
        0.042497195303440094,
        0.042485348880290985,
        0.04205573350191116,
        0.04243335500359535,
        0.04202708601951599,
        0.04183804243803024,
        0.04204140976071358,
        0.04175025224685669,
        0.04159246385097504,
        0.041547976434230804,
        0.041550423949956894,
        0.041617605835199356,
        0.04159422218799591,
        0.041484102606773376,
        0.04140051454305649,
        0.041468698531389236,
        0.04094506800174713,
        0.041102517396211624,
        0.041053399443626404
    ],
    "train_mse": [
        0.018271781504154205,
        0.005267401225864887,
        0.004461982753127813,
        0.004039321094751358,
        0.003785206936299801,
        0.003617433365434408,
        0.003470298135653138,
        0.003369993530213833,
        0.003283945843577385,
        0.0032441504299640656,
        0.0032119122333824635,
        0.0031316380482167006,
        0.0031222377438098192,
        0.003101975889876485,
        0.0030742352828383446,
        0.0030341176316142082,
        0.003019987838342786,
        0.0029668533243238926,
        0.0030069444328546524,
        0.0029548034071922302,
        0.0029409092385321856,
        0.0029453961178660393,
        0.002921429229900241,
        0.0028971827123314142,
        0.0028971859719604254,
        0.0028796992264688015,
        0.0028986555989831686,
        0.0028787758201360703,
        0.0028725990559905767,
        0.0028628252912312746,
        0.0028605801053345203,
        0.002805932192131877,
        0.002816032152622938,
        0.0028006157372146845
    ],
    "train_rmse": [
        0.13517315685749054,
        0.0725768655538559,
        0.06679807603359222,
        0.06355565041303635,
        0.06152403727173805,
        0.06014510244131088,
        0.05890923738479614,
        0.05805164575576782,
        0.057305723428726196,
        0.056957442313432693,
        0.05667373538017273,
        0.055961038917303085,
        0.05587698891758919,
        0.05569538474082947,
        0.05544578656554222,
        0.05508282408118248,
        0.054954417049884796,
        0.054468829184770584,
        0.05483561381697655,
        0.0543581023812294,
        0.05423014983534813,
        0.054271504282951355,
        0.054050248116254807,
        0.05382548272609711,
        0.053825512528419495,
        0.05366282910108566,
        0.05383916571736336,
        0.053654223680496216,
        0.05359663441777229,
        0.05350537598133087,
        0.053484391421079636,
        0.05297105014324188,
        0.05306629836559296,
        0.05292084440588951
    ],
    "train_r2": [
        0.14107656478881836,
        0.7523890137672424,
        0.7902502417564392,
        0.8101187944412231,
        0.8220642805099487,
        0.8299509882926941,
        0.8368675708770752,
        0.841582715511322,
        0.8456276655197144,
        0.84749835729599,
        0.8490138053894043,
        0.8527873754501343,
        0.8532292246818542,
        0.854181706905365,
        0.8554857969284058,
        0.8573716282844543,
        0.8580358028411865,
        0.860533595085144,
        0.858648955821991,
        0.8611000180244446,
        0.8617531657218933,
        0.8615422248840332,
        0.8626688718795776,
        0.8638086915016174,
        0.8638085126876831,
        0.8646305203437805,
        0.8637394309043884,
        0.8646739721298218,
        0.8649643063545227,
        0.8654237389564514,
        0.8655292987823486,
        0.8680981993675232,
        0.8676234483718872,
        0.8683481216430664
    ],
    "train_mape": [
        30.100116729736328,
        18.90873908996582,
        17.439395904541016,
        16.63002586364746,
        16.0177059173584,
        15.752549171447754,
        15.411019325256348,
        15.113263130187988,
        14.942344665527344,
        14.870469093322754,
        14.72934627532959,
        14.50657844543457,
        14.46474838256836,
        14.423897743225098,
        14.330363273620605,
        14.210989952087402,
        14.178302764892578,
        14.065397262573242,
        14.080163955688477,
        13.98287582397461,
        13.93116569519043,
        13.92643928527832,
        13.871528625488281,
        13.812884330749512,
        13.804123878479004,
        13.768967628479004,
        13.813222885131836,
        13.71178150177002,
        13.692755699157715,
        13.64635944366455,
        13.655218124389648,
        13.474313735961914,
        13.554267883300781,
        13.567214012145996
    ],
    "train_smape": [
        30.104116439819336,
        16.42090606689453,
        15.253339767456055,
        14.565126419067383,
        14.07889461517334,
        13.816065788269043,
        13.512043952941895,
        13.327442169189453,
        13.158210754394531,
        13.083638191223145,
        12.999192237854004,
        12.833462715148926,
        12.80045223236084,
        12.761075973510742,
        12.721424102783203,
        12.577095985412598,
        12.586082458496094,
        12.468134880065918,
        12.564842224121094,
        12.456324577331543,
        12.39620590209961,
        12.451750755310059,
        12.364890098571777,
        12.313251495361328,
        12.290452003479004,
        12.286672592163086,
        12.32499885559082,
        12.278014183044434,
        12.252118110656738,
        12.225152969360352,
        12.265482902526855,
        12.09756088256836,
        12.168322563171387,
        12.143566131591797
    ],