{
    "train_loss": [
        0.00976250346975965,
        0.005014767726412325,
        0.004897386337644277,
        0.004536014560816707,
        0.004777756329095927,
        0.004638026910750947,
        0.004431729076278214,
        0.004590461577187732,
        0.004442534731712378,
        0.0044770558293519115,
        0.0044395577462941205,
        0.004330540906789251,
        0.004221122292860689,
        0.004292426889195064,
        0.004463799517108253,
        0.004267489413263156,
        0.004000906301419018,
        0.003928626689424084,
        0.003924306147608686,
        0.003991644806467062
    ],
    "train_mae": [
        0.06863868236541748,
        0.05510760471224785,
        0.054823197424411774,
        0.05277930945158005,
        0.054235585033893585,
        0.05345143377780914,
        0.05201275646686554,
        0.0530928298830986,
        0.05198207125067711,
        0.05229170620441437,
        0.052012331783771515,
        0.05158507823944092,
        0.05067213997244835,
        0.05113501474261284,
        0.0519874133169651,
        0.051072172820568085,
        0.04902700334787369,
        0.048763711005449295,
        0.04870690777897835,
        0.04906082898378372
    ],
    "train_mse": [
        0.009762503206729889,
        0.005014767870306969,
        0.00489738630130887,
        0.004536014515906572,
        0.004777756053954363,
        0.004638026934117079,
        0.004431729204952717,
        0.0045904614962637424,
        0.004442534875124693,
        0.0044770557433366776,
        0.004439557436853647,
        0.004330541007220745,
        0.004221122711896896,
        0.004292426630854607,
        0.004463799763470888,
        0.004267489537596703,
        0.004000906366854906,
        0.003928626887500286,
        0.003924306482076645,
        0.0039916448295116425
    ],
    "train_rmse": [
        0.09880538284778595,
        0.07081502676010132,
        0.06998132914304733,
        0.06734994053840637,
        0.06912131607532501,
        0.06810306012630463,
        0.06657123565673828,
        0.06775294244289398,
        0.0666523426771164,
        0.06691080331802368,
        0.06663000583648682,
        0.06580684334039688,
        0.06497016549110413,
        0.06551661342382431,
        0.06681167334318161,
        0.065326027572155,
        0.06325271725654602,
        0.062678761780262,
        0.06264428794384003,
        0.06317946314811707
    ],
    "train_r2": [
        0.5410823822021484,
        0.7642648220062256,
        0.7697827219963074,
        0.7867701649665833,
        0.7754063010215759,
        0.781974732875824,
        0.79167240858078,
        0.7842106819152832,
        0.7911644577980042,
        0.7895417213439941,
        0.7913044095039368,
        0.7964290976524353,
        0.8015726804733276,
        0.7982207536697388,
        0.7901648283004761,
        0.7993930578231812,
        0.8119246363639832,
        0.8153223991394043,
        0.815525472164154,
        0.8123599886894226
    ],
    "train_mape": [
        22.73368263244629,
        18.37734031677246,
        18.345434188842773,
        17.82205581665039,
        18.219615936279297,
        18.006587982177734,
        17.792078018188477,
        17.994876861572266,
        17.924835205078125,
        17.90382194519043,
        17.99229621887207,
        17.598569869995117,
        17.543920516967773,
        17.661447525024414,
        17.926029205322266,
        17.707441329956055,
        16.8255558013916,
        16.60671043395996,
        16.638282775878906,
        16.785457611083984
    ],
    "train_smape": [
        20.01785659790039,
        15.925865173339844,
        15.869114875793457,
        15.384552001953125,
        15.737446784973145,
        15.52001667022705,
        15.267111778259277,
        15.49362564086914,
        15.328977584838867,
        15.365135192871094,
        15.335020065307617,
        15.223923683166504,
        15.025623321533203,
        15.10821533203125,
        15.349522590637207,
        15.1661376953125,
        14.551554679870605,
        14.405006408691406,
        14.463408470153809,
        14.521198272705078
    ],
    "train_explained_variance": [
        0.5414444804191589,
        0.7642801403999329,
        0.7697855234146118,
        0.7867734432220459,
        0.7754179239273071,
        0.7819753885269165,
        0.7916726469993591,
        0.7842132449150085,
        0.7911646366119385,
        0.7895421385765076,
        0.7913047075271606,
        0.7964335680007935,
        0.8015775084495544,
        0.7982223629951477,
        0.7901661396026611,
        0.7993931770324707,
        0.8119248151779175,
        0.8153223991394043,
        0.815526008605957,
        0.8123600482940674
    ],
    "train_peak_error": [
        0.9073481559753418,
        0.39030951261520386,
        0.40162134170532227,
        0.33837366104125977,
        0.4239838123321533,
        0.35494792461395264,
        0.3764626979827881,
        0.39961719512939453,
        0.34681767225265503,
        0.36797016859054565,
        0.3308480978012085,
        0.3399169445037842,
        0.3651277422904968,
        0.43757617473602295,
        0.38097476959228516,
        0.3607192635536194,
        0.345645010471344,
        0.34796231985092163,
        0.3691394329071045,
        0.3463345170021057
    ],
    "val_loss": [
        0.004473799080420419,
        0.00406298435413741,
        0.00368391161466272,
        0.0052264066793614155,
        0.0034705845438104737,
        0.0036296196914405274,
        0.003717627167942927,
        0.005019979542456299,
        0.004589038204884143,
        0.003866322679217342,
        0.0043139921440977416,
        0.003902251148033592,
        0.003917508430162565,
        0.004765066673925562,
        0.0038464946581868173,
        0.00358262252675624,
        0.0035533028165642307,
        0.0041754312192846975,
        0.0036307160076584745,
        0.003811592965674915
    ],
    "val_mae": [
        0.05286909267306328,
        0.05038287490606308,
        0.048186589032411575,
        0.05724687501788139,
        0.046988338232040405,
        0.04777766764163971,
        0.04788317158818245,
        0.0557781420648098,
        0.05255316570401192,
        0.0486111044883728,
        0.05197858810424805,
        0.049343857914209366,
        0.04863912612199783,
        0.055440399795770645,
        0.048445925116539,
        0.046380773186683655,
        0.046735361218452454,
        0.050514865666627884,
        0.04685446619987488,
        0.04883500933647156
    ],
    "val_mse": [
        0.004473798908293247,
        0.004062984138727188,
        0.0036839116364717484,
        0.005226406268775463,
        0.003470584750175476,
        0.0036296197213232517,
        0.0037176271434873343,
        0.00501997908577323,
        0.00458903843536973,
        0.003866322571411729,
        0.004313991870731115,
        0.003902251133695245,
        0.0039175087586045265,
        0.00476506631821394,
        0.0038464944809675217,
        0.0035826226230710745,
        0.00355330272577703,
        0.004175431095063686,
        0.003630716120824218,
        0.0038115927018225193
    ],
    "val_rmse": [
        0.06688646227121353,
        0.0637415423989296,
        0.060695234686136246,
        0.07229388505220413,
        0.05891166999936104,
        0.06024632602930069,
        0.06097234785556793,
        0.07085181027650833,
        0.06774244457483292,
        0.06217975914478302,
        0.06568098813295364,
        0.06246799975633621,
        0.06259000301361084,
        0.06902945786714554,
        0.062020111829042435,
        0.05985501408576965,
        0.059609584510326385,
        0.0646175742149353,
        0.060255423188209534,
        0.06173809617757797
    ],