{
    "train_loss": [
        0.038146765147955244,
        0.004774284359931154,
        0.004193691567251251,
        0.003938323913983159,
        0.0038884814280602,
        0.00394622409605956,
        0.0039102893989069725,
        0.003891410999952296,
        0.003828545254313801,
        0.004007123751600756,
        0.00401335892973654,
        0.003849502420186866,
        0.003949933936976995,
        0.0039320772051301455
    ],
    "train_mae": [
        0.08226735889911652,
        0.054211750626564026,
        0.050723928958177567,
        0.04889882728457451,
        0.04873151704668999,
        0.04889557138085365,
        0.04867837578058243,
        0.04860203340649605,
        0.04806002974510193,
        0.049388375133275986,
        0.049310263246297836,
        0.048381656408309937,
        0.048940256237983704,
        0.04879490286111832
    ],
    "train_mse": [
        0.03814676031470299,
        0.004774284549057484,
        0.004193691536784172,
        0.003938323352485895,
        0.0038884812965989113,
        0.003946224227547646,
        0.003910289611667395,
        0.003891411004588008,
        0.0038285451009869576,
        0.004007124342024326,
        0.00401335908100009,
        0.003849502420052886,
        0.003949934151023626,
        0.0039320774376392365
    ],
    "train_rmse": [
        0.19531196355819702,
        0.06909620016813278,
        0.06475871801376343,
        0.06275606155395508,
        0.062357690185308456,
        0.0628189817070961,
        0.06253230571746826,
        0.06238117441534996,
        0.06187523901462555,
        0.06330185383558273,
        0.06335107982158661,
        0.06204435974359512,
        0.06284850090742111,
        0.06270627677440643
    ],
    "train_r2": [
        -0.7932103872299194,
        0.775569498538971,
        0.8028621077537537,
        0.8148665428161621,
        0.8172095417976379,
        0.8144950866699219,
        0.8161843419075012,
        0.817071795463562,
        0.8200269937515259,
        0.8116323351860046,
        0.811339259147644,
        0.8190418481826782,
        0.8143207430839539,
        0.8151601552963257
    ],
    "train_mape": [
        26.414785385131836,
        18.10396385192871,
        17.04467010498047,
        16.320571899414062,
        16.29393196105957,
        16.329965591430664,
        16.1807918548584,
        16.33102798461914,
        16.011568069458008,
        16.551225662231445,
        16.33540153503418,
        16.22709846496582,
        16.336711883544922,
        16.30292320251465
    ],
    "train_smape": [
        21.634601593017578,
        15.737293243408203,
        14.905256271362305,
        14.335010528564453,
        14.317083358764648,
        14.341730117797852,
        14.25499153137207,
        14.316320419311523,
        14.098785400390625,
        14.481365203857422,
        14.437365531921387,
        14.26872444152832,
        14.323873519897461,
        14.317218780517578
    ],
    "train_explained_variance": [
        -0.790929913520813,
        0.7755752801895142,
        0.8028624057769775,
        0.8148675560951233,
        0.8172164559364319,
        0.8144959211349487,
        0.8161923289299011,
        0.8170719146728516,
        0.8200370073318481,
        0.8116335868835449,
        0.811347246170044,
        0.8190439939498901,
        0.814320981502533,
        0.8151645064353943
    ],
    "train_peak_error": [
        3.9279706478118896,
        0.36184072494506836,
        0.41700512170791626,
        0.3733499050140381,
        0.3101702332496643,
        0.3798733949661255,
        0.34464889764785767,
        0.352495014667511,
        0.3217771053314209,
        0.371467649936676,
        0.36973464488983154,
        0.3551762104034424,
        0.34211617708206177,
        0.3570404052734375
    ],
    "val_loss": [
        0.0038526058536049704,
        0.0038035619356702986,
        0.004335545757651436,
        0.0032781697681723097,
        0.003292392099932801,
        0.003660233820982867,
        0.0032815737764203667,
        0.003673684867567939,
        0.003756226515665436,
        0.0035848613453546554,
        0.0038891237231286364,
        0.0038581086644943027,
        0.0034833987924712544,
        0.003552650165000408
    ],
    "val_mae": [
        0.048952486366033554,
        0.048971544951200485,
        0.05210036784410477,
        0.04546260088682175,
        0.04539107903838158,
        0.04746497794985771,
        0.04528389871120453,
        0.04813546687364578,
        0.04879108816385269,
        0.04771788418292999,
        0.049971334636211395,
        0.049111686646938324,
        0.04693504422903061,
        0.04741790518164635
    ],
    "val_mse": [
        0.003852606052532792,
        0.0038035616744309664,
        0.004335545469075441,
        0.0032781700138002634,
        0.0032923922408372164,
        0.003660233924165368,
        0.0032815737649798393,
        0.0036736850161105394,
        0.0037562265060842037,
        0.0035848612897098064,
        0.003889123909175396,
        0.003858108539134264,
        0.0034833988174796104,
        0.003552650101482868
    ],
    "val_rmse": [
        0.0620693638920784,
        0.06167302280664444,
        0.06584485620260239,
        0.05725530534982681,
        0.05737937241792679,
        0.06049986556172371,
        0.05728502199053764,
        0.06061093136668205,
        0.06128806248307228,
        0.059873711317777634,
        0.06236284226179123,
        0.062113672494888306,
        0.05902032554149628,
        0.059604112058877945
    ],
    "val_r2": [
        0.7318865060806274,
        0.7352996468544006,
        0.6982774138450623,
        0.7718631029129028,
        0.7708733677864075,
        0.7452742457389832,
        0.7716262340545654,
        0.7443381547927856,
        0.7385938167572021,
        0.7505196332931519,
        0.7293451428413391,
        0.7315036058425903,
        0.7575806975364685,
        0.7527613043785095
    ],
    "val_mape": [
        25.291824340820312,
        27.70467185974121,
        25.546350479125977,
        21.58172607421875,
        23.5554256439209,
        24.669824600219727,
        24.461742401123047,
        22.071205139160156,
        26.96588897705078,
        24.911190032958984,
        26.874128341674805,
        24.920486450195312,
        22.598379135131836,
        23.643434524536133
    ],
    "val_smape": [
        19.093212127685547,
        19.454692840576172,
        19.671709060668945,
        17.946090698242188,
        17.962718963623047,
        18.624713897705078,
        18.025333404541016,
        19.21350860595703,
        19.238290786743164,
        18.65925407409668,
        19.59901237487793,
        18.952455520629883,
        18.314104080200195,
        18.444326400756836
    ],
    "val_explained_variance": [
        0.7320066690444946,
        0.7739428877830505,
        0.7351614236831665,
        0.7742154598236084,
        0.7776116132736206,
        0.7534060478210449,
        0.775875985622406,
        0.7584385275840759,
        0.7878639698028564,
        0.7539665102958679,
        0.7423454523086548,
        0.7635998129844666,
        0.7588418126106262,
        0.7527658343315125
    ],
    "val_peak_error": [
        0.23345470428466797,
        0.20418673753738403,
        0.23979029059410095,
        0.2022673785686493,
        0.20570355653762817,
        0.2291792631149292,
        0.23113352060317993,
        0.22828811407089233,
        0.1863863170146942,
        0.27343255281448364,
        0.2623767852783203,
        0.19483894109725952,
        0.24221199750900269,
        0.2689158022403717
    ],
    "lr": [
        0.01,
        0.01,
        0.01,
        0.01,
        0.01,
        0.01,
        0.01,
        0.01,
        0.01,
        0.01,
        0.01,
        0.01,
        0.01,
        0.01
    ]
}