{
    "train_loss": [
        0.011648874282110207,
        0.003971962074211429,
        0.0036429148032453775,
        0.003377211844089406,
        0.0032837455789443367,
        0.0032625326004433663,
        0.003106111880407485,
        0.003055485443658835,
        0.002990723830666095,
        0.002927429625302097,
        0.0029438568794381077,
        0.002873298445615104,
        0.0027970165108964114,
        0.00278289211364732,
        0.002758721671809857,
        0.0027136728926665204,
        0.0026542538984823706,
        0.002647857604555731,
        0.0025679898334244567,
        0.0025070230126736127,
        0.002499223654679864,
        0.0024723591502851918,
        0.0024213380640547774,
        0.0024178686820192264,
        0.0023699568520974385,
        0.0021300528849945515,
        0.0021087768400170057,
        0.0021013852409501386,
        0.0020952108256502336
    ],
    "train_mae": [
        0.07388927042484283,
        0.0490264892578125,
        0.04703613743185997,
        0.04493481665849686,
        0.04434521496295929,
        0.044322673231363297,
        0.043180108070373535,
        0.042984139174222946,
        0.042287182062864304,
        0.041927412152290344,
        0.04211093485355377,
        0.041476938873529434,
        0.04097793251276016,
        0.040704552084207535,
        0.04072805494070053,
        0.04060100391507149,
        0.0399925522506237,
        0.039994288235902786,
        0.03932477906346321,
        0.03878609091043472,
        0.038957126438617706,
        0.03859563544392586,
        0.038353338837623596,
        0.03815467655658722,
        0.03780028969049454,
        0.035651229321956635,
        0.03549738600850105,
        0.035431716591119766,
        0.03544596955180168
    ],
    "train_mse": [
        0.01164887472987175,
        0.003971962258219719,
        0.0036429150495678186,
        0.00337721174582839,
        0.0032837458420544863,
        0.003262532642111182,
        0.003106111893430352,
        0.0030554854311048985,
        0.002990724053233862,
        0.0029274297412484884,
        0.002943857107311487,
        0.002873298479244113,
        0.0027970164082944393,
        0.0027828922029584646,
        0.002758721588179469,
        0.0027136728167533875,
        0.0026542539708316326,
        0.0026478576473891735,
        0.0025679897516965866,
        0.002507022814825177,
        0.00249922345392406,
        0.002472358988597989,
        0.0024213381111621857,
        0.0024178687017410994,
        0.002369956811890006,
        0.002130052773281932,
        0.002108776941895485,
        0.002101385500282049,
        0.0020952108316123486
    ],
    "train_rmse": [
        0.10792995244264603,
        0.06302350759506226,
        0.060356564819812775,
        0.05811378359794617,
        0.05730397626757622,
        0.05711858347058296,
        0.05573250353336334,
        0.05527644604444504,
        0.054687511175870895,
        0.0541057288646698,
        0.05425732210278511,
        0.0536031574010849,
        0.05288682505488396,
        0.05275312438607216,
        0.05252353474497795,
        0.05209292471408844,
        0.05151945352554321,
        0.05145733803510666,
        0.05067533627152443,
        0.050070177763700485,
        0.04999223351478577,
        0.049722820520401,
        0.04920709505677223,
        0.04917182773351669,
        0.04868220165371895,
        0.046152494847774506,
        0.04592142254114151,
        0.04584087058901787,
        0.045773472636938095
    ],
    "train_r2": [
        0.45240747928619385,
        0.813285231590271,
        0.8287531137466431,
        0.8412433862686157,
        0.8456370234489441,
        0.8466342687606812,
        0.8539873361587524,
        0.8563671112060547,
        0.8594114780426025,
        0.8623868227005005,
        0.8616145849227905,
        0.8649314045906067,
        0.868517279624939,
        0.8691812753677368,
        0.8703174591064453,
        0.8724351525306702,
        0.8752283453941345,
        0.8755289912223816,
        0.8792834281921387,
        0.8821493983268738,
        0.8825160264968872,
        0.8837788701057434,
        0.8861773014068604,
        0.8863403797149658,
        0.8885926008224487,
        0.8998700380325317,
        0.9008702039718628,
        0.9012176394462585,
        0.9015079140663147
    ],
    "train_mape": [
        24.133447647094727,
        16.474332809448242,
        15.764798164367676,
        15.106063842773438,
        14.851835250854492,
        14.725438117980957,
        14.374421119689941,
        14.216353416442871,
        14.046235084533691,
        13.820828437805176,
        13.766947746276855,
        13.650146484375,
        13.41080379486084,
        13.328056335449219,
        13.222993850708008,
        13.237208366394043,
        13.02056884765625,
        12.928088188171387,
        12.680437088012695,
        12.487338066101074,
        12.451714515686035,
        12.384910583496094,
        12.246732711791992,
        12.21994400024414,
        12.022026062011719,
        11.405667304992676,
        11.280753135681152,
        11.313672065734863,
        11.286684036254883
    ],
    "train_smape": [
        21.90924072265625,
        14.38906478881836,
        13.84736442565918,
        13.275238990783691,
        13.085058212280273,
        13.091913223266602,
        12.723837852478027,
        12.663908004760742,
        12.491839408874512,
        12.365612983703613,
        12.4174222946167,
        12.277337074279785,
        12.097929000854492,
        12.000863075256348,
        12.012067794799805,
        11.978581428527832,
        11.814913749694824,
        11.79163932800293,
        11.607165336608887,
        11.426169395446777,
        11.461380004882812,
        11.395833015441895,
        11.289977073669434,
        11.248393058776855,
        11.105887413024902,
        10.486881256103516,
        10.43801212310791,
        10.427297592163086,
        10.42945671081543
    ],
    "train_explained_variance": [
        0.4562966227531433,
        0.8132855296134949,
        0.8287535905838013,
        0.8412435054779053,
        0.8456406593322754,
        0.8466349840164185,
        0.8539873361587524,
        0.8563675880432129,
        0.8594118356704712,
        0.8623883724212646,
        0.8616149425506592,
        0.864931583404541,
        0.8685173988342285,
        0.8691813945770264,
        0.8703221678733826,
        0.8724356889724731,
        0.8752284646034241,
        0.8755307197570801,
        0.8792842030525208,
        0.8821494579315186,
        0.8825165629386902,
        0.8837792873382568,
        0.8861773014068604,
        0.8863417506217957,
        0.8885929584503174,
        0.8998700976371765,
        0.9008705615997314,
        0.9012176990509033,
        0.9015079736709595
    ],
    "train_peak_error": [
        0.7315526604652405,
        0.3883073925971985,
        0.3837774991989136,
        0.35302263498306274,
        0.32533955574035645,
        0.3373106122016907,
        0.29794830083847046,
        0.30603694915771484,
        0.3053991198539734,
        0.27941983938217163,
        0.2803564667701721,
        0.28362512588500977,
        0.2920535206794739,
        0.305500864982605,
        0.2752748131752014,
        0.27296292781829834,
        0.2664563059806824,
        0.2735964059829712,
        0.2703514099121094,
        0.3159170150756836,
        0.24683701992034912,
        0.2620044946670532,
        0.25551551580429077,
        0.27526968717575073,
        0.26104313135147095,
        0.225730299949646,
        0.22830086946487427,
        0.24073228240013123,
        0.2302640676498413
    ],