{
    "train_loss": [
        0.009414513139789462,
        0.0035851805993057945,
        0.0032701791023595664,
        0.003188010251922547,
        0.003003218127201288,
        0.0029001635436622674,
        0.0028886654086414,
        0.0027653053026416574,
        0.00274925223712038,
        0.002663346233651546,
        0.0026065900182572913,
        0.0024870041942607413,
        0.0024329504693624345,
        0.002271986889067897,
        0.0018972214824505152,
        0.0018356252720092676,
        0.001818772840339016,
        0.0018039902734793898
    ],
    "train_mae": [
        0.06686241179704666,
        0.04652571678161621,
        0.0444147102534771,
        0.04393327981233597,
        0.042420897632837296,
        0.04172823205590248,
        0.041810255497694016,
        0.040942177176475525,
        0.04070214182138443,
        0.04024330526590347,
        0.039695654064416885,
        0.038865525275468826,
        0.03835127130150795,
        0.03686373308300972,
        0.03365279734134674,
        0.03303959220647812,
        0.032853975892066956,
        0.03279254585504532
    ],
    "train_mse": [
        0.009414512664079666,
        0.003585180500522256,
        0.003270179033279419,
        0.003188010537996888,
        0.003003218211233616,
        0.0029001636430621147,
        0.002888665534555912,
        0.002765305107459426,
        0.0027492523659020662,
        0.00266334624029696,
        0.0026065900456160307,
        0.002487004268914461,
        0.0024329503066837788,
        0.0022719870321452618,
        0.0018972214311361313,
        0.0018356252694502473,
        0.0018187728710472584,
        0.0018039901042357087
    ],
    "train_rmse": [
        0.09702841192483902,
        0.05987637862563133,
        0.05718547850847244,
        0.056462470442056656,
        0.05480162426829338,
        0.053853169083595276,
        0.0537463054060936,
        0.05258616805076599,
        0.0524333119392395,
        0.05160761624574661,
        0.05105477571487427,
        0.04986987262964249,
        0.049324944615364075,
        0.04766536504030228,
        0.04355710372328758,
        0.042844198644161224,
        0.04264707490801811,
        0.042473405599594116
    ],
    "train_r2": [
        0.5574407577514648,
        0.8314671516418457,
        0.8462747931480408,
        0.8501373529434204,
        0.8588241338729858,
        0.8636685609817505,
        0.8642090559005737,
        0.8700079917907715,
        0.8707625865936279,
        0.8748009204864502,
        0.8774688839912415,
        0.8830904364585876,
        0.8856313824653625,
        0.8931980133056641,
        0.9108150601387024,
        0.9137105941772461,
        0.9145027995109558,
        0.9151976704597473
    ],
    "train_mape": [
        21.87393569946289,
        15.537558555603027,
        14.686285018920898,
        14.577839851379395,
        13.97140884399414,
        13.730694770812988,
        13.6477632522583,
        13.27199935913086,
        13.311497688293457,
        13.038973808288574,
        12.831978797912598,
        12.63711929321289,
        12.232053756713867,
        11.779878616333008,
        10.756197929382324,
        10.495585441589355,
        10.429561614990234,
        10.38603687286377
    ],
    "train_smape": [
        19.65480613708496,
        13.681563377380371,
        13.12677001953125,
        12.999852180480957,
        12.582795143127441,
        12.367109298706055,
        12.378070831298828,
        12.087794303894043,
        12.013630867004395,
        11.908805847167969,
        11.7441987991333,
        11.528225898742676,
        11.267992973327637,
        10.85873794555664,
        9.891595840454102,
        9.704522132873535,
        9.66289234161377,
        9.633148193359375
    ],
    "train_explained_variance": [
        0.5585893392562866,
        0.8314671516418457,
        0.846276581287384,
        0.8501390218734741,
        0.8588241934776306,
        0.8636698722839355,
        0.8642102479934692,
        0.8700122833251953,
        0.8707626461982727,
        0.8748049139976501,
        0.877469539642334,
        0.8830912113189697,
        0.8856371641159058,
        0.8931981325149536,
        0.9108153581619263,
        0.9137105941772461,
        0.9145027995109558,
        0.9151978492736816
    ],
    "train_peak_error": [
        0.7404483556747437,
        0.3414542078971863,
        0.2910800576210022,
        0.30143022537231445,
        0.3193246126174927,
        0.31548863649368286,
        0.2963845729827881,
        0.26404350996017456,
        0.2790057063102722,
        0.2762566804885864,
        0.2635250687599182,
        0.26059478521347046,
        0.2528344392776489,
        0.26418519020080566,
        0.227461576461792,
        0.23443791270256042,
        0.2302764654159546,
        0.22438013553619385
    ],
    "val_loss": [
        0.003180519865403662,
        0.0032778450913003667,
        0.0029712129530007785,
        0.003170060501768917,
        0.003212517172151761,
        0.0032557508420105355,
        0.004127074030475865,
        0.003211000996119202,
        0.003574908360999694,
        0.0035787939029685457,
        0.0033646899939467796,
        0.003403216157838863,
        0.003438948867172539,
        0.003545639627217818,
        0.0034078179081071087,
        0.003370950342249795,
        0.003391583332885727,
        0.0034604729429932595
    ],
    "val_mae": [
        0.04458537697792053,
        0.04500576853752136,
        0.0431065633893013,
        0.04491638019680977,
        0.04535900056362152,
        0.04564369097352028,
        0.05029512941837311,
        0.044985394924879074,
        0.04717202112078667,
        0.04759232699871063,
        0.04633553698658943,
        0.046682391315698624,
        0.046711500734090805,
        0.04807257279753685,
        0.046876948326826096,
        0.04652846232056618,
        0.04650835692882538,
        0.047046855092048645
    ],
    "val_mse": [
        0.003180519677698612,
        0.0032778449822217226,
        0.0029712128452956676,
        0.0031700606923550367,
        0.00321251736022532,
        0.0032557507511228323,
        0.004127074033021927,
        0.003211000934243202,
        0.003574908245354891,
        0.0035787939559668303,
        0.0033646903466433287,
        0.003403216367587447,
        0.003438948653638363,
        0.00354563957080245,
        0.0034078177995979786,
        0.0033709502313286066,
        0.003391583450138569,
        0.0034604729153215885
    ],
    "val_rmse": [
        0.05639609694480896,
        0.057252466678619385,
        0.05450883135199547,
        0.05630329251289368,
        0.056679073721170425,
        0.057059187442064285,
        0.06424231082201004,
        0.05666569620370865,
        0.059790536761283875,
        0.05982302129268646,
        0.05800595134496689,
        0.05833709239959717,
        0.05864255130290985,
        0.05954527482390404,
        0.05837651714682579,
        0.05805988609790802,
        0.05823730304837227,
        0.05882578343153
    ],
    "val_r2": [
        0.7786588668823242,
        0.7718857526779175,
        0.793225109577179,
        0.7793867588043213,
        0.7764320373535156,
        0.7734233140945435,
        0.712785542011261,
        0.7765375971794128,
        0.7512122988700867,
        0.7509418725967407,
        0.7658419013023376,
        0.7631608247756958,
        0.7606740593910217,
        0.7532491683959961,
        0.7628405690193176,
        0.7654062509536743,
        0.7639703750610352,
        0.7591761350631714
    ],