{
    "train_loss": [
        0.016538729354563835,
        0.004745678444116337,
        0.004479416432713393,
        0.004607437687107858,
        0.004232757780342927,
        0.004350533609731138,
        0.0044051085184553885,
        0.00418022148499139,
        0.00434584038212916,
        0.004256790186755384,
        0.004151178751570534,
        0.004466397193620522,
        0.004211801659059226,
        0.004377943178406655
    ],
    "train_mae": [
        0.07332242280244827,
        0.0539194755256176,
        0.052528657019138336,
        0.05330279842019081,
        0.050730008631944656,
        0.05162016674876213,
        0.05183688551187515,
        0.05039844661951065,
        0.05177458003163338,
        0.050868723541498184,
        0.05012696981430054,
        0.05220124125480652,
        0.050774186849594116,
        0.05172384902834892
    ],
    "train_mse": [
        0.01653873175382614,
        0.004745678510516882,
        0.0044794161804020405,
        0.004607437644153833,
        0.004232758190482855,
        0.0043505337089300156,
        0.004405108746141195,
        0.004180221352726221,
        0.004345840308815241,
        0.00425679050385952,
        0.004151178523898125,
        0.004466397222131491,
        0.004211802035570145,
        0.004377942997962236
    ],
    "train_rmse": [
        0.128602996468544,
        0.06888888776302338,
        0.0669284388422966,
        0.0678781121969223,
        0.06505965441465378,
        0.06595857441425323,
        0.06637099385261536,
        0.0646546334028244,
        0.06592299044132233,
        0.06524408608675003,
        0.0644296407699585,
        0.06683111190795898,
        0.06489840149879456,
        0.06616602838039398
    ],
    "train_r2": [
        0.2225441336631775,
        0.7769142389297485,
        0.7894307374954224,
        0.7834126353263855,
        0.8010256886482239,
        0.7954892516136169,
        0.7929238080978394,
        0.8034953474998474,
        0.7957099080085754,
        0.7998960018157959,
        0.8048605918884277,
        0.7900427579879761,
        0.8020107746124268,
        0.7942007780075073
    ],
    "train_mape": [
        23.290443420410156,
        17.852798461914062,
        17.490488052368164,
        17.691139221191406,
        17.248973846435547,
        17.549198150634766,
        17.721446990966797,
        17.154497146606445,
        17.68393325805664,
        17.448938369750977,
        17.232276916503906,
        17.838455200195312,
        17.36795997619629,
        17.731155395507812
    ],
    "train_smape": [
        20.21512794494629,
        15.611836433410645,
        15.35535717010498,
        15.475628852844238,
        14.911371231079102,
        15.141921043395996,
        15.189769744873047,
        14.830854415893555,
        15.250112533569336,
        14.966485023498535,
        14.804082870483398,
        15.310528755187988,
        14.978167533874512,
        15.22490406036377
    ],
    "train_explained_variance": [
        0.22261488437652588,
        0.7769180536270142,
        0.7894560098648071,
        0.7834280729293823,
        0.8010317087173462,
        0.7954930067062378,
        0.7929250597953796,
        0.8034953474998474,
        0.7957141399383545,
        0.7998970150947571,
        0.8048605918884277,
        0.7900428175926208,
        0.80201256275177,
        0.7942012548446655
    ],
    "train_peak_error": [
        2.1613688468933105,
        0.39633554220199585,
        0.39013463258743286,
        0.41863203048706055,
        0.3785833716392517,
        0.3492186665534973,
        0.37799692153930664,
        0.3545536994934082,
        0.3904113173484802,
        0.3628308176994324,
        0.4020455479621887,
        0.3611644506454468,
        0.37416326999664307,
        0.36508995294570923
    ],
    "val_loss": [
        0.005665321755993495,
        0.0041918268222897815,
        0.0035696750531549293,
        0.00335439539966743,
        0.0036181134897411513,
        0.004279778765467592,
        0.005940025986286162,
        0.0035265766736119987,
        0.0038249721406898697,
        0.004732780809306519,
        0.004218039184209066,
        0.004394878286787932,
        0.0052963704712313715,
        0.004487984891806682
    ],
    "val_mae": [
        0.060629453510046005,
        0.05141478776931763,
        0.046917811036109924,
        0.0456298403441906,
        0.047400180250406265,
        0.051188576966524124,
        0.06136082857847214,
        0.0464196614921093,
        0.048603277653455734,
        0.05354168266057968,
        0.052249476313591,
        0.05220480635762215,
        0.056796539574861526,
        0.052456267178058624
    ],
    "val_mse": [
        0.005665321834385395,
        0.004191827028989792,
        0.0035696751438081264,
        0.003354395506903529,
        0.003618113463744521,
        0.004279778338968754,
        0.0059400261379778385,
        0.0035265767946839333,
        0.003824972314760089,
        0.004732780624181032,
        0.0042180391028523445,
        0.004394878167659044,
        0.005296370480209589,
        0.00448798481374979
    ],
    "val_rmse": [
        0.07526833564043045,
        0.06474432349205017,
        0.05974675714969635,
        0.057917144149541855,
        0.06015075743198395,
        0.06542001664638519,
        0.07707156240940094,
        0.05938498675823212,
        0.06184636056423187,
        0.06879520416259766,
        0.06494643539190292,
        0.0662938803434372,
        0.07277616858482361,
        0.06699242442846298
    ],
    "val_r2": [
        0.605734646320343,
        0.7082791924476624,
        0.7515764832496643,
        0.7665583491325378,
        0.7482055425643921,
        0.7021584510803223,
        0.5866172313690186,
        0.754575788974762,
        0.7338096499443054,
        0.6706327199935913,
        0.7064549922943115,
        0.6941483020782471,
        0.6314109563827515,
        0.6876688003540039
    ],
    "val_mape": [
        33.5756721496582,
        23.389450073242188,
        22.723529815673828,
        23.72815704345703,
        24.035343170166016,
        24.008615493774414,
        30.11421775817871,
        24.917001724243164,
        25.038898468017578,
        26.358604431152344,
        29.561418533325195,
        26.600698471069336,
        25.726879119873047,
        23.90769386291504
    ],
    "val_smape": [
        22.671314239501953,
        19.903034210205078,
        18.49605941772461,
        18.102121353149414,
        18.592859268188477,
        20.136625289916992,
        22.24601936340332,
        18.469009399414062,
        18.880231857299805,
        20.392650604248047,
        20.477935791015625,
        19.526567459106445,
        21.21697425842285,
        20.3487491607666
    ],
    "val_explained_variance": [
        0.7369216680526733,
        0.742243766784668,
        0.7536594867706299,
        0.767926812171936,
        0.7499369382858276,
        0.710178792476654,
        0.686198353767395,
        0.757764458656311,
        0.7449202537536621,
        0.6886957287788391,
        0.7482343912124634,
        0.7441778182983398,
        0.6933926343917847,
        0.7374999523162842
    ],
    "val_peak_error": [
        0.22903642058372498,
        0.26754194498062134,
        0.20304065942764282,
        0.19869400560855865,
        0.23320052027702332,
        0.24554482102394104,
        0.23007771372795105,
        0.2079203724861145,
        0.22348308563232422,
        0.23211438953876495,
        0.2197631597518921,
        0.23278063535690308,
        0.3225724697113037,
        0.2791188955307007
    ],
    "lr": [
        0.01,
        0.01,
        0.01,
        0.01,
        0.01,
        0.01,
        0.01,
        0.01,
        0.01,
        0.01,
        0.01,
        0.01,
        0.01,
        0.01
    ]
}