{
    "train_loss": [
        0.007858018514149629,
        0.003616497251436128,
        0.0033204431107186493,
        0.003247070976258926,
        0.003171908423936515,
        0.0030251691539223396,
        0.0030116531230480986,
        0.002927826118926357,
        0.002862952623708395,
        0.0027640744191265902,
        0.0027160819804036298,
        0.0026590392466579633,
        0.0026463789922235724,
        0.002603012051930445,
        0.0024923423819047975,
        0.002501180928456868,
        0.002387812080915165,
        0.0023072437631606836,
        0.0022699456603095555,
        0.00224233317221181,
        0.0021741476215369417,
        0.0020742194353473025
    ],
    "train_mae": [
        0.06323055922985077,
        0.0466490276157856,
        0.044729262590408325,
        0.044377248734235764,
        0.04361608251929283,
        0.042472340166568756,
        0.04258326441049576,
        0.042014967650175095,
        0.04172605648636818,
        0.04073655232787132,
        0.04042963311076164,
        0.040111277252435684,
        0.03991839662194252,
        0.03954385593533516,
        0.03867079317569733,
        0.03886669501662254,
        0.037927888333797455,
        0.03736337274312973,
        0.03698014095425606,
        0.03686085343360901,
        0.03624066710472107,
        0.03540031239390373
    ],
    "train_mse": [
        0.007858018390834332,
        0.0036164973862469196,
        0.0033204429782927036,
        0.0032470710575580597,
        0.00317190820351243,
        0.003025169251486659,
        0.0030116529669612646,
        0.002927826251834631,
        0.0028629526495933533,
        0.0027640743646770716,
        0.0027160816825926304,
        0.002659039106220007,
        0.0026463789399713278,
        0.0026030121371150017,
        0.0024923423770815134,
        0.002501180861145258,
        0.002387812128290534,
        0.0023072438780218363,
        0.0022699455730617046,
        0.0022423332557082176,
        0.0021741476375609636,
        0.002074219286441803
    ],
    "train_rmse": [
        0.08864546567201614,
        0.060137320309877396,
        0.05762328580021858,
        0.05698307603597641,
        0.056319694966077805,
        0.05500153824687004,
        0.05487852916121483,
        0.05410939082503319,
        0.05350656807422638,
        0.052574463188648224,
        0.052116040140390396,
        0.05156587064266205,
        0.05144296959042549,
        0.05101972445845604,
        0.0499233640730381,
        0.050011806190013885,
        0.048865243792533875,
        0.04803377762436867,
        0.04764394462108612,
        0.04735328257083893,
        0.04662775620818138,
        0.045543596148490906
    ],
    "train_r2": [
        0.6306087970733643,
        0.8299949765205383,
        0.8439120054244995,
        0.8473610877990723,
        0.8508943319320679,
        0.8577922582626343,
        0.8584276437759399,
        0.8623681664466858,
        0.8654177784919739,
        0.8700658679008484,
        0.8723219037055969,
        0.8750033378601074,
        0.8755984902381897,
        0.8776370882987976,
        0.8828395009040833,
        0.882423996925354,
        0.8877532482147217,
        0.8915406465530396,
        0.8932939767837524,
        0.8945919871330261,
        0.8977972269058228,
        0.9024946689605713
    ],
    "train_mape": [
        20.794546127319336,
        15.684859275817871,
        15.039999961853027,
        14.713160514831543,
        14.5657320022583,
        14.107992172241211,
        14.172572135925293,
        13.860736846923828,
        13.750444412231445,
        13.40834903717041,
        13.363611221313477,
        13.184456825256348,
        13.019927024841309,
        12.984077453613281,
        12.476207733154297,
        12.591057777404785,
        12.161664962768555,
        12.051840782165527,
        11.83056640625,
        11.700400352478027,
        11.597795486450195,
        11.317716598510742
    ],
    "train_smape": [
        18.37957763671875,
        13.771130561828613,
        13.2732572555542,
        13.076784133911133,
        12.918109893798828,
        12.620904922485352,
        12.625309944152832,
        12.444761276245117,
        12.358414649963379,
        12.07964038848877,
        12.02227783203125,
        11.893502235412598,
        11.829038619995117,
        11.708694458007812,
        11.44230842590332,
        11.445759773254395,
        11.156816482543945,
        11.01468276977539,
        10.870307922363281,
        10.840104103088379,
        10.667646408081055,
        10.433140754699707
    ],
    "train_explained_variance": [
        0.6311156749725342,
        0.8299959301948547,
        0.843913197517395,
        0.847361147403717,
        0.8508996963500977,
        0.8577930927276611,
        0.8584276437759399,
        0.8623753190040588,
        0.8654177784919739,
        0.8700674176216125,
        0.8723219633102417,
        0.8750037550926208,
        0.8755985498428345,
        0.8776409029960632,
        0.8828396201133728,
        0.8824262022972107,
        0.8877538442611694,
        0.8915407061576843,
        0.8932941555976868,
        0.8945965766906738,
        0.8977978229522705,
        0.9024981260299683
    ],
    "train_peak_error": [
        0.6710792779922485,
        0.33382976055145264,
        0.31551289558410645,
        0.3064805269241333,
        0.3127189874649048,
        0.30212658643722534,
        0.31338393688201904,
        0.31087160110473633,
        0.2740081548690796,
        0.2852495312690735,
        0.28749847412109375,
        0.2648465633392334,
        0.25847887992858887,
        0.2850818634033203,
        0.3061492443084717,
        0.25542235374450684,
        0.25077900290489197,
        0.24987941980361938,
        0.2296452522277832,
        0.26276499032974243,
        0.27222520112991333,
        0.2197575569152832
    ],
    "val_loss": [
        0.003800201765496096,
        0.0032120590168218926,
        0.003076771755716194,
        0.0032186724661963343,
        0.0034589211302708915,
        0.0032552192533696943,
        0.003035612764614199,
        0.0034615417955135056,
        0.0033714262623902704,
        0.003289551092881254,
        0.0032326876785833954,
        0.0030272058733879664,
        0.0031869269583856673,
        0.003323325670806678,
        0.0033309089574668047,
        0.0034240501450388122,
        0.003761792818298764,
        0.003441700351042606,
        0.003386745896733118,
        0.004125007237140223,
        0.0039119758431484805,
        0.004620499015524447
    ],
    "val_mae": [
        0.04854218661785126,
        0.04488116130232811,
        0.04373124614357948,
        0.044887010008096695,
        0.04704264923930168,
        0.0450005978345871,
        0.043548163026571274,
        0.04713862016797066,
        0.046614691615104675,
        0.045738983899354935,
        0.045446887612342834,
        0.04399986192584038,
        0.04464308172464371,
        0.045114658772945404,
        0.04652570188045502,
        0.0469493605196476,
        0.049355823546648026,
        0.047240693122148514,
        0.04646290838718414,
        0.05183887109160423,
        0.04927368089556694,
        0.05456031113862991
    ],