{
    "train_loss": [
        0.01286103699860297,
        0.005378769978513026,
        0.0044919721361134785,
        0.004086791405490506,
        0.0038795194305957137,
        0.003736457446957064,
        0.003660527455545117,
        0.00357969199382131,
        0.0034757318674646844,
        0.0034350181293040035,
        0.0033682611638180407,
        0.0033277322300033986,
        0.0033354766566189736,
        0.0031764920136275747,
        0.0031377216761389213,
        0.003118481983298097,
        0.0030523117993473715,
        0.003019767320444894,
        0.0029942484137148013,
        0.0029579288262590064,
        0.002927404145633748,
        0.0028475493677734337,
        0.002834266881710451,
        0.0027950112315887105,
        0.0027666890048404233,
        0.0027431094353530454,
        0.002772939308205745,
        0.0027016339579116716,
        0.002610435115182248,
        0.0026109618823347224,
        0.0025558585876030663,
        0.002516019237140383
    ],
    "train_mae": [
        0.08305924385786057,
        0.057721056044101715,
        0.052508797496557236,
        0.05002230033278465,
        0.04842221736907959,
        0.04734165593981743,
        0.047173600643873215,
        0.04642033204436302,
        0.04576884210109711,
        0.04550914466381073,
        0.0449497289955616,
        0.04477064684033394,
        0.0447629876434803,
        0.04380158334970474,
        0.04335673153400421,
        0.04337378591299057,
        0.04292355477809906,
        0.04282105714082718,
        0.042620401829481125,
        0.042260993272066116,
        0.04219834879040718,
        0.0415554977953434,
        0.041353121399879456,
        0.04118470475077629,
        0.040812067687511444,
        0.04077286645770073,
        0.0409529022872448,
        0.040414080023765564,
        0.03971121832728386,
        0.03978254646062851,
        0.03923261538147926,
        0.03878939151763916
    ],
    "train_mse": [
        0.012861035764217377,
        0.005378770176321268,
        0.004491972271353006,
        0.004086791537702084,
        0.00387951941229403,
        0.0037364575546234846,
        0.003660527290776372,
        0.0035796919837594032,
        0.003475731937214732,
        0.0034350177738815546,
        0.0033682610373944044,
        0.0033277322072535753,
        0.0033354766201227903,
        0.003176491940394044,
        0.0031377216801047325,
        0.0031184821855276823,
        0.0030523117166012526,
        0.0030197673477232456,
        0.0029942484106868505,
        0.0029579289257526398,
        0.0029274041298776865,
        0.002847549505531788,
        0.0028342667501419783,
        0.002795011270791292,
        0.0027666890528053045,
        0.002743109595030546,
        0.0027729393914341927,
        0.002701633842661977,
        0.0026104350108653307,
        0.0026109619066119194,
        0.002555858576670289,
        0.002516019158065319
    ],
    "train_rmse": [
        0.11340650916099548,
        0.07334010303020477,
        0.0670221745967865,
        0.0639280155301094,
        0.06228578835725784,
        0.06112657114863396,
        0.06050229072570801,
        0.05983052775263786,
        0.05895533785223961,
        0.058609023690223694,
        0.058036722242832184,
        0.05768650025129318,
        0.057753585278987885,
        0.05636037513613701,
        0.056015368551015854,
        0.05584337189793587,
        0.05524773150682449,
        0.054952409118413925,
        0.054719727486371994,
        0.05438684672117233,
        0.0541054904460907,
        0.05336243659257889,
        0.053237833082675934,
        0.052867867052555084,
        0.05259932577610016,
        0.0523747019469738,
        0.05265870690345764,
        0.0519772432744503,
        0.05109241604804993,
        0.051097571849823,
        0.050555501133203506,
        0.05015993490815163
    ],
    "train_r2": [
        0.39542585611343384,
        0.7471537590026855,
        0.7888405323028564,
        0.8078873157501221,
        0.8176307678222656,
        0.8243559002876282,
        0.8279252052307129,
        0.8317251205444336,
        0.8366121053695679,
        0.8385260105133057,
        0.8416641354560852,
        0.8435693383216858,
        0.8432052731513977,
        0.8506788611412048,
        0.852501392364502,
        0.853405773639679,
        0.8565163612365723,
        0.8580461740493774,
        0.859245777130127,
        0.8609530925750732,
        0.862388014793396,
        0.8661418557167053,
        0.8667662143707275,
        0.8686115741729736,
        0.8699429631233215,
        0.8710513710975647,
        0.8696491122245789,
        0.8730010986328125,
        0.8772881627082825,
        0.8772634267807007,
        0.8798537254333496,
        0.8817265033721924
    ],
    "train_mape": [
        26.913223266601562,
        19.27888298034668,
        17.569522857666016,
        16.802488327026367,
        16.057655334472656,
        15.797138214111328,
        15.692855834960938,
        15.377314567565918,
        15.15976619720459,
        15.111482620239258,
        14.851238250732422,
        14.829604148864746,
        14.819039344787598,
        14.378454208374023,
        14.214759826660156,
        14.226102828979492,
        14.139617919921875,
        14.067048072814941,
        13.83164119720459,
        13.793301582336426,
        13.705286026000977,
        13.580618858337402,
        13.553808212280273,
        13.561580657958984,
        13.301105499267578,
        13.194113731384277,
        13.182011604309082,
        13.081559181213379,
        12.752421379089355,
        12.814800262451172,
        12.659038543701172,
        12.542679786682129
    ],
    "train_smape": [
        24.439546585083008,
        16.694355010986328,
        15.344783782958984,
        14.682735443115234,
        14.26381778717041,
        13.930097579956055,
        13.930060386657715,
        13.68924331665039,
        13.514520645141602,
        13.409775733947754,
        13.26185417175293,
        13.263416290283203,
        13.231173515319824,
        12.93935775756836,
        12.795191764831543,
        12.776942253112793,
        12.730862617492676,
        12.70714282989502,
        12.582670211791992,
        12.513530731201172,
        12.47536563873291,
        12.331090927124023,
        12.318312644958496,
        12.256227493286133,
        12.085271835327148,
        12.07082748413086,
        12.098337173461914,
        11.950681686401367,
        11.762412071228027,
        11.772845268249512,
        11.599835395812988,
        11.466498374938965
    ],
    "train_explained_variance": [
        0.4012346863746643,
        0.7471591234207153,
        0.7888486385345459,
        0.8078874349594116,
        0.8176381587982178,
        0.8243559002876282,
        0.8279280066490173,
        0.8317251801490784,
        0.836616039276123,
        0.8385260105133057,
        0.84166419506073,
        0.8435695767402649,
        0.8432082533836365,
        0.8506788611412048,
        0.8525023460388184,
        0.8534075021743774,
        0.856516420841217,
        0.8580464124679565,
        0.8592462539672852,
        0.860953152179718,
        0.8623888492584229,
        0.8661429286003113,
        0.8667666912078857,
        0.8686116933822632,
        0.8699439764022827,
        0.8710521459579468,
        0.8696494102478027,
        0.8730016946792603,
        0.8772895336151123,
        0.8772634863853455,
        0.8798544406890869,
        0.8817265033721924
    ],