{
    "train_loss": [
        0.026011076156073117,
        0.006281074929979423,
        0.00521709359497379,
        0.004702307338381437,
        0.004472688328042165,
        0.004356308737934787,
        0.004175612734531452,
        0.0040909760849579735,
        0.003969543438783372,
        0.003941489140913516,
        0.0038129340719857373,
        0.003894044685067427,
        0.003819758206957904,
        0.003785399448950586,
        0.0037245951863133305,
        0.003682623096704329,
        0.0036976637049376732,
        0.0036103047355968755,
        0.003495670599786404,
        0.003449279297741737,
        0.0035091751142926854,
        0.003448079263121327
    ],
    "train_mae": [
        0.10947910696268082,
        0.06239955872297287,
        0.056787263602018356,
        0.0536104179918766,
        0.05222957208752632,
        0.05183401703834534,
        0.05066964775323868,
        0.05001462250947952,
        0.049064889550209045,
        0.049023691564798355,
        0.04812699183821678,
        0.04859065264463425,
        0.04822179675102234,
        0.047811876982450485,
        0.04765021800994873,
        0.047123100608587265,
        0.04747113585472107,
        0.046715788543224335,
        0.04619014263153076,
        0.04547179862856865,
        0.04613671451807022,
        0.04566767066717148
    ],
    "train_mse": [
        0.02601107582449913,
        0.0062810746021568775,
        0.005217093974351883,
        0.004702307283878326,
        0.004472687840461731,
        0.004356308840215206,
        0.004175612702965736,
        0.004090976435691118,
        0.0039695436134934425,
        0.0039414893835783005,
        0.0038129340391606092,
        0.003894044551998377,
        0.003819757839664817,
        0.003785399254411459,
        0.0037245950661599636,
        0.003682622918859124,
        0.0036976635456085205,
        0.0036103047896176577,
        0.003495670622214675,
        0.0034492791164666414,
        0.003509175032377243,
        0.003448079340159893
    ],
    "train_rmse": [
        0.16127949953079224,
        0.07925323396921158,
        0.07222945243120193,
        0.06857337057590485,
        0.06687815487384796,
        0.06600233912467957,
        0.06461898237466812,
        0.0639607384800911,
        0.06300431489944458,
        0.06278128176927567,
        0.06174895912408829,
        0.06240227818489075,
        0.061804190278053284,
        0.06152559816837311,
        0.06102946028113365,
        0.06068461760878563,
        0.060808416455984116,
        0.06008581072092056,
        0.05912419781088829,
        0.05873056501150131,
        0.059238288551568985,
        0.05872035026550293
    ],
    "train_r2": [
        -0.222733736038208,
        0.7047380208969116,
        0.754753828048706,
        0.7789530158042908,
        0.7897469997406006,
        0.7952178120613098,
        0.803712010383606,
        0.8076905608177185,
        0.8133988976478577,
        0.814717710018158,
        0.8207608461380005,
        0.8169479966163635,
        0.8204400539398193,
        0.8220552206039429,
        0.824913501739502,
        0.8268865346908569,
        0.8261795043945312,
        0.8302860856056213,
        0.8356748223304749,
        0.8378556370735168,
        0.8350400328636169,
        0.8379120230674744
    ],
    "train_mape": [
        33.211830139160156,
        20.357419967651367,
        18.872112274169922,
        17.92951774597168,
        17.447879791259766,
        17.284996032714844,
        16.820241928100586,
        16.829978942871094,
        16.379825592041016,
        16.459728240966797,
        16.230457305908203,
        16.182310104370117,
        16.10256004333496,
        16.013517379760742,
        15.97253704071045,
        15.697854995727539,
        15.976713180541992,
        15.775935173034668,
        15.601118087768555,
        15.337583541870117,
        15.477313041687012,
        15.389494895935059
    ],
    "train_smape": [
        33.900962829589844,
        18.08525848388672,
        16.692556381225586,
        15.643424034118652,
        15.278130531311035,
        15.190352439880371,
        14.797581672668457,
        14.724166870117188,
        14.449346542358398,
        14.48535442352295,
        14.257913589477539,
        14.311162948608398,
        14.24545955657959,
        14.100858688354492,
        14.122147560119629,
        13.904637336730957,
        14.069210052490234,
        13.859406471252441,
        13.702985763549805,
        13.450004577636719,
        13.687016487121582,
        13.52273941040039
    ],
    "train_explained_variance": [
        -0.1641312837600708,
        0.7047393321990967,
        0.7547540664672852,
        0.7789545059204102,
        0.7897595167160034,
        0.795217752456665,
        0.8037225008010864,
        0.8076913952827454,
        0.813406229019165,
        0.8147189021110535,
        0.8207622170448303,
        0.8169510960578918,
        0.8204473853111267,
        0.8220583200454712,
        0.8249162435531616,
        0.8268869519233704,
        0.82618248462677,
        0.8302932977676392,
        0.8356783986091614,
        0.8378569483757019,
        0.8350400924682617,
        0.8379135131835938
    ],
    "train_peak_error": [
        1.068674921989441,
        0.4560064673423767,
        0.35418516397476196,
        0.3752075433731079,
        0.3725236654281616,
        0.33189642429351807,
        0.36592864990234375,
        0.31401336193084717,
        0.3719779849052429,
        0.3229232430458069,
        0.31842750310897827,
        0.36732161045074463,
        0.36858928203582764,
        0.31840986013412476,
        0.3181127905845642,
        0.31945037841796875,
        0.33666884899139404,
        0.3285369277000427,
        0.30863475799560547,
        0.3564971685409546,
        0.30753248929977417,
        0.3287719488143921
    ],
    "val_loss": [
        0.006044137593184551,
        0.004695887981223867,
        0.004183074393034946,
        0.003814811749960021,
        0.003910968181033947,
        0.003552376988725804,
        0.003320442530152341,
        0.003464695856095754,
        0.003469898432573612,
        0.0034344547560183907,
        0.0033400837516599745,
        0.003473148575411078,
        0.003385995873819581,
        0.003540478417341658,
        0.003597078504101139,
        0.003643283945535102,
        0.0034169387565791713,
        0.00357431592356092,
        0.0033473790556246,
        0.0033687619299781943,
        0.0033695972694097447,
        0.0033701139868391183
    ],
    "val_mae": [
        0.06193677708506584,
        0.054645705968141556,
        0.05153270810842514,
        0.048809122294187546,
        0.04940899834036827,
        0.04706956446170807,
        0.045940231531858444,
        0.04655066505074501,
        0.046992845833301544,
        0.0469377301633358,
        0.04563933238387108,
        0.04646967351436615,
        0.04626134783029556,
        0.0474352166056633,
        0.047252118587493896,
        0.04786580801010132,
        0.04626268893480301,
        0.04726164788007736,
        0.046033453196287155,
        0.04614739865064621,
        0.04622058942914009,
        0.04606963321566582
    ],
    "val_mse": [
        0.0060441382229328156,
        0.004695888143032789,
        0.004183073993772268,
        0.0038148118183016777,
        0.003910968080163002,
        0.0035523767583072186,
        0.0033204425126314163,
        0.0034646957647055387,
        0.003469898598268628,
        0.0034344547893851995,
        0.0033400836400687695,
        0.003473148448392749,
        0.0033859957475215197,
        0.003540478413924575,
        0.0035970783792436123,
        0.00364328408613801,
        0.0034169387072324753,
        0.0035743159241974354,
        0.003347378922626376,
        0.003368761856108904,
        0.003369597252458334,
        0.0033701136708259583
    ],