{
    "train_loss": [
        0.010242106378027442,
        0.004341664000746904,
        0.0038828485399795038,
        0.0036879608680989644,
        0.003512079316835659,
        0.0035044756814686753,
        0.0033205028357847517,
        0.0033362357698626184,
        0.0032043314075539254,
        0.00312428401406571,
        0.0031225665606749537,
        0.003028193404483781,
        0.0030286113333052637,
        0.0029755208180077515,
        0.002832533708325631,
        0.00280955126653233,
        0.0027533869555101892,
        0.0027002711974747633,
        0.002674062326326469,
        0.002577144031017712,
        0.0025333588578888224,
        0.0024772035533315567
    ],
    "train_mae": [
        0.07351680845022202,
        0.05142844468355179,
        0.04854995012283325,
        0.04717719927430153,
        0.04619917646050453,
        0.04617450013756752,
        0.04477216303348541,
        0.04497950151562691,
        0.04398544877767563,
        0.04339374974370003,
        0.04346670210361481,
        0.042791225016117096,
        0.04284552484750748,
        0.04232025891542435,
        0.04162519425153732,
        0.04131460189819336,
        0.040800537914037704,
        0.04070483520627022,
        0.0405014231801033,
        0.03942086175084114,
        0.03928067907691002,
        0.03885829076170921
    ],
    "train_mse": [
        0.010242107324302197,
        0.004341664258390665,
        0.003882848657667637,
        0.0036879610270261765,
        0.0035120793618261814,
        0.003504475811496377,
        0.0033205028157681227,
        0.003336235648021102,
        0.003204331500455737,
        0.003124284092336893,
        0.0031225665006786585,
        0.003028193488717079,
        0.003028611186891794,
        0.0029755206778645515,
        0.002832533558830619,
        0.0028095513116568327,
        0.0027533872053027153,
        0.0027002713177353144,
        0.002674062503501773,
        0.0025771441869437695,
        0.0025333587545901537,
        0.002477203495800495
    ],
    "train_rmse": [
        0.1012033000588417,
        0.06589130312204361,
        0.06231250986456871,
        0.06072858348488808,
        0.059262800961732864,
        0.059198614209890366,
        0.05762380361557007,
        0.05776015669107437,
        0.05660681426525116,
        0.05589529499411583,
        0.055879928171634674,
        0.05502902343869209,
        0.055032819509506226,
        0.05454833433032036,
        0.05322154983878136,
        0.05300519987940788,
        0.05247272923588753,
        0.051964133977890015,
        0.05171133950352669,
        0.05076558142900467,
        0.050332482904195786,
        0.0497715137898922
    ],
    "train_r2": [
        0.5185370445251465,
        0.7959061861038208,
        0.8174743056297302,
        0.8266355991363525,
        0.8349034786224365,
        0.8352609276771545,
        0.8439091444015503,
        0.8431695699691772,
        0.8493701219558716,
        0.8531330227851868,
        0.8532137870788574,
        0.857650101184845,
        0.8576304912567139,
        0.8601261377334595,
        0.8668476939201355,
        0.8679280877113342,
        0.8705682754516602,
        0.8730651140213013,
        0.8742971420288086,
        0.8788530826568604,
        0.8809113502502441,
        0.8835511207580566
    ],
    "train_mape": [
        23.566730499267578,
        17.08175277709961,
        16.379627227783203,
        15.737706184387207,
        15.478129386901855,
        15.342857360839844,
        14.933541297912598,
        14.927618026733398,
        14.5091552734375,
        14.302800178527832,
        14.50963306427002,
        14.14039421081543,
        13.99532413482666,
        14.040270805358887,
        13.675817489624023,
        13.53471565246582,
        13.327752113342285,
        13.298196792602539,
        13.180134773254395,
        12.820893287658691,
        12.851415634155273,
        12.623554229736328
    ],
    "train_smape": [
        21.426164627075195,
        15.1138277053833,
        14.351634979248047,
        13.888798713684082,
        13.646825790405273,
        13.627065658569336,
        13.247049331665039,
        13.279071807861328,
        13.011205673217773,
        12.832792282104492,
        12.876084327697754,
        12.702606201171875,
        12.662482261657715,
        12.567482948303223,
        12.329784393310547,
        12.256109237670898,
        12.094837188720703,
        12.078283309936523,
        11.937667846679688,
        11.681758880615234,
        11.622756004333496,
        11.54343032836914
    ],
    "train_explained_variance": [
        0.520682692527771,
        0.7959100604057312,
        0.8174768090248108,
        0.8266362547874451,
        0.8349034786224365,
        0.8352629542350769,
        0.8439092636108398,
        0.843170166015625,
        0.8493750095367432,
        0.8531355261802673,
        0.8532137870788574,
        0.8576502203941345,
        0.8576348423957825,
        0.8601281642913818,
        0.866847813129425,
        0.8679283857345581,
        0.8705708980560303,
        0.8730674386024475,
        0.8742971420288086,
        0.8788567781448364,
        0.8809118270874023,
        0.8835530877113342
    ],
    "train_peak_error": [
        0.6721674203872681,
        0.38843417167663574,
        0.34523308277130127,
        0.33373987674713135,
        0.2994992733001709,
        0.3001094460487366,
        0.3615725040435791,
        0.3075435161590576,
        0.3239514231681824,
        0.3381434679031372,
        0.3197176456451416,
        0.28606805205345154,
        0.3217707872390747,
        0.2827187776565552,
        0.2711260914802551,
        0.2792024314403534,
        0.29755234718322754,
        0.27242153882980347,
        0.2937190532684326,
        0.2748869061470032,
        0.26380693912506104,
        0.223596453666687
    ],
    "val_loss": [
        0.0036176898708674228,
        0.0034717420907021106,
        0.0037818122011937685,
        0.003543149296499172,
        0.0032636458606613303,
        0.0032749192989866833,
        0.0032603135456083167,
        0.0031143613623307764,
        0.0032447943982849125,
        0.0036790761036677756,
        0.003411269626754383,
        0.003093546234982477,
        0.003439160844297718,
        0.003289684394521893,
        0.003558844238211461,
        0.003302056446349878,
        0.0033126812967599084,
        0.0037269909831983365,
        0.0034720047144554287,
        0.0034730438460937613,
        0.0031817231547730646,
        0.0035068574578923394
    ],
    "val_mae": [
        0.04741903021931648,
        0.04624415189027786,
        0.04838572070002556,
        0.047027941793203354,
        0.04550672322511673,
        0.045479219406843185,
        0.04528480023145676,
        0.04419397935271263,
        0.04546504467725754,
        0.04835334047675133,
        0.046507805585861206,
        0.04408377781510353,
        0.046956583857536316,
        0.045497652143239975,
        0.04685306176543236,
        0.045216478407382965,
        0.04601240158081055,
        0.048663944005966187,
        0.046425145119428635,
        0.046981412917375565,
        0.04496225342154503,
        0.04688059538602829
    ],