{
    "train_loss": [
        0.015334942601957708,
        0.004433058769860052,
        0.003853533648691676,
        0.003545031943193953,
        0.0033902457763527404,
        0.003250874093650017,
        0.003176711453762626,
        0.003115443334577007,
        0.0030729579517669485,
        0.003064143804440785,
        0.002982205814148278,
        0.0029816855335090854,
        0.002929985293367592,
        0.0029029899372803153,
        0.0029269821843457573,
        0.0028742834016221327,
        0.0028663428453080094,
        0.0028536289733446453,
        0.0028207555136121687,
        0.00281390425081527
    ],
    "train_mae": [
        0.0856764018535614,
        0.052156224846839905,
        0.04843570291996002,
        0.04632981866598129,
        0.04518427699804306,
        0.04434282332658768,
        0.043667249381542206,
        0.04330294579267502,
        0.04289354383945465,
        0.04284828156232834,
        0.042253050953149796,
        0.04238021746277809,
        0.04188455268740654,
        0.04178643971681595,
        0.04185070842504501,
        0.04149676114320755,
        0.041555725038051605,
        0.04144677147269249,
        0.041100867092609406,
        0.041098736226558685
    ],
    "train_mse": [
        0.015334942378103733,
        0.004433058202266693,
        0.0038535334169864655,
        0.0035450321156531572,
        0.0033902458380907774,
        0.003250874113291502,
        0.003176711266860366,
        0.003115443279966712,
        0.0030729579739272594,
        0.0030641439370810986,
        0.0029822057113051414,
        0.0029816858004778624,
        0.0029299852903932333,
        0.0029029897414147854,
        0.0029269822407513857,
        0.002874283352866769,
        0.0028663428965955973,
        0.0028536291792988777,
        0.0028207553550601006,
        0.0028139043133705854
    ],
    "train_rmse": [
        0.12383433431386948,
        0.06658121198415756,
        0.062076833099126816,
        0.059540171176195145,
        0.05822581797838211,
        0.057016436010599136,
        0.056362319737672806,
        0.055816154927015305,
        0.05543426796793938,
        0.055354710668325424,
        0.054609574377536774,
        0.05460481345653534,
        0.05412933975458145,
        0.053879398852586746,
        0.05410159006714821,
        0.05361234396696091,
        0.053538236767053604,
        0.05341937020421028,
        0.05311078205704689,
        0.053046245127916336
    ],
    "train_r2": [
        0.27913200855255127,
        0.7916099429130554,
        0.8188523650169373,
        0.8333544135093689,
        0.8406306505203247,
        0.8471822738647461,
        0.8506685495376587,
        0.8535486459732056,
        0.8555458188056946,
        0.8559601306915283,
        0.8598119020462036,
        0.8598363399505615,
        0.8622666597366333,
        0.8635357022285461,
        0.8624078631401062,
        0.864885151386261,
        0.8652583956718445,
        0.8658560514450073,
        0.8674013614654541,
        0.8677234649658203
    ],
    "train_mape": [
        26.71607780456543,
        17.246849060058594,
        16.116674423217773,
        15.455497741699219,
        15.077940940856934,
        14.856111526489258,
        14.542670249938965,
        14.381082534790039,
        14.291842460632324,
        14.245745658874512,
        14.090185165405273,
        14.142985343933105,
        13.98465633392334,
        13.915279388427734,
        13.867415428161621,
        13.70508861541748,
        13.80008316040039,
        13.728019714355469,
        13.572916030883789,
        13.63984203338623
    ],
    "train_smape": [
        25.96241569519043,
        15.248058319091797,
        14.25356388092041,
        13.663460731506348,
        13.320954322814941,
        13.108152389526367,
        12.875153541564941,
        12.762582778930664,
        12.669472694396973,
        12.673462867736816,
        12.49545955657959,
        12.4918851852417,
        12.39168930053711,
        12.397215843200684,
        12.384978294372559,
        12.267568588256836,
        12.280261993408203,
        12.247018814086914,
        12.136168479919434,
        12.190192222595215
    ],
    "train_explained_variance": [
        0.2965201735496521,
        0.7916163206100464,
        0.8188531994819641,
        0.8333547115325928,
        0.840630829334259,
        0.8471829891204834,
        0.8506686091423035,
        0.8535491824150085,
        0.8555459380149841,
        0.8559602499008179,
        0.8598119020462036,
        0.8598377108573914,
        0.8622667193412781,
        0.8635357618331909,
        0.8624081611633301,
        0.8648859858512878,
        0.8652583956718445,
        0.8658596277236938,
        0.8674014210700989,
        0.8677237033843994
    ],
    "train_peak_error": [
        0.7440229654312134,
        0.4000328779220581,
        0.3950002193450928,
        0.39640307426452637,
        0.36737149953842163,
        0.3391566872596741,
        0.32523107528686523,
        0.3458688259124756,
        0.33859628438949585,
        0.31299638748168945,
        0.3250478506088257,
        0.3027417063713074,
        0.3334164619445801,
        0.30900901556015015,
        0.2939380407333374,
        0.3029276728630066,
        0.3186066150665283,
        0.2891177535057068,
        0.29366958141326904,
        0.3303946852684021
    ],
    "val_loss": [
        0.004852159189247935,
        0.004024365584051116,
        0.0039618351756052364,
        0.0034942127709283676,
        0.0031966936335356224,
        0.003182947256890454,
        0.003256416921302837,
        0.003234291368117221,
        0.0033441077865887995,
        0.003084307755343616,
        0.0033948025684937726,
        0.0036129431504247,
        0.0033381190946955475,
        0.0032533719441886965,
        0.003128943448457465,
        0.003135187359955564,
        0.0031398218883898297,
        0.0032769014772108134,
        0.003217362690475776,
        0.003096614842999914
    ],
    "val_mae": [
        0.05494201183319092,
        0.05017317831516266,
        0.0501156784594059,
        0.046763256192207336,
        0.04485896974802017,
        0.04475567489862442,
        0.04526647925376892,
        0.04504536837339401,
        0.04567908123135567,
        0.04401165246963501,
        0.0461575873196125,
        0.047678735107183456,
        0.045906249433755875,
        0.04523147642612457,
        0.04406840726733208,
        0.044372912496328354,
        0.044276878237724304,
        0.04557414725422859,
        0.044674914330244064,
        0.04403233528137207
    ],
    "val_mse": [
        0.004852158948779106,
        0.004024365451186895,
        0.0039618355222046375,
        0.0034942126367241144,
        0.0031966937240213156,
        0.0031829471699893475,
        0.003256416879594326,
        0.003234291449189186,
        0.0033441076520830393,
        0.0030843077693134546,
        0.0033948025666177273,
        0.0036129432264715433,
        0.0033381192479282618,
        0.0032533719204366207,
        0.0031289434991776943,
        0.003135187551379204,
        0.0031398218125104904,
        0.003276901552453637,
        0.003217362565919757,
        0.003096615197136998
    ],
    "val_rmse": [
        0.06965743750333786,
        0.06343788653612137,
        0.06294311583042145,
        0.05911186710000038,
        0.05653931200504303,
        0.056417614221572876,
        0.057065024971961975,
        0.05687083303928375,
        0.057828258723020554,
        0.05553654581308365,
        0.05826493352651596,
        0.0601077638566494,
        0.05777645856142044,
        0.057038336992263794,
        0.05593695864081383,
        0.055992744863033295,
        0.056034114211797714,
        0.05724422633647919,
        0.056721799075603485,
        0.055647239089012146
    ],