{
    "train_loss": [
        0.01790956942084716,
        0.0047280641510425185,
        0.0042489669016682555,
        0.004402961739653413,
        0.004346788871200751,
        0.00417221692553231,
        0.004031367764491723,
        0.004096522096178792,
        0.0041868815687085776,
        0.004113371759069581,
        0.004043422712362331,
        0.004260770589716039,
        0.004234423859808918,
        0.004083329307123125
    ],
    "train_mae": [
        0.07204996049404144,
        0.053821224719285965,
        0.05104238539934158,
        0.05174914747476578,
        0.05155252665281296,
        0.050449587404727936,
        0.04966830834746361,
        0.04994220286607742,
        0.050539061427116394,
        0.050152502954006195,
        0.049426764249801636,
        0.05053935572504997,
        0.05093478411436081,
        0.04987864941358566
    ],
    "train_mse": [
        0.017909569665789604,
        0.004728063941001892,
        0.004248966928571463,
        0.004402962047606707,
        0.004346788860857487,
        0.004172216635197401,
        0.004031368065625429,
        0.004096521995961666,
        0.004186881240457296,
        0.004113371949642897,
        0.004043423105031252,
        0.0042607709765434265,
        0.004234423860907555,
        0.004083328880369663
    ],
    "train_rmse": [
        0.13382664322853088,
        0.06876091659069061,
        0.0651841014623642,
        0.06635481864213943,
        0.06593018025159836,
        0.06459269672632217,
        0.06349305808544159,
        0.0640040785074234,
        0.06470611691474915,
        0.06413557380437851,
        0.06358791887760162,
        0.06527458131313324,
        0.0650724545121193,
        0.06390093266963959
    ],
    "train_r2": [
        0.15810346603393555,
        0.7777422070503235,
        0.8002637624740601,
        0.7930247187614441,
        0.7956653237342834,
        0.8038716316223145,
        0.8104926943778992,
        0.8074299097061157,
        0.8031822443008423,
        0.8066378235816956,
        0.8099259734153748,
        0.7997088432312012,
        0.8009474277496338,
        0.8080500364303589
    ],
    "train_mape": [
        23.13910484313965,
        17.822551727294922,
        17.05022621154785,
        17.359655380249023,
        17.36205291748047,
        17.025840759277344,
        16.879634857177734,
        17.032135009765625,
        17.258676528930664,
        17.12982749938965,
        16.757015228271484,
        17.128232955932617,
        17.1156063079834,
        16.95163917541504
    ],
    "train_smape": [
        20.07223129272461,
        15.633172988891602,
        14.927661895751953,
        15.08939266204834,
        15.084806442260742,
        14.862405776977539,
        14.617440223693848,
        14.709127426147461,
        14.873499870300293,
        14.768278121948242,
        14.525407791137695,
        14.816215515136719,
        14.939292907714844,
        14.702625274658203
    ],
    "train_explained_variance": [
        0.15830570459365845,
        0.7777537703514099,
        0.8002685308456421,
        0.7930451035499573,
        0.7956757545471191,
        0.8038797378540039,
        0.8104928135871887,
        0.80743408203125,
        0.8031826019287109,
        0.8066381812095642,
        0.8099268674850464,
        0.7997093796730042,
        0.8009483218193054,
        0.8080518245697021
    ],
    "train_peak_error": [
        2.583988904953003,
        0.38648730516433716,
        0.3987475633621216,
        0.485055536031723,
        0.3790197968482971,
        0.37122249603271484,
        0.36704450845718384,
        0.36383146047592163,
        0.33014702796936035,
        0.3789018392562866,
        0.36548757553100586,
        0.4029778838157654,
        0.3687460422515869,
        0.4193044900894165
    ],
    "val_loss": [
        0.0036887964025381016,
        0.003615072230279124,
        0.003758845952131765,
        0.003394488846688873,
        0.0042423083283435956,
        0.004977566303296698,
        0.0035738846804383847,
        0.004233523128728429,
        0.003512174900848981,
        0.003933769996133934,
        0.0039400835649492285,
        0.004176679850428654,
        0.0043322783849945815,
        0.0039277801793922915
    ],
    "val_mae": [
        0.048064157366752625,
        0.04788662865757942,
        0.04846351593732834,
        0.04602516070008278,
        0.05177935212850571,
        0.05631643906235695,
        0.04750281199812889,
        0.05169149115681648,
        0.04720556363463402,
        0.0493740439414978,
        0.04917297884821892,
        0.05124072730541229,
        0.05212957039475441,
        0.05011158436536789
    ],
    "val_mse": [
        0.0036887964233756065,
        0.0036150722298771143,
        0.0037588460836559534,
        0.0033944889437407255,
        0.004242308437824249,
        0.004977566190063953,
        0.0035738847218453884,
        0.004233522806316614,
        0.003512175055220723,
        0.0039337701164186,
        0.003940083552151918,
        0.004176679532974958,
        0.004332277923822403,
        0.003927780315279961
    ],
    "val_rmse": [
        0.060735464096069336,
        0.06012547016143799,
        0.06130943074822426,
        0.05826224386692047,
        0.0651330053806305,
        0.07055187225341797,
        0.05978197604417801,
        0.06506552547216415,
        0.05926360562443733,
        0.06271977722644806,
        0.06277008354663849,
        0.06462723761796951,
        0.06582003831863403,
        0.06267200410366058
    ],
    "val_r2": [
        0.7432864904403687,
        0.7484171390533447,
        0.738411545753479,
        0.763768196105957,
        0.704766035079956,
        0.6535974740982056,
        0.7512835264205933,
        0.705377459526062,
        0.7555780410766602,
        0.7262381315231323,
        0.7257987260818481,
        0.7093333601951599,
        0.6985048055648804,
        0.7266549468040466
    ],
    "val_mape": [
        22.94017791748047,
        22.475914001464844,
        22.22941017150879,
        22.743059158325195,
        28.11858367919922,
        28.475528717041016,
        24.239383697509766,
        29.509204864501953,
        25.140872955322266,
        23.91790771484375,
        24.888446807861328,
        23.20648193359375,
        27.60382080078125,
        24.33970069885254
    ],
    "val_smape": [
        18.8433837890625,
        18.95062255859375,
        18.84726333618164,
        18.176130294799805,
        20.100065231323242,
        20.884408950805664,
        18.74712371826172,
        20.265380859375,
        18.58576774597168,
        19.224294662475586,
        19.016386032104492,
        19.918996810913086,
        19.986326217651367,
        19.515884399414062
    ],
    "val_explained_variance": [
        0.7433874011039734,
        0.7677493095397949,
        0.7611604928970337,
        0.7637683749198914,
        0.7450717091560364,
        0.7265291810035706,
        0.7513601779937744,
        0.7683151364326477,
        0.7590386271476746,
        0.7265098094940186,
        0.7519948482513428,
        0.7459903955459595,
        0.7435324788093567,
        0.7341105341911316
    ],
    "val_peak_error": [
        0.20214907824993134,
        0.22575247287750244,
        0.26250919699668884,
        0.22565463185310364,
        0.2014506459236145,
        0.22547563910484314,
        0.20566324889659882,
        0.1884891539812088,
        0.19601580500602722,
        0.26992523670196533,
        0.20172804594039917,
        0.23979032039642334,
        0.20432358980178833,
        0.2913673520088196
    ],
    "lr": [
        0.01,
        0.01,
        0.01,
        0.01,
        0.01,
        0.01,
        0.01,
        0.01,
        0.01,
        0.01,
        0.01,
        0.01,
        0.01,
        0.01
    ]
}