{
    "train_loss": [
        0.018271426634132237,
        0.006517566657418381,
        0.005115054878717596,
        0.0046242721033027375,
        0.004362142997404668,
        0.004170214047309044,
        0.003994912785815674,
        0.0039712178426214734,
        0.0038061616094460324,
        0.0038020016008625526,
        0.003748392434954722,
        0.0036583053654353236,
        0.0036649633597058235,
        0.00358317130111717,
        0.0034788803495200893,
        0.003495114756001436,
        0.0035015809655351148,
        0.0034342050947448726,
        0.0034163597792632246,
        0.0033161943217930034,
        0.0033101452012264574,
        0.0032715580515869608,
        0.0032451270404435235,
        0.0032402750635816525,
        0.003189044016577275,
        0.0031959398382530174
    ],
    "train_mae": [
        0.09928146004676819,
        0.06337253749370575,
        0.055620864033699036,
        0.0529242642223835,
        0.0512268990278244,
        0.05032934993505478,
        0.04900198429822922,
        0.04903316870331764,
        0.04799289256334305,
        0.04792460799217224,
        0.04750896245241165,
        0.04696222394704819,
        0.0471501350402832,
        0.046425364911556244,
        0.045883093029260635,
        0.04599843546748161,
        0.045923955738544464,
        0.045699283480644226,
        0.04556957259774208,
        0.04479530081152916,
        0.044656530022621155,
        0.04430966451764107,
        0.044289857149124146,
        0.04398709908127785,
        0.0438157394528389,
        0.043936219066381454
    ],
    "train_mse": [
        0.018271425738930702,
        0.006517566274851561,
        0.005115055479109287,
        0.0046242717653512955,
        0.004362143110483885,
        0.0041702138260006905,
        0.003994912840425968,
        0.003971218131482601,
        0.003806161694228649,
        0.003802001476287842,
        0.003748392453417182,
        0.003658305387943983,
        0.0036649631801992655,
        0.0035831714048981667,
        0.00347888027317822,
        0.003495114855468273,
        0.0035015807952731848,
        0.003434204962104559,
        0.0034163598902523518,
        0.003316194284707308,
        0.0033101453445851803,
        0.003271557856351137,
        0.0032451271545141935,
        0.0032402751967310905,
        0.003189043840393424,
        0.0031959398183971643
    ],
    "train_rmse": [
        0.1351718306541443,
        0.08073144406080246,
        0.07151961326599121,
        0.06800200045108795,
        0.06604652106761932,
        0.06457719206809998,
        0.06320532411336899,
        0.0630175992846489,
        0.06169409677386284,
        0.06166037172079086,
        0.06122411787509918,
        0.06048392504453659,
        0.060538940131664276,
        0.05985959619283676,
        0.05898203328251839,
        0.05911949649453163,
        0.05917415767908096,
        0.058602090924978256,
        0.058449637144804,
        0.05758640542626381,
        0.0575338639318943,
        0.057197533547878265,
        0.05696601793169975,
        0.05692341551184654,
        0.05647161975502968,
        0.05653264373540878
    ],
    "train_r2": [
        0.1410931944847107,
        0.6936209797859192,
        0.7595504522323608,
        0.7826213240623474,
        0.7949435710906982,
        0.8039658069610596,
        0.8122063875198364,
        0.8133202195167542,
        0.8210792541503906,
        0.8212747573852539,
        0.8237948417663574,
        0.8280296921730042,
        0.8277167081832886,
        0.8315615653991699,
        0.8364641070365906,
        0.8357009887695312,
        0.8353970050811768,
        0.8385642170906067,
        0.8394030928611755,
        0.8441116809844971,
        0.8443960547447205,
        0.8462099432945251,
        0.8474524617195129,
        0.8476805090904236,
        0.8500888347625732,
        0.8497646450996399
    ],
    "train_mape": [
        33.29291534423828,
        20.67784309387207,
        18.209163665771484,
        17.33677101135254,
        16.990692138671875,
        16.700424194335938,
        16.299142837524414,
        16.415565490722656,
        16.04547882080078,
        16.158042907714844,
        15.884354591369629,
        15.742412567138672,
        15.730595588684082,
        15.58532428741455,
        15.442792892456055,
        15.39355182647705,
        15.485665321350098,
        15.348749160766602,
        15.236383438110352,
        14.94027328491211,
        14.920836448669434,
        14.865989685058594,
        14.797941207885742,
        14.675686836242676,
        14.675945281982422,
        14.607177734375
    ],
    "train_smape": [
        29.090106964111328,
        18.270076751708984,
        16.276287078857422,
        15.487098693847656,
        15.101554870605469,
        14.859366416931152,
        14.414133071899414,
        14.44201946258545,
        14.167698860168457,
        14.135753631591797,
        14.008378982543945,
        13.839958190917969,
        13.925162315368652,
        13.699546813964844,
        13.559680938720703,
        13.597655296325684,
        13.576300621032715,
        13.508577346801758,
        13.446638107299805,
        13.222301483154297,
        13.193920135498047,
        13.104358673095703,
        13.075966835021973,
        13.02538776397705,
        12.966154098510742,
        13.003079414367676
    ],
    "train_explained_variance": [
        0.149979829788208,
        0.6936461925506592,
        0.759577751159668,
        0.7826215624809265,
        0.7949435114860535,
        0.8039698004722595,
        0.8122066259384155,
        0.8133228421211243,
        0.8210793733596802,
        0.8212748169898987,
        0.8237951397895813,
        0.8280297517776489,
        0.8277177810668945,
        0.8315619826316833,
        0.8364644050598145,
        0.8357014060020447,
        0.8353990316390991,
        0.8385701179504395,
        0.8394031524658203,
        0.8441133499145508,
        0.8443961143493652,
        0.8462100028991699,
        0.8474524617195129,
        0.8476817607879639,
        0.8500890135765076,
        0.849765419960022
    ],
    "train_peak_error": [
        0.8529868125915527,
        0.4421502351760864,
        0.400462806224823,
        0.3974674940109253,
        0.3839377164840698,
        0.3667910695075989,
        0.3546670079231262,
        0.3510729670524597,
        0.33027219772338867,
        0.3448745012283325,
        0.35085439682006836,
        0.31632697582244873,
        0.34911197423934937,
        0.32631945610046387,
        0.3253400921821594,
        0.3010295629501343,
        0.32026511430740356,
        0.29163652658462524,
        0.29992812871932983,
        0.293504536151886,
        0.274474561214447,
        0.3130369186401367,
        0.2992834448814392,
        0.3012768626213074,
        0.29322028160095215,
        0.2952384948730469
    ],
    "val_loss": [
        0.006629461564740045,
        0.004294147282544014,
        0.0038140400641818915,
        0.003761491147841481,
        0.0036744868585826466,
        0.0035672171550916788,
        0.0035330794368729854,
        0.003375654830262333,
        0.0035821701307519735,
        0.003386942287404492,
        0.0033846925508579334,
        0.003327541112189563,
        0.0033957116409010597,
        0.0032454785000425664,
        0.003242268748815915,
        0.003235494137721525,
        0.003239500955042007,
        0.00326022162768829,
        0.003382820253387737,
        0.0035543888277313907,
        0.0033084234291111394,
        0.0032999953046012266,
        0.0033492812554841095,
        0.0035695765722918212,
        0.003530976358238313,
        0.003267574881960591
    ],