{
    "train_loss": [
        0.021571758316502033,
        0.0048456529604153364,
        0.0040685733332128165,
        0.0037524136774660373,
        0.003616227892587931,
        0.003504824495870808,
        0.003459234434598087,
        0.003387662351492864,
        0.0033157226809195765,
        0.0032357372317172906,
        0.0032359810044633353,
        0.0031680872757963185,
        0.0030834029844213594,
        0.0030986755262478963,
        0.00306791430899522,
        0.0029926727763999335,
        0.002949863701490931,
        0.0029392736434009597,
        0.002916218701108865,
        0.002864228429201815,
        0.0028467703798190614,
        0.002871623903884669,
        0.0028186410149742235,
        0.002796738203797699,
        0.002795402879045031,
        0.0027297830400406023,
        0.00272207708640453,
        0.0027373509660225145,
        0.0026850638917719867,
        0.0026692356271177295,
        0.0026398493825358416,
        0.002649945724197204,
        0.0025444136723376093,
        0.0025564198388790633,
        0.0025331178409395668,
        0.002521813171302081
    ],
    "train_mae": [
        0.09883222728967667,
        0.054385315626859665,
        0.049677733331918716,
        0.04751890152692795,
        0.04661029949784279,
        0.045960430055856705,
        0.045744601637125015,
        0.04519254341721535,
        0.044668298214673996,
        0.044110946357250214,
        0.0441582091152668,
        0.04367278888821602,
        0.04306807368993759,
        0.04321067035198212,
        0.043039657175540924,
        0.04243196174502373,
        0.04213850945234299,
        0.04206480085849762,
        0.041966259479522705,
        0.0415164940059185,
        0.04132353514432907,
        0.04152212664484978,
        0.04123789817094803,
        0.04101387411355972,
        0.04107380658388138,
        0.040483858436346054,
        0.04040483757853508,
        0.040476471185684204,
        0.040198683738708496,
        0.04006701335310936,
        0.03996273875236511,
        0.03999143838882446,
        0.03917383775115013,
        0.039054643362760544,
        0.03889474645256996,
        0.038887690752744675
    ],
    "train_mse": [
        0.02157175913453102,
        0.004845652263611555,
        0.004068573471158743,
        0.0037524134386330843,
        0.0036162277683615685,
        0.0035048245918005705,
        0.0034592340234667063,
        0.003387662349268794,
        0.003315722569823265,
        0.0032357373274862766,
        0.0032359811011701822,
        0.00316808745265007,
        0.0030834029894322157,
        0.003098675748333335,
        0.0030679143965244293,
        0.002992672612890601,
        0.0029498639050871134,
        0.002939273603260517,
        0.002916218712925911,
        0.002864228328689933,
        0.0028467702213674784,
        0.0028716239612549543,
        0.0028186410199850798,
        0.002796738175675273,
        0.0027954031247645617,
        0.002729782834649086,
        0.0027220770716667175,
        0.002737350994721055,
        0.002685063984245062,
        0.0026692356914281845,
        0.0026398494374006987,
        0.002649945905432105,
        0.0025444135535508394,
        0.0025564199313521385,
        0.0025331180077046156,
        0.0025218131486326456
    ],
    "train_rmse": [
        0.14687328040599823,
        0.06961072236299515,
        0.0637853667140007,
        0.06125694513320923,
        0.06013507768511772,
        0.05920155718922615,
        0.05881525203585625,
        0.05820363014936447,
        0.0575823113322258,
        0.056883540004491806,
        0.05688568577170372,
        0.05628576502203941,
        0.05552839860320091,
        0.0556657500565052,
        0.05538875609636307,
        0.05470532551407814,
        0.05431265011429787,
        0.054215069860219955,
        0.05400202423334122,
        0.05351848527789116,
        0.053355131298303604,
        0.05358753725886345,
        0.05309087410569191,
        0.05288419499993324,
        0.052871573716402054,
        0.05224732309579849,
        0.05217352882027626,
        0.05231969803571701,
        0.051817603409290314,
        0.051664646714925766,
        0.05137946456670761,
        0.05147762596607208,
        0.050442181527614594,
        0.050561051815748215,
        0.05033009126782417,
        0.050217658281326294
    ],
    "train_r2": [
        -0.014049410820007324,
        0.7722146511077881,
        0.8087437152862549,
        0.8236058354377747,
        0.8300076723098755,
        0.8352445363998413,
        0.8373876810073853,
        0.840752124786377,
        0.8441338539123535,
        0.8478938341140747,
        0.8478823900222778,
        0.8510739207267761,
        0.8550547957420349,
        0.8543368577957153,
        0.8557828664779663,
        0.8593198657035828,
        0.8613322377204895,
        0.8618300557136536,
        0.8629138469696045,
        0.8653578162193298,
        0.8661785125732422,
        0.865010142326355,
        0.8675007820129395,
        0.8685303926467896,
        0.868593156337738,
        0.871677815914154,
        0.8720400333404541,
        0.8713220357894897,
        0.8737800121307373,
        0.8745240569114685,
        0.875905454158783,
        0.8754308223724365,
        0.8803917169570923,
        0.8798273205757141,
        0.8809226751327515,
        0.8814541101455688
    ],
    "train_mape": [
        30.50185203552246,
        17.683807373046875,
        16.416282653808594,
        15.894682884216309,
        15.59614372253418,
        15.429183959960938,
        15.308401107788086,
        15.11673355102539,
        14.858407974243164,
        14.752411842346191,
        14.722024917602539,
        14.518146514892578,
        14.390715599060059,
        14.359049797058105,
        14.322614669799805,
        14.129507064819336,
        14.047733306884766,
        13.966358184814453,
        13.951659202575684,
        13.771150588989258,
        13.686219215393066,
        13.787537574768066,
        13.735034942626953,
        13.647034645080566,
        13.562323570251465,
        13.469904899597168,
        13.422828674316406,
        13.416208267211914,
        13.335415840148926,
        13.292509078979492,
        13.245110511779785,
        13.262979507446289,
        13.007246017456055,
        12.983708381652832,
        12.878437042236328,
        12.905083656311035
    ],
    "train_smape": [
        30.98220443725586,
        15.775516510009766,
        14.610809326171875,
        14.072553634643555,
        13.794219970703125,
        13.649211883544922,
        13.550148963928223,
        13.381851196289062,
        13.235321998596191,
        13.07540512084961,
        13.10920238494873,
        12.950881958007812,
        12.823266983032227,
        12.810730934143066,
        12.776114463806152,
        12.598162651062012,
        12.509586334228516,
        12.495908737182617,
        12.465301513671875,
        12.351485252380371,
        12.293368339538574,
        12.336730003356934,
        12.259413719177246,
        12.192217826843262,
        12.175312042236328,
        12.021883010864258,
        12.01358413696289,
        12.013835906982422,
        11.961174011230469,
        11.936250686645508,
        11.897592544555664,
        11.876734733581543,
        11.658122062683105,
        11.624058723449707,
        11.603753089904785,
        11.580010414123535
    ],