{
    "train_loss": [
        0.012067891810196962,
        0.004194155422138261,
        0.0040208272236568815,
        0.003822234602231738,
        0.003698912770438599,
        0.0037442447669044803,
        0.0037421785418914424,
        0.0036636880207311633,
        0.0036578396726894852,
        0.00359467739942034,
        0.003729972044503967,
        0.003606093445253551,
        0.0035923476803510616,
        0.0035308033558261905,
        0.0034583070835156287,
        0.0034435428372442908,
        0.0033929682747155534,
        0.0035386249521743587,
        0.0034201652372601267,
        0.003600258440894425,
        0.003355508080885905,
        0.0032922865054722875,
        0.0033477828781659506,
        0.0032741120592636877,
        0.0027336951912530706,
        0.0026219760350110637,
        0.0025967779036194156,
        0.0025779485875563365
    ],
    "train_mae": [
        0.06862043589353561,
        0.05088600888848305,
        0.049494896084070206,
        0.04808005690574646,
        0.04730809107422829,
        0.04771364480257034,
        0.04757176339626312,
        0.04719560965895653,
        0.047260839492082596,
        0.0466938242316246,
        0.04762856289744377,
        0.046520035713911057,
        0.04660707339644432,
        0.04617244377732277,
        0.045869629830121994,
        0.04569611698389053,
        0.04535156860947609,
        0.04629994183778763,
        0.045512206852436066,
        0.04677204042673111,
        0.045035019516944885,
        0.04474414139986038,
        0.04488352686166763,
        0.0444619245827198,
        0.04039055109024048,
        0.03947804123163223,
        0.03922111541032791,
        0.039127446711063385
    ],
    "train_mse": [
        0.012067893519997597,
        0.004194155335426331,
        0.004020826891064644,
        0.003822234459221363,
        0.003698912914842367,
        0.0037442450411617756,
        0.003742178436368704,
        0.003663688199594617,
        0.003657839959487319,
        0.0035946774296462536,
        0.0037299722898751497,
        0.003606093116104603,
        0.0035923479590564966,
        0.003530803369358182,
        0.0034583071246743202,
        0.003443542867898941,
        0.003392968326807022,
        0.0035386248491704464,
        0.0034201652742922306,
        0.0036002586130052805,
        0.0033555079717189074,
        0.0032922865357249975,
        0.003347782650962472,
        0.00327411200851202,
        0.002733695087954402,
        0.0026219759602099657,
        0.0025967780966311693,
        0.0025779486168175936
    ],
    "train_rmse": [
        0.10985396802425385,
        0.06476230174303055,
        0.06340999156236649,
        0.06182422116398811,
        0.060818687081336975,
        0.06119023635983467,
        0.061173345893621445,
        0.060528408735990524,
        0.06048008054494858,
        0.05995563045144081,
        0.06107350066304207,
        0.060050755739212036,
        0.059936199337244034,
        0.05942056328058243,
        0.058807373046875,
        0.058681707829236984,
        0.05824919044971466,
        0.05948634073138237,
        0.058482177555561066,
        0.0600021556019783,
        0.05792674794793129,
        0.05737844854593277,
        0.05786002799868584,
        0.05721985548734665,
        0.05228475108742714,
        0.05120523273944855,
        0.05095859244465828,
        0.0507735013961792
    ],
    "train_r2": [
        0.43271011114120483,
        0.8028403520584106,
        0.810988187789917,
        0.820323646068573,
        0.8261207938194275,
        0.8239898085594177,
        0.8240869641304016,
        0.8277766704559326,
        0.8280515670776367,
        0.831020712852478,
        0.8246607780456543,
        0.8304840922355652,
        0.8311302065849304,
        0.8340232968330383,
        0.8374312520027161,
        0.8381252884864807,
        0.8405026793479919,
        0.8336556553840637,
        0.8392242193222046,
        0.8307583332061768,
        0.8422635793685913,
        0.8452355265617371,
        0.8426267504692078,
        0.8460898995399475,
        0.871493935585022,
        0.8767456412315369,
        0.8779301643371582,
        0.8788152933120728
    ],
    "train_mape": [
        22.191499710083008,
        17.008119583129883,
        16.641647338867188,
        16.03781509399414,
        15.895668029785156,
        15.93767261505127,
        15.764676094055176,
        15.754793167114258,
        15.67383861541748,
        15.504020690917969,
        15.77861499786377,
        15.419679641723633,
        15.473578453063965,
        15.231430053710938,
        15.19583797454834,
        15.034098625183105,
        14.916218757629395,
        15.324443817138672,
        15.186452865600586,
        15.607314109802246,
        14.892361640930176,
        14.947432518005371,
        14.976485252380371,
        14.892233848571777,
        13.28225326538086,
        13.031633377075195,
        12.948497772216797,
        12.903347969055176
    ],
    "train_smape": [
        19.638582229614258,
        14.916370391845703,
        14.586457252502441,
        14.130144119262695,
        13.989035606384277,
        14.027142524719238,
        13.945768356323242,
        13.916933059692383,
        13.837301254272461,
        13.794645309448242,
        13.977655410766602,
        13.689560890197754,
        13.75897216796875,
        13.562872886657715,
        13.54965591430664,
        13.506370544433594,
        13.360822677612305,
        13.6378173828125,
        13.516217231750488,
        13.783939361572266,
        13.39724063873291,
        13.306191444396973,
        13.340165138244629,
        13.20324993133545,
        11.999483108520508,
        11.776644706726074,
        11.705549240112305,
        11.67631721496582
    ],
    "train_explained_variance": [
        0.4327191114425659,
        0.8028404116630554,
        0.8109925985336304,
        0.8203245997428894,
        0.8261240124702454,
        0.8239922523498535,
        0.8240882754325867,
        0.8277766704559326,
        0.8280559182167053,
        0.8310207724571228,
        0.8246628046035767,
        0.8304852843284607,
        0.8311302065849304,
        0.8340235352516174,
        0.8374313116073608,
        0.8381303548812866,
        0.8405063152313232,
        0.8336566090583801,
        0.8392248153686523,
        0.8307613134384155,
        0.8422636389732361,
        0.8452357053756714,
        0.8426269292831421,
        0.8460899591445923,
        0.8714986443519592,
        0.8767457008361816,
        0.8779303431510925,
        0.8788158893585205
    ],
    "train_peak_error": [
        1.6602823734283447,
        0.34890830516815186,
        0.339296817779541,
        0.36293262243270874,
        0.323725163936615,
        0.3358304500579834,
        0.30161893367767334,
        0.33500951528549194,
        0.3086879849433899,
        0.30863308906555176,
        0.30616551637649536,
        0.3172932267189026,
        0.34294581413269043,
        0.3453059792518616,
        0.31249141693115234,
        0.3638167381286621,
        0.29451537132263184,
        0.2989559769630432,
        0.3025451898574829,
        0.33289676904678345,
        0.34450554847717285,
        0.3308568000793457,
        0.3142358064651489,
        0.32495740056037903,
        0.28196096420288086,
        0.28216660022735596,
        0.26019179821014404,
        0.25841689109802246
    ],