{
    "train_loss": [
        0.011645981349063432,
        0.0046956790677602014,
        0.004067277735185373,
        0.003825140130722316,
        0.0036757853367583586,
        0.003544331726536973,
        0.0034599379806877183,
        0.003363730314890083,
        0.0033519241278451967,
        0.0032695470626362758,
        0.0032440670488061616,
        0.00318361559434409,
        0.00312357402307702,
        0.003134407269840123,
        0.003081974802700172,
        0.0030378464840419847,
        0.0030081184239112058,
        0.0030307942824107014,
        0.002978036539392868,
        0.00292896748019777,
        0.002954570448999507,
        0.002944919487975074,
        0.002891911837583287,
        0.0029015657891242725,
        0.0028821722912381435,
        0.0028752650441267458,
        0.002869648773371933,
        0.0028592110810056887,
        0.002852253418302491,
        0.0027548260387377926,
        0.0027281851514690298,
        0.002721290838516565,
        0.0027252630054917914
    ],
    "train_mae": [
        0.07915098965167999,
        0.053448863327503204,
        0.04974878579378128,
        0.04807474836707115,
        0.04715806245803833,
        0.04621078819036484,
        0.04567393660545349,
        0.04496093839406967,
        0.04487738758325577,
        0.044230226427316666,
        0.04412104934453964,
        0.043544184416532516,
        0.04323212057352066,
        0.04332491382956505,
        0.042983900755643845,
        0.04266912862658501,
        0.0424969382584095,
        0.042604103684425354,
        0.04224430397152901,
        0.04185360670089722,
        0.042025770992040634,
        0.04199628904461861,
        0.041544120758771896,
        0.041637543588876724,
        0.04148098826408386,
        0.04150078445672989,
        0.04149385541677475,
        0.041366592049598694,
        0.04134606942534447,
        0.04057612642645836,
        0.04041868820786476,
        0.040358901023864746,
        0.040353722870349884
    ],
    "train_mse": [
        0.011645980179309845,
        0.004695679061114788,
        0.0040672775357961655,
        0.003825140418484807,
        0.0036757851485162973,
        0.0035443317610770464,
        0.003459937870502472,
        0.0033637301530689,
        0.0033519240096211433,
        0.0032695468980818987,
        0.0032440670765936375,
        0.0031836156267672777,
        0.0031235741917043924,
        0.003134407103061676,
        0.003081974806264043,
        0.003037846414372325,
        0.003008118364959955,
        0.003030794207006693,
        0.002978036878630519,
        0.0029289675876498222,
        0.0029545703437179327,
        0.00294491951353848,
        0.0028919116593897343,
        0.0029015657491981983,
        0.002882172353565693,
        0.0028752649668604136,
        0.002869648626074195,
        0.002859210828319192,
        0.002852253383025527,
        0.002754826098680496,
        0.002728185150772333,
        0.0027212908025830984,
        0.0027252628933638334
    ],
    "train_rmse": [
        0.10791654139757156,
        0.06852502375841141,
        0.0637752115726471,
        0.06184772029519081,
        0.0606282539665699,
        0.05953428894281387,
        0.05882123485207558,
        0.057997673749923706,
        0.05789580196142197,
        0.057179950177669525,
        0.056956712156534195,
        0.05642353743314743,
        0.05588894337415695,
        0.05598577484488487,
        0.055515535175800323,
        0.05511666089296341,
        0.05484631657600403,
        0.05505264922976494,
        0.05457139387726784,
        0.054119937121868134,
        0.054355960339307785,
        0.05426711216568947,
        0.05377649888396263,
        0.0538661852478981,
        0.05368586629629135,
        0.05362149700522423,
        0.05356910079717636,
        0.05347158759832382,
        0.0534064918756485,
        0.05248643830418587,
        0.052232030779123306,
        0.05216599255800247,
        0.05220405012369156
    ],
    "train_r2": [
        0.45254355669021606,
        0.7792646288871765,
        0.8088046312332153,
        0.8201870918273926,
        0.8272079825401306,
        0.8333873748779297,
        0.8373545408248901,
        0.8418771028518677,
        0.8424321413040161,
        0.8463045358657837,
        0.8475022315979004,
        0.8503440022468567,
        0.853166401386261,
        0.8526571989059448,
        0.855121910572052,
        0.8571963310241699,
        0.8585938215255737,
        0.8575278520584106,
        0.8600078821182251,
        0.8623145222663879,
        0.8611109852790833,
        0.8615646362304688,
        0.8640564680099487,
        0.8636026382446289,
        0.8645142912864685,
        0.8648389577865601,
        0.865103006362915,
        0.865593671798706,
        0.8659207224845886,
        0.8705006241798401,
        0.8717529773712158,
        0.8720770478248596,
        0.8718903064727783
    ],
    "train_mape": [
        25.64823341369629,
        17.954879760742188,
        16.763744354248047,
        16.231351852416992,
        15.907292366027832,
        15.621060371398926,
        15.467697143554688,
        15.183199882507324,
        15.131573677062988,
        14.891606330871582,
        14.846259117126465,
        14.653542518615723,
        14.576214790344238,
        14.554619789123535,
        14.490562438964844,
        14.316876411437988,
        14.232895851135254,
        14.350807189941406,
        14.178077697753906,
        14.024569511413574,
        14.075236320495605,
        14.159835815429688,
        13.92703914642334,
        13.942541122436523,
        13.89481258392334,
        13.909191131591797,
        13.949544906616211,
        13.859052658081055,
        13.913683891296387,
        13.60748291015625,
        13.552607536315918,
        13.54272174835205,
        13.527748107910156
    ],
    "train_smape": [
        22.868595123291016,
        15.62816047668457,
        14.675910949707031,
        14.179913520812988,
        13.898446083068848,
        13.656076431274414,
        13.506815910339355,
        13.311378479003906,
        13.284503936767578,
        13.108251571655273,
        13.08730697631836,
        12.92740535736084,
        12.853147506713867,
        12.876282691955566,
        12.777824401855469,
        12.688240051269531,
        12.650914192199707,
        12.687545776367188,
        12.582113265991211,
        12.4618501663208,
        12.510035514831543,
        12.508378982543945,
        12.381790161132812,
        12.394392013549805,
        12.360298156738281,
        12.359147071838379,
        12.37841796875,
        12.329326629638672,
        12.3212251663208,
        12.095494270324707,
        12.060356140136719,
        12.046653747558594,
        12.034944534301758
    ],
    "train_explained_variance": [
        0.45722365379333496,
        0.7792651653289795,
        0.8088060617446899,
        0.8201876878738403,
        0.8272080421447754,
        0.8333873748779297,
        0.837354838848114,
        0.8418771028518677,
        0.8424350023269653,
        0.8463065028190613,
        0.8475043773651123,
        0.8503450751304626,
        0.8531664609909058,
        0.8526572585105896,
        0.8551226854324341,
        0.8571963310241699,
        0.8585951924324036,
        0.8575278520584106,
        0.8600092530250549,
        0.8623153567314148,
        0.8611112833023071,
        0.8615655899047852,
        0.8640564680099487,
        0.8636027574539185,
        0.864514946937561,
        0.8648390173912048,
        0.8651031851768494,
        0.8655954599380493,
        0.8659210801124573,
        0.8705019354820251,
        0.8717529773712158,
        0.872077465057373,
        0.8718903064727783
    ],