{
    "train_loss": [
        0.010723421601736154,
        0.005498931608367006,
        0.005079905808079996,
        0.005134139437430376,
        0.00505626409330972,
        0.004992010285009231,
        0.004919572944334532,
        0.004904194057479952,
        0.004881012903963522,
        0.004994103784702606,
        0.004853361733930887,
        0.005022675314842489,
        0.004896669445366666,
        0.004922376266710777,
        0.004842707916258409,
        0.0048436635276861125
    ],
    "train_mae": [
        0.07476680725812912,
        0.057995714247226715,
        0.056024860590696335,
        0.05599884316325188,
        0.05553118512034416,
        0.05523116514086723,
        0.05449026823043823,
        0.05468222126364708,
        0.05446067079901695,
        0.05486655980348587,
        0.054118748754262924,
        0.05519761145114899,
        0.05482551082968712,
        0.05487367510795593,
        0.05426722764968872,
        0.05422615259885788
    ],
    "train_mse": [
        0.010723421350121498,
        0.005498932208865881,
        0.005079905968159437,
        0.00513413967564702,
        0.005056263878941536,
        0.004992010537534952,
        0.004919573199003935,
        0.004904193803668022,
        0.004881012719124556,
        0.0049941036850214005,
        0.004853361751884222,
        0.005022675264626741,
        0.004896669648587704,
        0.004922375548630953,
        0.004842707421630621,
        0.004843663424253464
    ],
    "train_rmse": [
        0.10355395078659058,
        0.07415478676557541,
        0.07127346098423004,
        0.07165291160345078,
        0.0711074098944664,
        0.07065416127443314,
        0.07013966888189316,
        0.07002995163202286,
        0.06986424326896667,
        0.07066897302865982,
        0.0696660727262497,
        0.07087083160877228,
        0.06997621059417725,
        0.07015964388847351,
        0.06958956271409988,
        0.06959643214941025
    ],
    "train_r2": [
        0.4959113597869873,
        0.7415051460266113,
        0.7612028121948242,
        0.7586534023284912,
        0.7623141407966614,
        0.7653346061706543,
        0.7687397599220276,
        0.7694627046585083,
        0.770552396774292,
        0.7652361989021301,
        0.7718522548675537,
        0.7638931274414062,
        0.7698163986206055,
        0.7686079740524292,
        0.7723530530929565,
        0.7723081111907959
    ],
    "train_mape": [
        24.517778396606445,
        19.11793327331543,
        18.51022720336914,
        18.494060516357422,
        18.365707397460938,
        18.2562255859375,
        17.983427047729492,
        18.05771827697754,
        18.043575286865234,
        18.12786102294922,
        17.806663513183594,
        18.241777420043945,
        18.251785278320312,
        18.156686782836914,
        17.978599548339844,
        18.109914779663086
    ],
    "train_smape": [
        21.904102325439453,
        16.875118255615234,
        16.320180892944336,
        16.2498779296875,
        16.183292388916016,
        16.116609573364258,
        15.90768814086914,
        15.961053848266602,
        15.909284591674805,
        16.033823013305664,
        15.895548820495605,
        16.09494400024414,
        16.02854347229004,
        15.979230880737305,
        15.80696964263916,
        15.849971771240234
    ],
    "train_explained_variance": [
        0.49781334400177,
        0.7415573596954346,
        0.7612319588661194,
        0.7586879134178162,
        0.7623276114463806,
        0.7653495669364929,
        0.7687458992004395,
        0.7694774866104126,
        0.7705657482147217,
        0.7652375102043152,
        0.7718799710273743,
        0.7639153003692627,
        0.7698248624801636,
        0.7686172127723694,
        0.772362470626831,
        0.7723118662834167
    ],
    "train_peak_error": [
        0.7265256643295288,
        0.37981975078582764,
        0.4133278727531433,
        0.3917533755302429,
        0.37382543087005615,
        0.3433714509010315,
        0.3558316230773926,
        0.38064682483673096,
        0.4038086533546448,
        0.40636664628982544,
        0.384088397026062,
        0.41547393798828125,
        0.36969542503356934,
        0.35111182928085327,
        0.3701031804084778,
        0.3879240155220032
    ],
    "val_loss": [
        0.004345489250254824,
        0.004266047751423802,
        0.005253644460182396,
        0.0044486177070803355,
        0.004615768900663733,
        0.004158389109501736,
        0.004196401432076161,
        0.0042061889012806495,
        0.004176657612187613,
        0.004194498635868696,
        0.00506349908911603,
        0.004554847419503138,
        0.0047311591107076665,
        0.004314817493084631,
        0.004185779342903561,
        0.004323371945806652
    ],
    "val_mae": [
        0.05196521058678627,
        0.051786091178655624,
        0.05830264836549759,
        0.05301246792078018,
        0.05439010635018349,
        0.05094369873404503,
        0.05136384069919586,
        0.052143488079309464,
        0.05187572166323662,
        0.050995469093322754,
        0.05756235867738724,
        0.05420476943254471,
        0.05558956414461136,
        0.052571408450603485,
        0.05118677765130997,
        0.05241900309920311
    ],
    "val_mse": [
        0.004345489200204611,
        0.004266047850251198,
        0.005253644660115242,
        0.004448617808520794,
        0.0046157692559063435,
        0.004158389288932085,
        0.004196401219815016,
        0.004206188954412937,
        0.004176657646894455,
        0.004194498527795076,
        0.005063498858362436,
        0.004554847255349159,
        0.004731159191578627,
        0.004314817022532225,
        0.004185779485851526,
        0.004323371686041355
    ],
    "val_rmse": [
        0.06592032313346863,
        0.06531498581171036,
        0.07248202711343765,
        0.06669796258211136,
        0.06793945282697678,
        0.0644855722784996,
        0.06477963924407959,
        0.06485513597726822,
        0.06462706625461578,
        0.06476494669914246,
        0.071158267557621,
        0.0674896091222763,
        0.06878342479467392,
        0.06568726897239685,
        0.06469760090112686,
        0.06575234979391098
    ],
    "val_r2": [
        0.69758540391922,
        0.7031139731407166,
        0.6343843936920166,
        0.69040846824646,
        0.6787759065628052,
        0.7106062173843384,
        0.707960844039917,
        0.7072796821594238,
        0.7093348503112793,
        0.7080932855606079,
        0.6476171016693115,
        0.6830155849456787,
        0.6707456111907959,
        0.6997199654579163,
        0.7087000608444214,
        0.6991246938705444
    ],
    "val_mape": [
        24.73166847229004,
        24.2756404876709,
        30.8587703704834,
        26.289066314697266,
        28.08053207397461,
        23.75734519958496,
        24.311491012573242,
        27.603683471679688,
        26.59856414794922,
        22.939044952392578,
        30.7596378326416,
        28.4188175201416,
        29.830196380615234,
        26.879295349121094,
        24.86963653564453,
        26.429569244384766
    ],
    "val_smape": [
        19.95820426940918,
        20.049449920654297,
        22.027223587036133,
        20.327348709106445,
        20.759532928466797,
        19.77141761779785,
        19.9153995513916,
        20.205398559570312,
        20.05995750427246,
        19.93290901184082,
        21.894609451293945,
        20.852489471435547,
        21.33729362487793,
        20.249181747436523,
        19.66923713684082,
        20.141754150390625
    ],