{
    "train_loss": [
        0.011143839815287448,
        0.004226204239542413,
        0.0037431702075020425,
        0.003512796488890547,
        0.0033949972241561713,
        0.0032700464424847294,
        0.003172257096065164,
        0.0031951692868322085,
        0.0030795440415491955,
        0.0030306920535465437,
        0.002927109161641593,
        0.002962104352499781,
        0.0029052142602089175,
        0.002882764411854163,
        0.0028090935322388107,
        0.002803211998280632,
        0.0027523526668190375,
        0.0027101912888309095,
        0.002719637742259628,
        0.0026674640721010487,
        0.002630807285890346,
        0.002668960296213095
    ],
    "train_mae": [
        0.07574533671140671,
        0.0506175272166729,
        0.047757502645254135,
        0.04606712609529495,
        0.04538900405168533,
        0.04431741684675217,
        0.0436616912484169,
        0.04399294778704643,
        0.04290742054581642,
        0.04272019863128662,
        0.04177670180797577,
        0.04230104386806488,
        0.04182496666908264,
        0.04164816066622734,
        0.041161198168992996,
        0.04117685928940773,
        0.040762826800346375,
        0.04032260924577713,
        0.040528640151023865,
        0.04002667963504791,
        0.03989526629447937,
        0.04008836671710014
    ],
    "train_mse": [
        0.011143838986754417,
        0.004226204473525286,
        0.0037431702949106693,
        0.003512796713039279,
        0.003394997213035822,
        0.0032700463198125362,
        0.00317225675098598,
        0.00319516914896667,
        0.00307954428717494,
        0.003030691994354129,
        0.002927109133452177,
        0.0029621045105159283,
        0.0029052142053842545,
        0.0028827644418925047,
        0.0028090933337807655,
        0.002803212031722069,
        0.002752352738752961,
        0.0027101910673081875,
        0.002719637705013156,
        0.002667464083060622,
        0.0026308074593544006,
        0.0026689604856073856
    ],
    "train_rmse": [
        0.10556438565254211,
        0.06500926613807678,
        0.0611814521253109,
        0.059268850833177567,
        0.05826660618185997,
        0.05718431994318962,
        0.056322790682315826,
        0.0565258264541626,
        0.05549364164471626,
        0.05505172163248062,
        0.054102763533592224,
        0.05442522093653679,
        0.053900040686130524,
        0.053691379725933075,
        0.053000882267951965,
        0.052945367991924286,
        0.0524628683924675,
        0.05205949395895004,
        0.052150145173072815,
        0.051647499203681946,
        0.05129139870405197,
        0.051661983132362366
    ],
    "train_r2": [
        0.47614824771881104,
        0.8013337850570679,
        0.8240402936935425,
        0.8348697423934937,
        0.8404073119163513,
        0.8462810516357422,
        0.8508779406547546,
        0.8498008847236633,
        0.8552361726760864,
        0.8575326204299927,
        0.8624018430709839,
        0.8607568144798279,
        0.8634310960769653,
        0.8644864559173584,
        0.8679496049880981,
        0.8682260513305664,
        0.8706168532371521,
        0.8725988268852234,
        0.872154712677002,
        0.8746073246002197,
        0.8763304948806763,
        0.8745369911193848
    ],
    "train_mape": [
        24.99139976501465,
        16.76251983642578,
        15.96396541595459,
        15.471456527709961,
        15.270769119262695,
        14.857198715209961,
        14.597482681274414,
        14.639171600341797,
        14.339751243591309,
        14.234794616699219,
        13.906558990478516,
        13.982093811035156,
        13.886305809020996,
        13.800727844238281,
        13.677519798278809,
        13.5882568359375,
        13.472318649291992,
        13.356785774230957,
        13.437670707702637,
        13.203886032104492,
        13.122655868530273,
        13.22446060180664
    ],
    "train_smape": [
        21.29379653930664,
        14.816498756408691,
        14.066238403320312,
        13.574380874633789,
        13.39602279663086,
        13.076715469360352,
        12.875303268432617,
        12.960002899169922,
        12.68420696258545,
        12.633851051330566,
        12.326933860778809,
        12.48788833618164,
        12.354665756225586,
        12.283702850341797,
        12.181507110595703,
        12.125065803527832,
        12.06380844116211,
        11.929429054260254,
        11.992777824401855,
        11.819119453430176,
        11.784777641296387,
        11.850687980651855
    ],
    "train_explained_variance": [
        0.4783713221549988,
        0.8013375997543335,
        0.824040412902832,
        0.834870457649231,
        0.8404123783111572,
        0.8462827801704407,
        0.8508785963058472,
        0.8498013019561768,
        0.8552361726760864,
        0.8575326800346375,
        0.8624019026756287,
        0.8607569336891174,
        0.8634310960769653,
        0.864486575126648,
        0.8679496049880981,
        0.8682278394699097,
        0.870617151260376,
        0.8725990653038025,
        0.872154712677002,
        0.8746076226234436,
        0.8763306140899658,
        0.8745372891426086
    ],
    "train_peak_error": [
        0.7977766394615173,
        0.4142719507217407,
        0.37914788722991943,
        0.354148805141449,
        0.3468601703643799,
        0.3091474175453186,
        0.32964611053466797,
        0.31957507133483887,
        0.3026885390281677,
        0.3368423581123352,
        0.2824796438217163,
        0.29111248254776,
        0.33126717805862427,
        0.2824863791465759,
        0.30775880813598633,
        0.29105669260025024,
        0.29793834686279297,
        0.28352028131484985,
        0.2735635042190552,
        0.26837706565856934,
        0.27304714918136597,
        0.26946842670440674
    ],
    "val_loss": [
        0.0042580724277754695,
        0.0037281497166552348,
        0.0033270083339013855,
        0.00342746484873937,
        0.0033310858937476177,
        0.0033997490412468532,
        0.0032561149627050694,
        0.0034124093543630926,
        0.003231576570919413,
        0.003229615960384069,
        0.0033307465822469415,
        0.0030359341666477617,
        0.003192477549607162,
        0.0031362487756640468,
        0.0033521878728040044,
        0.003348343782930923,
        0.0032976640816844947,
        0.0032028539853987932,
        0.0033686391739576734,
        0.0034891556923632785,
        0.0031957475431665457,
        0.0036425708027275133
    ],
    "val_mae": [
        0.051342546939849854,
        0.048304446041584015,
        0.04566822201013565,
        0.046172454953193665,
        0.04580548033118248,
        0.04606527090072632,
        0.045294228941202164,
        0.046267908066511154,
        0.045300476253032684,
        0.045205894857645035,
        0.04580516368150711,
        0.043827250599861145,
        0.0449586920440197,
        0.04463469237089157,
        0.0460609570145607,
        0.04595799744129181,
        0.04542592912912369,
        0.045017559081315994,
        0.04629001021385193,
        0.046627987176179886,
        0.04488373547792435,
        0.04819812625646591
    ],