{
    "train_loss": [
        0.031640223792569436,
        0.004348320897050362,
        0.004115479065306611,
        0.003586774245169263,
        0.0032711494772972934,
        0.0031105248030126762,
        0.0028829356322511096,
        0.002755017503409517,
        0.002607228938582974,
        0.002136270268963317,
        0.0020025548441443813,
        0.001640062952719201,
        0.0016760417672191646,
        0.0014221964262155582,
        0.0013002648943647595,
        0.0010804295735627701,
        0.0006556443545453876,
        0.0005824175885404642,
        0.0005158015082834447,
        0.0005092096115015632
    ],
    "train_mae": [
        0.07618683576583862,
        0.0517781600356102,
        0.050094183534383774,
        0.04658051207661629,
        0.044873032718896866,
        0.04351895675063133,
        0.04191942885518074,
        0.041046056896448135,
        0.04005623608827591,
        0.036103080958127975,
        0.03501312434673309,
        0.03157241269946098,
        0.031939439475536346,
        0.029381556436419487,
        0.028183216229081154,
        0.025807995349168777,
        0.020110636949539185,
        0.018944161012768745,
        0.01784941740334034,
        0.017712917178869247
    ],
    "train_mse": [
        0.031640224158763885,
        0.0043483213521540165,
        0.004115479066967964,
        0.003586773993447423,
        0.0032711494714021683,
        0.0031105249654501677,
        0.0028829355724155903,
        0.0027550177183002234,
        0.0026072287000715733,
        0.0021362705156207085,
        0.002002554712817073,
        0.001640062895603478,
        0.0016760416328907013,
        0.0014221965102478862,
        0.001300264848396182,
        0.0010804295307025313,
        0.0006556443404406309,
        0.0005824175896123052,
        0.0005158014828339219,
        0.0005092096398584545
    ],
    "train_rmse": [
        0.17787699401378632,
        0.06594180315732956,
        0.06415200233459473,
        0.05988968163728714,
        0.05719396471977234,
        0.0557720810174942,
        0.05369297415018082,
        0.052488263696432114,
        0.051061030477285385,
        0.046219807118177414,
        0.0447499118745327,
        0.04049769043922424,
        0.040939487516880035,
        0.03771201893687248,
        0.0360591858625412,
        0.032869886606931686,
        0.02560555376112461,
        0.024133330211043358,
        0.022711263969540596,
        0.022565674036741257
    ],
    "train_r2": [
        -0.4873497486114502,
        0.79559326171875,
        0.8065387606620789,
        0.831392228603363,
        0.8462291955947876,
        0.8537797927856445,
        0.8644784092903137,
        0.870491623878479,
        0.8774389028549194,
        0.899577796459198,
        0.9058635234832764,
        0.9229035973548889,
        0.9212123155593872,
        0.9331451058387756,
        0.9388768672943115,
        0.9492109417915344,
        0.9691793322563171,
        0.9726216197013855,
        0.975753128528595,
        0.9760629534721375
    ],
    "train_mape": [
        24.797780990600586,
        17.485416412353516,
        16.60970687866211,
        15.457984924316406,
        14.847084999084473,
        14.223212242126465,
        13.770224571228027,
        13.101385116577148,
        13.035284042358398,
        11.568979263305664,
        11.290989875793457,
        10.068242073059082,
        9.94553279876709,
        9.255095481872559,
        8.853017807006836,
        8.161725044250488,
        6.206846237182617,
        5.747239112854004,
        5.545304298400879,
        5.4900126457214355
    ],
    "train_smape": [
        20.243724822998047,
        15.245067596435547,
        14.706208229064941,
        13.790230751037598,
        13.35489559173584,
        12.892863273620605,
        12.502259254455566,
        12.158944129943848,
        11.922441482543945,
        10.756978034973145,
        10.461068153381348,
        9.441088676452637,
        9.392592430114746,
        8.669770240783691,
        8.35757827758789,
        7.865190505981445,
        6.030999660491943,
        5.643130302429199,
        5.400965690612793,
        5.362785816192627
    ],
    "train_explained_variance": [
        -0.48599982261657715,
        0.7955948114395142,
        0.8065413236618042,
        0.831397294998169,
        0.8462318778038025,
        0.8537806272506714,
        0.8644837141036987,
        0.8704940676689148,
        0.8774392008781433,
        0.8995784521102905,
        0.9058640003204346,
        0.9229037761688232,
        0.921220064163208,
        0.9331456422805786,
        0.9388768672943115,
        0.9492117762565613,
        0.9691798686981201,
        0.9726219177246094,
        0.9757532477378845,
        0.9760631918907166
    ],
    "train_peak_error": [
        3.0485262870788574,
        0.29453331232070923,
        0.3122325539588928,
        0.3064374029636383,
        0.278130441904068,
        0.3203398585319519,
        0.24229127168655396,
        0.27750372886657715,
        0.2179419994354248,
        0.2583082318305969,
        0.20409023761749268,
        0.20375391840934753,
        0.22550565004348755,
        0.2001476287841797,
        0.17829889059066772,
        0.21122074127197266,
        0.1206974983215332,
        0.11867251992225647,
        0.12376901507377625,
        0.1190427765250206
    ],
    "val_loss": [
        0.005447326857703838,
        0.0038741449829485775,
        0.003774741536153735,
        0.004256443525094995,
        0.0030817443709284494,
        0.003576372890538878,
        0.004035713275653317,
        0.003930766868183938,
        0.003941887254096407,
        0.003973518269096347,
        0.004673233331690322,
        0.004842102594988541,
        0.004902364549481665,
        0.004661805530433818,
        0.005195832480910978,
        0.0043951584155530595,
        0.005167800199890362,
        0.0046206549017710225,
        0.005049409711894264,
        0.0047477201742904
    ],
    "val_mae": [
        0.06022104248404503,
        0.04963044449687004,
        0.048177286982536316,
        0.051696211099624634,
        0.044691696763038635,
        0.04723575711250305,
        0.05105728656053543,
        0.05020342394709587,
        0.050636619329452515,
        0.050875790417194366,
        0.05480443686246872,
        0.055406637489795685,
        0.055447980761528015,
        0.05437541380524635,
        0.05682022124528885,
        0.052582692354917526,
        0.057923682034015656,
        0.05441604182124138,
        0.05731424689292908,
        0.05500737205147743
    ],
    "val_mse": [
        0.00544732715934515,
        0.003874144982546568,
        0.0037747416645288467,
        0.004256443586200476,
        0.0030817443039268255,
        0.0035763727501034737,
        0.004035713151097298,
        0.003930766601115465,
        0.003941887058317661,
        0.003973518032580614,
        0.004673233721405268,
        0.0048421029932796955,
        0.004902364686131477,
        0.0046618059277534485,
        0.005195832345634699,
        0.0043951584957540035,
        0.00516780000180006,
        0.004620654974132776,
        0.005049409344792366,
        0.004747719969600439
    ],
    "val_rmse": [
        0.07380601018667221,
        0.06224263086915016,
        0.06143892556428909,
        0.06524142622947693,
        0.05551346018910408,
        0.05980278179049492,
        0.06352726370096207,
        0.06269582360982895,
        0.06278444826602936,
        0.06303584575653076,
        0.06836105138063431,
        0.06958521902561188,
        0.07001689076423645,
        0.06827741861343384,
        0.07208212465047836,
        0.06629598885774612,
        0.07188741117715836,
        0.06797540187835693,
        0.0710591971874237,
        0.06890369951725006
    ],