{
    "train_loss": [
        0.010591249401601915,
        0.004803626745144378,
        0.004561101667804217,
        0.004445226088139227,
        0.004613972234324569,
        0.004311958944037195,
        0.0044943812453945905,
        0.004296968356234699,
        0.0043321872666064,
        0.004220361471022231,
        0.004409636924631095,
        0.004436293520612797,
        0.004136835816207515,
        0.004538248814257639,
        0.004144914084639229,
        0.004295968268781455,
        0.004344487469431666,
        0.004258113728372286
    ],
    "train_mae": [
        0.06788517534732819,
        0.054330214858055115,
        0.05306258052587509,
        0.052436958998441696,
        0.05300987511873245,
        0.05140652507543564,
        0.052598826587200165,
        0.051071807742118835,
        0.051605354994535446,
        0.050936441868543625,
        0.05197418853640556,
        0.05233443155884743,
        0.050301291048526764,
        0.05289509892463684,
        0.05032769590616226,
        0.05133573338389397,
        0.051623452454805374,
        0.05108698830008507
    ],
    "train_mse": [
        0.010591248981654644,
        0.004803626798093319,
        0.004561102017760277,
        0.004445225931704044,
        0.004613972268998623,
        0.00431195879355073,
        0.004494381602853537,
        0.004296968691051006,
        0.004332187119871378,
        0.004220360890030861,
        0.004409636836498976,
        0.004436293616890907,
        0.004136835690587759,
        0.004538249224424362,
        0.004144913982599974,
        0.004295968450605869,
        0.004344487562775612,
        0.004258113447576761
    ],
    "train_rmse": [
        0.10291379690170288,
        0.06930819898843765,
        0.06753592938184738,
        0.06667252629995346,
        0.06792622804641724,
        0.06566550582647324,
        0.06704015284776688,
        0.0655512660741806,
        0.06581935286521912,
        0.06496430188417435,
        0.06640509516000748,
        0.06660550832748413,
        0.06431823968887329,
        0.06736652553081512,
        0.06438100337982178,
        0.06554363667964935,
        0.06591272354125977,
        0.06525421887636185
    ],
    "train_r2": [
        0.5021244883537292,
        0.7741901874542236,
        0.7855908274650574,
        0.7910379767417908,
        0.7831054925918579,
        0.7973026037216187,
        0.7887272238731384,
        0.7980072498321533,
        0.7963517308235168,
        0.8016084432601929,
        0.7927109003067017,
        0.7914578318595886,
        0.805534839630127,
        0.7866650819778442,
        0.8051550984382629,
        0.7980542778968811,
        0.7957735061645508,
        0.7998337745666504
    ],
    "train_mape": [
        22.44940757751465,
        18.331422805786133,
        17.97264289855957,
        17.731826782226562,
        18.049129486083984,
        17.583816528320312,
        17.86094093322754,
        17.61971092224121,
        17.672317504882812,
        17.594675064086914,
        17.92999267578125,
        17.973011016845703,
        17.477439880371094,
        18.094552993774414,
        17.324846267700195,
        17.73373031616211,
        17.824005126953125,
        17.48409652709961
    ],
    "train_smape": [
        19.143980026245117,
        15.87836742401123,
        15.553180694580078,
        15.340812683105469,
        15.542423248291016,
        15.14277458190918,
        15.445615768432617,
        15.080155372619629,
        15.186734199523926,
        15.072673797607422,
        15.355414390563965,
        15.41433334350586,
        14.920419692993164,
        15.541245460510254,
        14.856098175048828,
        15.193147659301758,
        15.259623527526855,
        15.046307563781738
    ],
    "train_explained_variance": [
        0.5021301507949829,
        0.7742004990577698,
        0.785608172416687,
        0.7910403609275818,
        0.7831120491027832,
        0.7973045110702515,
        0.7887347340583801,
        0.7980074286460876,
        0.7963519096374512,
        0.8016095161437988,
        0.7927133440971375,
        0.7914579510688782,
        0.8055376410484314,
        0.7866694331169128,
        0.8051550984382629,
        0.7980553507804871,
        0.7957735061645508,
        0.7998338341712952
    ],
    "train_peak_error": [
        1.3245302438735962,
        0.36143678426742554,
        0.3475354313850403,
        0.33474498987197876,
        0.43379878997802734,
        0.41276657581329346,
        0.3651437759399414,
        0.4221118688583374,
        0.34588921070098877,
        0.3368270993232727,
        0.3677717447280884,
        0.3722724914550781,
        0.40768200159072876,
        0.40770387649536133,
        0.3778705596923828,
        0.37100768089294434,
        0.35640639066696167,
        0.3350132703781128
    ],
    "val_loss": [
        0.003997668323522474,
        0.005699235092071321,
        0.0039252665640263674,
        0.003746827170587808,
        0.004022884940152331,
        0.003947560279965133,
        0.0063440915520081844,
        0.0035202277061134146,
        0.004094093864877447,
        0.0039008717042588285,
        0.005986076082042653,
        0.0038978806465676578,
        0.003819019489405717,
        0.005710091272757636,
        0.004276447740530849,
        0.003803531852276098,
        0.003880774798876733,
        0.003733562368484174
    ],
    "val_mae": [
        0.050022728741168976,
        0.0597633421421051,
        0.04983929172158241,
        0.049091845750808716,
        0.05005619302392006,
        0.048898857086896896,
        0.06516624987125397,
        0.046469446271657944,
        0.05047067627310753,
        0.048523373901844025,
        0.06238790228962898,
        0.04899032786488533,
        0.0487975999712944,
        0.060927778482437134,
        0.052177462726831436,
        0.048410795629024506,
        0.048758745193481445,
        0.04835860803723335
    ],
    "val_mse": [
        0.003997668623924255,
        0.005699235014617443,
        0.003925266209989786,
        0.0037468269001692533,
        0.004022884648293257,
        0.0039475602097809315,
        0.006344091147184372,
        0.0035202279686927795,
        0.004094093572348356,
        0.0039008716121315956,
        0.0059860763140022755,
        0.003897880669683218,
        0.0038190193008631468,
        0.005710091441869736,
        0.004276447929441929,
        0.0038035321049392223,
        0.0038807750679552555,
        0.0037335623055696487
    ],
    "val_rmse": [
        0.06322711706161499,
        0.07549327611923218,
        0.06265194714069366,
        0.06121132895350456,
        0.06342621147632599,
        0.06282961368560791,
        0.07964980602264404,
        0.059331510215997696,
        0.06398510187864304,
        0.06245695799589157,
        0.07736973464488983,
        0.06243300810456276,
        0.06179821491241455,
        0.0755651444196701,
        0.0653945580124855,
        0.06167278438806534,
        0.06229586899280548,
        0.06110288202762604
    ],
    "val_r2": [
        0.7217912673950195,
        0.6033744812011719,
        0.7268298864364624,
        0.7392479777336121,
        0.7200363874435425,
        0.725278377532959,
        0.5584971904754639,
        0.7550176382064819,
        0.715080738067627,
        0.7285276055335999,
        0.5834124684333801,
        0.7287357449531555,
        0.7342239022254944,
        0.6026189923286438,
        0.702390193939209,
        0.7353017330169678,
        0.7299261689186096,
        0.7401710748672485
    ],