{
    "train_loss": [
        0.4452702327470531,
        0.005390951348412282,
        0.005190740352132507,
        0.004715916346498147,
        0.004501394266095443,
        0.004570775937751177,
        0.004111840891076124,
        0.004319257152479347,
        0.004060197193169123,
        0.003923590288800088,
        0.004066094998362452,
        0.003811978760217959,
        0.003937422206574108,
        0.003805637040344527,
        0.0035608023272327574,
        0.0036335220017651238,
        0.0035658762114467,
        0.0036667047734840175,
        0.003426966511366066,
        0.003311368746811408,
        0.0033434410510904764
    ],
    "train_mae": [
        0.16252830624580383,
        0.057873841375112534,
        0.056493669748306274,
        0.05356857180595398,
        0.05220440775156021,
        0.05292404070496559,
        0.0502140186727047,
        0.05146199092268944,
        0.049680303782224655,
        0.04886811599135399,
        0.04960000887513161,
        0.04812172055244446,
        0.048751141875982285,
        0.04799359291791916,
        0.046449944376945496,
        0.04675997048616409,
        0.04649665579199791,
        0.047042883932590485,
        0.04532896727323532,
        0.04438298940658569,
        0.044758714735507965
    ],
    "train_mse": [
        0.4452701807022095,
        0.005390951409935951,
        0.005190740339457989,
        0.004715915769338608,
        0.004501393996179104,
        0.004570776131004095,
        0.004111840855330229,
        0.004319257102906704,
        0.004060197155922651,
        0.003923589829355478,
        0.004066095221787691,
        0.0038119787350296974,
        0.003937421832233667,
        0.003805637126788497,
        0.003560802200809121,
        0.0036335219629108906,
        0.00356587627902627,
        0.00366670498624444,
        0.003426966490224004,
        0.0033113686367869377,
        0.0033434410579502583
    ],
    "train_rmse": [
        0.667285680770874,
        0.07342309504747391,
        0.07204679399728775,
        0.06867252290248871,
        0.0670924261212349,
        0.06760751456022263,
        0.06412363797426224,
        0.0657210573554039,
        0.06371967494487762,
        0.06263856589794159,
        0.06376594305038452,
        0.06174122542142868,
        0.06274887919425964,
        0.061689846217632294,
        0.05967245623469353,
        0.06027870252728462,
        0.05971495807170868,
        0.06055332347750664,
        0.05854029953479767,
        0.057544492185115814,
        0.05782249569892883
    ],
    "train_r2": [
        -19.93134880065918,
        0.7465810775756836,
        0.7559926509857178,
        0.7783132791519165,
        0.7883976101875305,
        0.7851361036300659,
        0.8067097663879395,
        0.7969595193862915,
        0.8091374635696411,
        0.8155591487884521,
        0.8088602423667908,
        0.8208057284355164,
        0.8149089217185974,
        0.8211038708686829,
        0.8326131105422974,
        0.8291946649551392,
        0.8323745727539062,
        0.8276348114013672,
        0.8389045000076294,
        0.8443385362625122,
        0.8428308963775635
    ],
    "train_mape": [
        51.473106384277344,
        18.72808837890625,
        18.112321853637695,
        17.251453399658203,
        16.880510330200195,
        17.12041473388672,
        16.566165924072266,
        17.04498291015625,
        16.349740982055664,
        16.197965621948242,
        16.437015533447266,
        16.001869201660156,
        16.156414031982422,
        15.992011070251465,
        15.300069808959961,
        15.50915813446045,
        15.295595169067383,
        15.413960456848145,
        14.863030433654785,
        14.603598594665527,
        14.793292045593262
    ],
    "train_smape": [
        27.827442169189453,
        16.746183395385742,
        16.43174934387207,
        15.682901382446289,
        15.35643196105957,
        15.539656639099121,
        14.75067138671875,
        15.05026626586914,
        14.569385528564453,
        14.330245971679688,
        14.541557312011719,
        14.10672378540039,
        14.305191993713379,
        14.078502655029297,
        13.690607070922852,
        13.78750991821289,
        13.655604362487793,
        13.845165252685547,
        13.331252098083496,
        13.07360553741455,
        13.13675308227539
    ],
    "train_explained_variance": [
        -19.927072525024414,
        0.7465828657150269,
        0.7559930086135864,
        0.7783156633377075,
        0.7884005904197693,
        0.7851451635360718,
        0.8067104816436768,
        0.7969713807106018,
        0.8091447949409485,
        0.815561056137085,
        0.8088666200637817,
        0.8208099007606506,
        0.8149126172065735,
        0.8211106061935425,
        0.8326132893562317,
        0.8291998505592346,
        0.8323783874511719,
        0.8276375532150269,
        0.8389108777046204,
        0.8443386554718018,
        0.842835545539856
    ],
    "train_peak_error": [
        10.114460945129395,
        0.32295989990234375,
        0.39426612854003906,
        0.33717721700668335,
        0.3256152272224426,
        0.3835684657096863,
        0.3216216564178467,
        0.3355518579483032,
        0.3263004422187805,
        0.3140876293182373,
        0.3360394835472107,
        0.3202630281448364,
        0.3431251645088196,
        0.31201231479644775,
        0.2798423171043396,
        0.3135875463485718,
        0.30336225032806396,
        0.33578622341156006,
        0.3406164050102234,
        0.3491358160972595,
        0.28716886043548584
    ],
    "val_loss": [
        0.0054759771051220325,
        0.005518785896141538,
        0.0035267391048452194,
        0.00353372842421849,
        0.005595957070401461,
        0.005052403461375683,
        0.00340017441090652,
        0.003493318378040902,
        0.0033334950454157893,
        0.0032927774922694446,
        0.002952643288500446,
        0.0032105711299470433,
        0.0032981207050892304,
        0.004439318073149637,
        0.0032181762002086896,
        0.003081329011780431,
        0.0045514130584306,
        0.0030626011214373136,
        0.003346828245993355,
        0.0031790875700443127,
        0.003321068310011312
    ],
    "val_mae": [
        0.05978308245539665,
        0.06060774624347687,
        0.046801090240478516,
        0.04665299132466316,
        0.061296649277210236,
        0.05728330463171005,
        0.045695703476667404,
        0.046820297837257385,
        0.04562775790691376,
        0.04468036815524101,
        0.04275805875658989,
        0.044161807745695114,
        0.044858090579509735,
        0.052435219287872314,
        0.044897373765707016,
        0.04355251044034958,
        0.05396721139550209,
        0.0431518629193306,
        0.045348647981882095,
        0.04493490234017372,
        0.04559832811355591
    ],
    "val_mse": [
        0.005475976970046759,
        0.005518785677850246,
        0.0035267393104732037,
        0.0035337284207344055,
        0.0055959573946893215,
        0.005052403546869755,
        0.0034001744352281094,
        0.00349331833422184,
        0.0033334949985146523,
        0.0032927775755524635,
        0.0029526434373110533,
        0.003210571128875017,
        0.003298120805993676,
        0.004439318086951971,
        0.003218176309019327,
        0.0030813291668891907,
        0.004551413003355265,
        0.003062601201236248,
        0.0033468282781541348,
        0.0031790875364094973,
        0.003321068361401558
    ],