{
    "train_loss": [
        0.008017653512133596,
        0.004282574260069083,
        0.0038313601965710414,
        0.003711038955402314,
        0.0036218852709474195,
        0.0036970153266877204,
        0.0034891558965252853,
        0.0034988837319097506,
        0.003392566776532062,
        0.003664215318337709,
        0.0033768527655644582,
        0.0033673593737030658,
        0.003444555448461978,
        0.0033272190473627333,
        0.0033231140692893146
    ],
    "train_mae": [
        0.06285037100315094,
        0.05135041102766991,
        0.04839105159044266,
        0.04728595167398453,
        0.046955034136772156,
        0.04751776531338692,
        0.04599209502339363,
        0.04612639918923378,
        0.04544628784060478,
        0.04741622507572174,
        0.045249443501234055,
        0.04504762217402458,
        0.045804738998413086,
        0.04484274610877037,
        0.045179080218076706
    ],
    "train_mse": [
        0.008017652668058872,
        0.0042825741693377495,
        0.003831360023468733,
        0.003711039200425148,
        0.00362188508734107,
        0.0036970151122659445,
        0.0034891560208052397,
        0.0034988836850970984,
        0.003392566926777363,
        0.0036642150953412056,
        0.003376852720975876,
        0.003367359284311533,
        0.0034445554483681917,
        0.003327219048514962,
        0.003323114011436701
    ],
    "train_rmse": [
        0.08954134583473206,
        0.06544137746095657,
        0.06189798191189766,
        0.06091829761862755,
        0.06018209829926491,
        0.06080308556556702,
        0.05906907841563225,
        0.059151362627744675,
        0.05824574455618858,
        0.06053275987505913,
        0.05811069533228874,
        0.05802895128726959,
        0.05869033560156822,
        0.05768205225467682,
        0.057646457105875015
    ],
    "train_r2": [
        0.6231046319007874,
        0.7986838817596436,
        0.8198946714401245,
        0.8255507349967957,
        0.8297417163848877,
        0.8262100219726562,
        0.8359810709953308,
        0.835523784160614,
        0.8405215740203857,
        0.827751874923706,
        0.8412602543830872,
        0.8417065143585205,
        0.8380776643753052,
        0.8435934782028198,
        0.8437864184379578
    ],
    "train_mape": [
        20.737600326538086,
        17.144283294677734,
        16.37323570251465,
        15.884356498718262,
        15.721580505371094,
        15.807239532470703,
        15.320600509643555,
        15.375373840332031,
        15.015204429626465,
        15.594011306762695,
        14.964786529541016,
        14.946908950805664,
        15.08763313293457,
        14.786614418029785,
        15.091141700744629
    ],
    "train_smape": [
        18.17373275756836,
        15.14895248413086,
        14.31236457824707,
        13.959285736083984,
        13.840799331665039,
        13.947327613830566,
        13.548467636108398,
        13.63057804107666,
        13.377105712890625,
        13.892020225524902,
        13.322772026062012,
        13.34040641784668,
        13.483230590820312,
        13.21596908569336,
        13.389412879943848
    ],
    "train_explained_variance": [
        0.6232850551605225,
        0.7986847162246704,
        0.8198956251144409,
        0.8255515098571777,
        0.8297418355941772,
        0.8262107372283936,
        0.8359873294830322,
        0.8355240225791931,
        0.8405221700668335,
        0.8277525305747986,
        0.841261625289917,
        0.8417066931724548,
        0.8380776643753052,
        0.843593955039978,
        0.843787670135498
    ],
    "train_peak_error": [
        1.157677412033081,
        0.29980844259262085,
        0.3528623580932617,
        0.35415083169937134,
        0.3498639464378357,
        0.42430996894836426,
        0.3097894787788391,
        0.31967490911483765,
        0.3615134358406067,
        0.3412238359451294,
        0.3281254172325134,
        0.36313122510910034,
        0.37772464752197266,
        0.2988552451133728,
        0.27359890937805176
    ],
    "val_loss": [
        0.004434491522516386,
        0.0038655421164610405,
        0.003095574244227019,
        0.003599499551070144,
        0.0030723040185955844,
        0.003872115214308389,
        0.004569863751530647,
        0.003428494067956432,
        0.0035391797361185224,
        0.003500431429078843,
        0.003465961585183152,
        0.0036767941070787553,
        0.003220380615181685,
        0.003288275248726173,
        0.0031380081987142454
    ],
    "val_mae": [
        0.05345546826720238,
        0.04957461729645729,
        0.04446083679795265,
        0.04780452698469162,
        0.04403931275010109,
        0.04955720901489258,
        0.05384130775928497,
        0.04652031883597374,
        0.047303494065999985,
        0.04751330986618996,
        0.04705333337187767,
        0.04822447523474693,
        0.044768646359443665,
        0.04512491449713707,
        0.04458524286746979
    ],
    "val_mse": [
        0.004434491507709026,
        0.0038655423559248447,
        0.0030955742113292217,
        0.003599499585106969,
        0.0030723039526492357,
        0.003872115397825837,
        0.004569863434880972,
        0.003428494092077017,
        0.00353917945176363,
        0.0035004315432161093,
        0.003465961432084441,
        0.0036767940036952496,
        0.0032203805167227983,
        0.003288275096565485,
        0.0031380082946270704
    ],
    "val_rmse": [
        0.06659197807312012,
        0.06217348575592041,
        0.05563788488507271,
        0.059995830059051514,
        0.05542836710810661,
        0.062226325273513794,
        0.06760076433420181,
        0.05855334550142288,
        0.059491004794836044,
        0.05916444584727287,
        0.058872416615486145,
        0.060636572539806366,
        0.0567483976483345,
        0.057343482971191406,
        0.0560179278254509
    ],
    "val_r2": [
        0.6913914680480957,
        0.7309862375259399,
        0.7845704555511475,
        0.7495008707046509,
        0.7861899137496948,
        0.7305288314819336,
        0.6819705963134766,
        0.7614016532897949,
        0.7536987066268921,
        0.7563953399658203,
        0.7587941884994507,
        0.744121789932251,
        0.7758848667144775,
        0.7711598873138428,
        0.7816173434257507
    ],
    "val_mape": [
        30.26164436340332,
        22.67683219909668,
        22.635040283203125,
        25.265914916992188,
        20.192501068115234,
        21.707067489624023,
        26.068565368652344,
        21.388504028320312,
        23.253873825073242,
        22.824247360229492,
        24.539840698242188,
        22.52564811706543,
        19.895614624023438,
        21.0506649017334,
        21.42206382751465
    ],
    "val_smape": [
        20.832921981811523,
        19.402738571166992,
        17.639585494995117,
        18.857654571533203,
        17.314266204833984,
        19.557052612304688,
        20.013389587402344,
        18.324932098388672,
        18.570602416992188,
        18.665876388549805,
        18.600927352905273,
        19.077529907226562,
        17.9488468170166,
        18.056354522705078,
        17.78948974609375
    ],
    "val_explained_variance": [
        0.7730847597122192,
        0.7569873332977295,
        0.7849295139312744,
        0.7663252949714661,
        0.786251962184906,
        0.7412956357002258,
        0.7697493433952332,
        0.7792404294013977,
        0.7536987662315369,
        0.7599691152572632,
        0.7673815488815308,
        0.7465679049491882,
        0.7884233593940735,
        0.7750677466392517,
        0.7826097011566162
    ],