{
    "train_loss": [
        0.011291799241698793,
        0.004278510659154934,
        0.003917692073252464,
        0.0037720201103239033,
        0.0038149869386186045,
        0.0035667585339294295,
        0.0036414092099440907,
        0.003701711563938612,
        0.003598028800281665,
        0.003485461468760656,
        0.0035313359249071518,
        0.0034103156988946203,
        0.003419776341674978
    ],
    "train_mae": [
        0.06807747483253479,
        0.05099545419216156,
        0.04889138415455818,
        0.04785454273223877,
        0.04811709001660347,
        0.04646150395274162,
        0.04700804501771927,
        0.04743155092000961,
        0.04684377834200859,
        0.0459463931620121,
        0.046253055334091187,
        0.045530714094638824,
        0.04569706320762634
    ],
    "train_mse": [
        0.011291800066828728,
        0.004278510343283415,
        0.0039176917634904385,
        0.003772019874304533,
        0.0038149869069457054,
        0.003566758707165718,
        0.0036414091009646654,
        0.003701711306348443,
        0.003598029026761651,
        0.00348546146415174,
        0.0035313358530402184,
        0.0034103156067430973,
        0.003419776214286685
    ],
    "train_rmse": [
        0.10626288503408432,
        0.0654103234410286,
        0.06259147077798843,
        0.06141677126288414,
        0.061765581369400024,
        0.05972234532237053,
        0.060344088822603226,
        0.06084169074892998,
        0.059983573853969574,
        0.05903779715299606,
        0.05942504480481148,
        0.05839790776371956,
        0.05847885087132454
    ],
    "train_r2": [
        0.4691929221153259,
        0.7988749742507935,
        0.8158363699913025,
        0.8226841688156128,
        0.8206643462181091,
        0.8323330879211426,
        0.8288239240646362,
        0.8259892463684082,
        0.8308631777763367,
        0.8361547589302063,
        0.8339982628822327,
        0.8396872282028198,
        0.8392425179481506
    ],
    "train_mape": [
        22.537120819091797,
        16.975269317626953,
        16.480066299438477,
        16.098318099975586,
        15.88869571685791,
        15.486921310424805,
        15.740211486816406,
        15.757896423339844,
        15.477611541748047,
        15.18376350402832,
        15.357250213623047,
        15.000804901123047,
        15.135286331176758
    ],
    "train_smape": [
        19.290945053100586,
        14.861112594604492,
        14.403822898864746,
        14.059524536132812,
        14.088360786437988,
        13.660123825073242,
        13.819581031799316,
        13.85768985748291,
        13.71651840209961,
        13.533668518066406,
        13.596688270568848,
        13.392925262451172,
        13.462303161621094
    ],
    "train_explained_variance": [
        0.46921783685684204,
        0.7988910675048828,
        0.8158364295959473,
        0.8226932287216187,
        0.8206706047058105,
        0.83233642578125,
        0.8288252949714661,
        0.8259931802749634,
        0.8308631777763367,
        0.8361564874649048,
        0.8339995741844177,
        0.8396872878074646,
        0.8392451405525208
    ],
    "train_peak_error": [
        1.5165448188781738,
        0.356673002243042,
        0.347029447555542,
        0.3167839050292969,
        0.32523059844970703,
        0.33940792083740234,
        0.3054669499397278,
        0.34983527660369873,
        0.3299027681350708,
        0.29861021041870117,
        0.3125951290130615,
        0.30705493688583374,
        0.3027811646461487
    ],
    "val_loss": [
        0.003817822314772031,
        0.0037590294807861233,
        0.0030240284194231783,
        0.0030256291774014453,
        0.003231187924883402,
        0.005088548926542774,
        0.004654634164230858,
        0.005710057970002401,
        0.003275633780118212,
        0.00352762773170692,
        0.003165336541107876,
        0.003605470628470933,
        0.003385152011915452
    ],
    "val_mae": [
        0.04888375848531723,
        0.049254368990659714,
        0.04360245168209076,
        0.043420638889074326,
        0.045282695442438126,
        0.05715706944465637,
        0.05508013442158699,
        0.06248336657881737,
        0.04526900127530098,
        0.046834927052259445,
        0.044592227786779404,
        0.047856394201517105,
        0.045948319137096405
    ],
    "val_mse": [
        0.0038178223185241222,
        0.0037590295542031527,
        0.0030240286141633987,
        0.0030256290920078754,
        0.0032311880495399237,
        0.005088548641651869,
        0.004654634278267622,
        0.005710058379918337,
        0.003275633789598942,
        0.003527627792209387,
        0.0031653367914259434,
        0.003605470759794116,
        0.003385151969268918
    ],
    "val_rmse": [
        0.06178852915763855,
        0.06131092458963394,
        0.05499116703867912,
        0.055005718022584915,
        0.05684354156255722,
        0.07133406400680542,
        0.06822487711906433,
        0.0755649283528328,
        0.05723315104842186,
        0.05939383804798126,
        0.0562613271176815,
        0.060045573860406876,
        0.05818205699324608
    ],
    "val_r2": [
        0.7343072295188904,
        0.7383987903594971,
        0.7895495295524597,
        0.7894381284713745,
        0.7751327157020569,
        0.6458739042282104,
        0.6760711669921875,
        0.60262131690979,
        0.7720395922660828,
        0.7545026540756226,
        0.7797154784202576,
        0.7490853071212769,
        0.7644179463386536
    ],
    "val_mape": [
        21.445106506347656,
        26.552265167236328,
        21.67564582824707,
        20.01749610900879,
        23.957998275756836,
        26.932096481323242,
        26.848072052001953,
        32.567806243896484,
        22.6634464263916,
        23.184247970581055,
        23.272056579589844,
        27.224233627319336,
        20.88687515258789
    ],
    "val_smape": [
        19.242156982421875,
        19.417098999023438,
        17.31349754333496,
        17.291074752807617,
        18.028095245361328,
        20.9101505279541,
        20.469697952270508,
        23.48796272277832,
        17.93194580078125,
        18.233070373535156,
        17.76612091064453,
        19.208051681518555,
        17.918554306030273
    ],
    "val_explained_variance": [
        0.7580711245536804,
        0.7680824995040894,
        0.789803147315979,
        0.7900000810623169,
        0.7751333713531494,
        0.7430813312530518,
        0.7883662581443787,
        0.7878021597862244,
        0.7723064422607422,
        0.763119101524353,
        0.7830770611763,
        0.7700303196907043,
        0.7708600759506226
    ],
    "val_peak_error": [
        0.2305191308259964,
        0.22467556595802307,
        0.22907069325447083,
        0.19890671968460083,
        0.21685022115707397,
        0.24463367462158203,
        0.2281976342201233,
        0.22931888699531555,
        0.22674864530563354,
        0.2697858214378357,
        0.20491689443588257,
        0.218062162399292,
        0.2469671070575714
    ],
    "lr": [
        0.01,
        0.01,
        0.01,
        0.01,
        0.01,
        0.01,
        0.01,
        0.01,
        0.01,
        0.01,
        0.01,
        0.01,
        0.01
    ]
}