{
    "train_loss": [
        0.011998639798199352,
        0.0038707623268174397,
        0.0035521143239532994,
        0.003556797908658061,
        0.003103136824329678,
        0.0029832859838072505,
        0.0028411574794211256,
        0.0026246625135300837,
        0.002467193722040866,
        0.002094695792114475,
        0.0021797727947478664,
        0.0018891895331953838,
        0.0017593650255494386,
        0.0014817143015965215
    ],
    "train_mae": [
        0.06705254316329956,
        0.04841078817844391,
        0.04658127203583717,
        0.04668458551168442,
        0.04330652207136154,
        0.04252036660909653,
        0.04142679274082184,
        0.04010907560586929,
        0.03876388072967529,
        0.035683419555425644,
        0.036221470683813095,
        0.03403441607952118,
        0.032842330634593964,
        0.029934730380773544
    ],
    "train_mse": [
        0.01199863851070404,
        0.003870762186124921,
        0.003552114125341177,
        0.003556797979399562,
        0.0031031365506350994,
        0.0029832858126610518,
        0.002841157605871558,
        0.0026246625930070877,
        0.0024671938735991716,
        0.002094695810228586,
        0.0021797725930809975,
        0.0018891895888373256,
        0.001759365084581077,
        0.001481714309193194
    ],
    "train_rmse": [
        0.10953829437494278,
        0.062215451151132584,
        0.0595996156334877,
        0.059638895094394684,
        0.055705804377794266,
        0.05461946502327919,
        0.05330251157283783,
        0.05123146250844002,
        0.049670856446027756,
        0.04576784744858742,
        0.04668803513050079,
        0.04346480965614319,
        0.04194478690624237,
        0.038493040949106216
    ],
    "train_r2": [
        0.4359655976295471,
        0.8180424571037292,
        0.8330215215682983,
        0.832801342010498,
        0.8541271686553955,
        0.859761118888855,
        0.8664423227310181,
        0.8766193389892578,
        0.8840216994285583,
        0.9015321135520935,
        0.8975328207015991,
        0.9111925959587097,
        0.9172954559326172,
        0.9303472638130188
    ],
    "train_mape": [
        22.195032119750977,
        16.051475524902344,
        15.287280082702637,
        15.405585289001465,
        14.14979076385498,
        13.889119148254395,
        13.405048370361328,
        12.844392776489258,
        12.36004638671875,
        11.369341850280762,
        11.554943084716797,
        11.015609741210938,
        10.397963523864746,
        9.454865455627441
    ],
    "train_smape": [
        18.976890563964844,
        14.239428520202637,
        13.642366409301758,
        13.744856834411621,
        12.783098220825195,
        12.562982559204102,
        12.237164497375488,
        11.797859191894531,
        11.370816230773926,
        10.52108097076416,
        10.629054069519043,
        10.089977264404297,
        9.696024894714355,
        8.8572998046875
    ],
    "train_explained_variance": [
        0.4362815022468567,
        0.8180424571037292,
        0.8330302834510803,
        0.8328016400337219,
        0.8541283011436462,
        0.8597612380981445,
        0.8664423823356628,
        0.8766227960586548,
        0.8840216994285583,
        0.9015321135520935,
        0.8975352048873901,
        0.9111926555633545,
        0.9172970652580261,
        0.930347740650177
    ],
    "train_peak_error": [
        1.439070224761963,
        0.38544517755508423,
        0.32595133781433105,
        0.289914608001709,
        0.32799798250198364,
        0.2698555886745453,
        0.26867103576660156,
        0.2495962381362915,
        0.23957639932632446,
        0.2567801773548126,
        0.25010189414024353,
        0.2327377200126648,
        0.2115526795387268,
        0.218939870595932
    ],
    "val_loss": [
        0.0037922267156499,
        0.0033102007071896316,
        0.003944756427525188,
        0.0030828517663842,
        0.00339245035155616,
        0.003105230011555145,
        0.003556462909168691,
        0.003589068709088744,
        0.00443000581229387,
        0.004354114714011603,
        0.0048031332817853245,
        0.004551721591529229,
        0.0046651492732838334,
        0.004483446972779662
    ],
    "val_mae": [
        0.048937901854515076,
        0.0457487553358078,
        0.050256311893463135,
        0.044163040816783905,
        0.04701005294919014,
        0.04440532997250557,
        0.047604918479919434,
        0.04797758534550667,
        0.05323093757033348,
        0.053091101348400116,
        0.055671997368335724,
        0.054096609354019165,
        0.05589832365512848,
        0.054458439350128174
    ],
    "val_mse": [
        0.003792226780205965,
        0.00331020075827837,
        0.003944756463170052,
        0.003082851879298687,
        0.0033924502786248922,
        0.0031052299309521914,
        0.0035564631689339876,
        0.003589068539440632,
        0.004430005792528391,
        0.004354114644229412,
        0.004803133197128773,
        0.00455172173678875,
        0.004665149375796318,
        0.004483446944504976
    ],
    "val_rmse": [
        0.06158106029033661,
        0.057534344494342804,
        0.06280729919672012,
        0.05552343651652336,
        0.058244746178388596,
        0.05572459101676941,
        0.05963608995079994,
        0.05990883708000183,
        0.06655828654766083,
        0.06598571687936783,
        0.06930463761091232,
        0.06746644526720047,
        0.06830190122127533,
        0.06695854663848877
    ],
    "val_r2": [
        0.7360885143280029,
        0.7696340084075928,
        0.7254735231399536,
        0.7854558229446411,
        0.7639100551605225,
        0.7838984727859497,
        0.7524959444999695,
        0.7502268552780151,
        0.6917036771774292,
        0.696985125541687,
        0.665736734867096,
        0.6832331418991089,
        0.67533940076828,
        0.6879845857620239
    ],
    "val_mape": [
        26.842256546020508,
        22.42860984802246,
        25.506746292114258,
        21.249916076660156,
        21.70956802368164,
        21.46234130859375,
        22.560989379882812,
        23.64272117614746,
        26.537843704223633,
        24.48624038696289,
        28.812801361083984,
        26.65712547302246,
        26.061016082763672,
        24.341476440429688
    ],
    "val_smape": [
        19.284337997436523,
        17.943256378173828,
        19.286272048950195,
        17.381635665893555,
        18.37935447692871,
        17.665973663330078,
        18.877870559692383,
        18.80472183227539,
        20.834102630615234,
        20.279172897338867,
        21.432273864746094,
        20.993446350097656,
        21.725704193115234,
        21.188194274902344
    ],
    "val_explained_variance": [
        0.7427728176116943,
        0.7764664888381958,
        0.7851687669754028,
        0.786212682723999,
        0.7646107077598572,
        0.7841553688049316,
        0.7558966875076294,
        0.7659724950790405,
        0.692514181137085,
        0.7116665840148926,
        0.6992605924606323,
        0.6843953132629395,
        0.6774027347564697,
        0.6884213089942932
    ],
    "val_peak_error": [
        0.21029627323150635,
        0.19720548391342163,
        0.22498804330825806,
        0.19517749547958374,
        0.23400187492370605,
        0.19677501916885376,
        0.19185328483581543,
        0.19263336062431335,
        0.22164690494537354,
        0.1997661590576172,
        0.22937913239002228,
        0.22886085510253906,
        0.19940504431724548,
        0.20420430600643158
    ],
    "lr": [
        0.01,
        0.01,
        0.01,
        0.01,
        0.01,
        0.01,
        0.01,
        0.01,
        0.01,
        0.01,
        0.01,
        0.01,
        0.01,
        0.01
    ]
}