{
    "train_loss": [
        0.0162038311105775,
        0.004186397839023752,
        0.004230991281039086,
        0.004238997563187688,
        0.004123668612584099,
        0.003864204425325932,
        0.003918057520602562,
        0.0036502166107283654,
        0.003948819560024213,
        0.003889512182878443,
        0.003705596143195665,
        0.0038217130982737086,
        0.0036847236585163547,
        0.003772477222179304,
        0.0037982277583141367,
        0.00372495680373466,
        0.00369806364680815,
        0.003769443317653888,
        0.0035523668618928283,
        0.003497439604036065,
        0.0036414579508380466
    ],
    "train_mae": [
        0.07318674027919769,
        0.050719279795885086,
        0.05079346150159836,
        0.05107094347476959,
        0.050207220017910004,
        0.048475172370672226,
        0.04891146346926689,
        0.04692963883280754,
        0.049165815114974976,
        0.04863834008574486,
        0.04749269038438797,
        0.04821808636188507,
        0.04720698669552803,
        0.047936778515577316,
        0.04793063923716545,
        0.04722878336906433,
        0.04700765758752823,
        0.04757387936115265,
        0.04639464616775513,
        0.045829083770513535,
        0.04689333960413933
    ],
    "train_mse": [
        0.016203831881284714,
        0.004186398349702358,
        0.004230991471558809,
        0.004238997586071491,
        0.004123668652027845,
        0.0038642045110464096,
        0.003918057773262262,
        0.0036502163857221603,
        0.003948819357901812,
        0.003889512037858367,
        0.0037055963184684515,
        0.0038217133842408657,
        0.0036847235169261694,
        0.003772477386519313,
        0.0037982279900461435,
        0.0037249568849802017,
        0.0036980637814849615,
        0.0037694433704018593,
        0.003552366979420185,
        0.0034974394366145134,
        0.0036414579953998327
    ],
    "train_rmse": [
        0.12729427218437195,
        0.06470238417387009,
        0.06504607200622559,
        0.06510758399963379,
        0.06421579420566559,
        0.06216272711753845,
        0.06259439140558243,
        0.060417018830776215,
        0.06283963471651077,
        0.062365952879190445,
        0.0608736090362072,
        0.06182000786066055,
        0.06070192530751228,
        0.0614204965531826,
        0.0616297647356987,
        0.06103242561221123,
        0.06081170588731766,
        0.0613957941532135,
        0.059601735323667526,
        0.059139154851436615,
        0.06034449487924576
    ],
    "train_r2": [
        0.23828715085983276,
        0.8032050132751465,
        0.801108717918396,
        0.8007323741912842,
        0.8061537742614746,
        0.8183507323265076,
        0.8158192038536072,
        0.8284099102020264,
        0.8143731355667114,
        0.8171610832214355,
        0.8258066177368164,
        0.8203481435775757,
        0.8267878293991089,
        0.8226626515388489,
        0.8214521408081055,
        0.824896514415741,
        0.8261606693267822,
        0.8228052854537964,
        0.833009660243988,
        0.8355916738510132,
        0.8288216590881348
    ],
    "train_mape": [
        23.841445922851562,
        16.962604522705078,
        17.095876693725586,
        17.04071807861328,
        16.61164093017578,
        16.116230010986328,
        16.31092643737793,
        15.717218399047852,
        16.292327880859375,
        16.180850982666016,
        15.75720500946045,
        16.08637809753418,
        15.831039428710938,
        16.10674285888672,
        16.01568031311035,
        15.80317497253418,
        15.338784217834473,
        15.781110763549805,
        15.461519241333008,
        15.329729080200195,
        15.750828742980957
    ],
    "train_smape": [
        20.237913131713867,
        14.895094871520996,
        14.926506996154785,
        14.955395698547363,
        14.688533782958984,
        14.193597793579102,
        14.32161808013916,
        13.81706714630127,
        14.34808349609375,
        14.292313575744629,
        13.976841926574707,
        14.214629173278809,
        13.965356826782227,
        14.232237815856934,
        14.14178466796875,
        13.972674369812012,
        13.789996147155762,
        14.044147491455078,
        13.75721549987793,
        13.60799503326416,
        13.884785652160645
    ],
    "train_explained_variance": [
        0.23828887939453125,
        0.8032091856002808,
        0.801115095615387,
        0.8007448315620422,
        0.8061595559120178,
        0.818354606628418,
        0.8158254623413086,
        0.8284099102020264,
        0.8143802285194397,
        0.8171610832214355,
        0.8258122205734253,
        0.8203483819961548,
        0.8267890810966492,
        0.8226644992828369,
        0.8214521408081055,
        0.8248965740203857,
        0.8261609077453613,
        0.8228079080581665,
        0.833009660243988,
        0.8355919122695923,
        0.828822135925293
    ],
    "train_peak_error": [
        1.7463653087615967,
        0.3767220973968506,
        0.3410484194755554,
        0.3303932547569275,
        0.3711656928062439,
        0.3583560585975647,
        0.3444960117340088,
        0.32869499921798706,
        0.34162312746047974,
        0.36722660064697266,
        0.3314889073371887,
        0.3799632787704468,
        0.3484906554222107,
        0.34809327125549316,
        0.33844608068466187,
        0.39506328105926514,
        0.31965774297714233,
        0.3313331604003906,
        0.36555421352386475,
        0.35052818059921265,
        0.3301752805709839
    ],
    "val_loss": [
        0.00410984528445297,
        0.0033213264489774224,
        0.004014329853125935,
        0.005299789530607007,
        0.0031495424068579787,
        0.0034977212404872443,
        0.003166767402498467,
        0.0035558166936468737,
        0.003392571737761978,
        0.004018024752794249,
        0.0031097327687998684,
        0.004104232162156766,
        0.0033088855609873964,
        0.003736368880821593,
        0.0035404287810980096,
        0.0037330279879191582,
        0.0036708370715433317,
        0.003718936453379101,
        0.004714232364522039,
        0.0038214847850177786,
        0.0037001392407604097
    ],
    "val_mae": [
        0.05109931901097298,
        0.046331360936164856,
        0.05058345943689346,
        0.05823652818799019,
        0.04454897716641426,
        0.04704781994223595,
        0.044747911393642426,
        0.04740084707736969,
        0.04622858390212059,
        0.05005213990807533,
        0.0441105030477047,
        0.04983621463179588,
        0.045300908386707306,
        0.04881119728088379,
        0.04720126837491989,
        0.04825902357697487,
        0.048415157943964005,
        0.04848399758338928,
        0.05573274567723274,
        0.049210142344236374,
        0.04843162000179291
    ],
    "val_mse": [
        0.004109845031052828,
        0.00332132657058537,
        0.004014329984784126,
        0.00529978983104229,
        0.0031495424918830395,
        0.0034977211616933346,
        0.0031667673029005527,
        0.0035558168310672045,
        0.003392571583390236,
        0.004018025007098913,
        0.0031097326427698135,
        0.004104232415556908,
        0.003308885497972369,
        0.0037363688461482525,
        0.0035404288209974766,
        0.0037330281920731068,
        0.0036708370316773653,
        0.0037189365830272436,
        0.00471423240378499,
        0.0038214847445487976,
        0.003700139233842492
    ],