{
    "train_loss": [
        0.02133470366148147,
        0.004143382136390901,
        0.0034721165367098054,
        0.0034964327986188905,
        0.0032832532709414913,
        0.0029360567017942102,
        0.0027874345375729355,
        0.002669954033866366,
        0.0022789085814731475,
        0.0020706116622633266,
        0.0019717518466197655,
        0.0017923342082726641
    ],
    "train_mae": [
        0.07477758824825287,
        0.05046171694993973,
        0.04587364196777344,
        0.0460088886320591,
        0.0446518175303936,
        0.042327988892793655,
        0.04119143262505531,
        0.04037521407008171,
        0.03716138377785683,
        0.035504866391420364,
        0.034486230462789536,
        0.03279032185673714
    ],
    "train_mse": [
        0.021334704011678696,
        0.0041433824226260185,
        0.003472116542980075,
        0.0034964329097419977,
        0.0032832531724125147,
        0.0029360565822571516,
        0.002787434495985508,
        0.0026699539739638567,
        0.002278908621519804,
        0.0020706115756183863,
        0.0019717516843229532,
        0.0017923342529684305
    ],
    "train_rmse": [
        0.14606404304504395,
        0.06436911225318909,
        0.05892466753721237,
        0.05913064256310463,
        0.05729967728257179,
        0.05418539047241211,
        0.05279615893959999,
        0.051671598106622696,
        0.04773791506886482,
        0.045503973960876465,
        0.04440440982580185,
        0.04233596846461296
    ],
    "train_r2": [
        -0.0029058456420898438,
        0.8052270412445068,
        0.8367820978164673,
        0.8356389999389648,
        0.8456602096557617,
        0.8619812726974487,
        0.8689677119255066,
        0.8744902610778809,
        0.8928726315498352,
        0.902664303779602,
        0.9073114991188049,
        0.9157456159591675
    ],
    "train_mape": [
        23.998746871948242,
        16.942913055419922,
        15.263078689575195,
        15.15481948852539,
        14.627523422241211,
        13.793601036071777,
        13.203215599060059,
        13.036036491394043,
        11.896476745605469,
        11.312870025634766,
        10.798687934875488,
        10.340930938720703
    ],
    "train_smape": [
        20.852611541748047,
        14.933037757873535,
        13.549476623535156,
        13.552020072937012,
        13.152090072631836,
        12.523102760314941,
        12.14077091217041,
        11.950819969177246,
        10.984272003173828,
        10.461442947387695,
        10.05185317993164,
        9.658531188964844
    ],
    "train_explained_variance": [
        -0.002677321434020996,
        0.805228054523468,
        0.8367824554443359,
        0.8356480598449707,
        0.8456658720970154,
        0.8619834184646606,
        0.8689685463905334,
        0.8744946122169495,
        0.8928729295730591,
        0.9026647806167603,
        0.9073120355606079,
        0.9157482981681824
    ],
    "train_peak_error": [
        2.49664568901062,
        0.33799782395362854,
        0.29025185108184814,
        0.33545243740081787,
        0.2958581745624542,
        0.27458834648132324,
        0.270020067691803,
        0.24032175540924072,
        0.22273504734039307,
        0.26922065019607544,
        0.23275792598724365,
        0.23582980036735535
    ],
    "val_loss": [
        0.004644416732807383,
        0.0030768487635303102,
        0.00345877882746457,
        0.0038356081980595487,
        0.0034239233104284288,
        0.004871956933584574,
        0.0033826086542857207,
        0.003747567031197518,
        0.004480177676774186,
        0.003795275209009272,
        0.0037415755526732197,
        0.005138460759395103
    ],
    "val_mae": [
        0.054004520177841187,
        0.04393639788031578,
        0.04672287777066231,
        0.04933834820985794,
        0.046296440064907074,
        0.05632850155234337,
        0.04673565924167633,
        0.048883430659770966,
        0.05364597588777542,
        0.04926286265254021,
        0.04818527027964592,
        0.057545728981494904
    ],
    "val_mse": [
        0.004644416272640228,
        0.0030768485739827156,
        0.0034587786067277193,
        0.003835608484223485,
        0.0034239229280501604,
        0.004871957004070282,
        0.003382608760148287,
        0.0037475668359547853,
        0.004480178002268076,
        0.003795275231823325,
        0.0037415751721709967,
        0.005138461012393236
    ],
    "val_rmse": [
        0.06814995408058167,
        0.05546934902667999,
        0.058811381459236145,
        0.061932288110256195,
        0.058514297008514404,
        0.06979940831661224,
        0.058160200715065,
        0.061217375099658966,
        0.06693413108587265,
        0.06160580366849899,
        0.06116841733455658,
        0.07168305665254593
    ],
    "val_r2": [
        0.6767822504043579,
        0.7858736515045166,
        0.7592940330505371,
        0.7330694198608398,
        0.7617197632789612,
        0.6609470844268799,
        0.7645949125289917,
        0.7391964793205261,
        0.6882120370864868,
        0.7358763217926025,
        0.7396134734153748,
        0.6424003839492798
    ],
    "val_mape": [
        23.155248641967773,
        22.72081184387207,
        20.031736373901367,
        23.872926712036133,
        23.589649200439453,
        30.050865173339844,
        21.95196533203125,
        25.193803787231445,
        26.53694725036621,
        24.153615951538086,
        23.164167404174805,
        28.446691513061523
    ],
    "val_smape": [
        21.168716430664062,
        17.515893936157227,
        18.304244995117188,
        18.730215072631836,
        18.177186965942383,
        21.597503662109375,
        18.617244720458984,
        19.059513092041016,
        20.22291374206543,
        19.270566940307617,
        19.121360778808594,
        21.626754760742188
    ],
    "val_explained_variance": [
        0.7451493740081787,
        0.7893774509429932,
        0.7847884893417358,
        0.7681131362915039,
        0.7901899218559265,
        0.7726519703865051,
        0.7687650918960571,
        0.7725911736488342,
        0.7419079542160034,
        0.737003743648529,
        0.7398658990859985,
        0.7119494080543518
    ],
    "val_peak_error": [
        0.2906745970249176,
        0.19762122631072998,
        0.21960213780403137,
        0.2343299388885498,
        0.22057366371154785,
        0.2443876564502716,
        0.1954776644706726,
        0.211517333984375,
        0.23746857047080994,
        0.24269691109657288,
        0.19309043884277344,
        0.22233977913856506
    ],
    "lr": [
        0.01,
        0.01,
        0.01,
        0.01,
        0.01,
        0.01,
        0.01,
        0.01,
        0.01,
        0.01,
        0.01,
        0.01
    ]
}