{
    "train_loss": [
        0.09616570003638969,
        0.006085976359330136,
        0.0055015640019674215,
        0.004842106928061302,
        0.004765416890153822,
        0.004403731290952858,
        0.004258370138256747,
        0.004866213943980337,
        0.004496095761807248,
        0.004159468084115855,
        0.004277632644213286,
        0.004049228439346558,
        0.004105319573350713,
        0.004360070351448216
    ],
    "train_mae": [
        0.11335689574480057,
        0.06159739941358566,
        0.05798742547631264,
        0.054493390023708344,
        0.054190777242183685,
        0.0520031563937664,
        0.05093234404921532,
        0.05390089005231857,
        0.05240627005696297,
        0.05046222358942032,
        0.05117880925536156,
        0.04955191910266876,
        0.05022823065519333,
        0.051568787544965744
    ],
    "train_mse": [
        0.09616570174694061,
        0.006085976492613554,
        0.005501564126461744,
        0.004842106718569994,
        0.004765416495501995,
        0.004403730854392052,
        0.004258370492607355,
        0.004866214469075203,
        0.004496095702052116,
        0.00415946776047349,
        0.00427763257175684,
        0.00404922803863883,
        0.004105319269001484,
        0.004360070452094078
    ],
    "train_rmse": [
        0.31010594964027405,
        0.07801266759634018,
        0.07417252659797668,
        0.06958524882793427,
        0.06903199851512909,
        0.06636061519384384,
        0.06525619328022003,
        0.06975825875997543,
        0.0670529305934906,
        0.06449393928050995,
        0.06540361046791077,
        0.06363354623317719,
        0.06407276540994644,
        0.0660308301448822
    ],
    "train_r2": [
        -3.520576000213623,
        0.7139092683792114,
        0.7413814067840576,
        0.7723813056945801,
        0.77598637342453,
        0.7929885387420654,
        0.7998217344284058,
        0.7712480425834656,
        0.7886466979980469,
        0.8044708967208862,
        0.798916220664978,
        0.809653103351593,
        0.8070163726806641,
        0.7950409650802612
    ],
    "train_mape": [
        37.80012893676758,
        20.281787872314453,
        19.546077728271484,
        18.38854217529297,
        18.274667739868164,
        17.610612869262695,
        17.134382247924805,
        17.97386932373047,
        17.95110511779785,
        17.16682243347168,
        17.376171112060547,
        16.939237594604492,
        17.14225959777832,
        17.55208969116211
    ],
    "train_smape": [
        26.094600677490234,
        17.812320709228516,
        16.87124252319336,
        15.935463905334473,
        15.798425674438477,
        15.233156204223633,
        14.931757926940918,
        15.669777870178223,
        15.397602081298828,
        14.857965469360352,
        15.05427360534668,
        14.626665115356445,
        14.836915969848633,
        15.134421348571777
    ],
    "train_explained_variance": [
        -3.5183467864990234,
        0.7139174938201904,
        0.7413849830627441,
        0.7723935842514038,
        0.7759934663772583,
        0.7929937839508057,
        0.7998297214508057,
        0.771258533000946,
        0.7886503338813782,
        0.8044739365577698,
        0.7989298105239868,
        0.8096534609794617,
        0.8070191144943237,
        0.7950409650802612
    ],
    "train_peak_error": [
        5.03501033782959,
        0.4223576784133911,
        0.41013026237487793,
        0.38762378692626953,
        0.34496355056762695,
        0.38503319025039673,
        0.34090113639831543,
        0.478203684091568,
        0.43644511699676514,
        0.35724759101867676,
        0.36275559663772583,
        0.3584521412849426,
        0.362052321434021,
        0.38735246658325195
    ],
    "val_loss": [
        0.006481635872569444,
        0.0037496588724203034,
        0.004742517653892902,
        0.003393601341936871,
        0.0038001576677741977,
        0.003802606058273491,
        0.0054997357876180744,
        0.004298243377518525,
        0.003907124331730197,
        0.00370409547693009,
        0.005368837310175459,
        0.00399982497685676,
        0.0036334932060232187,
        0.004224252824289657
    ],
    "val_mae": [
        0.06614816188812256,
        0.048544786870479584,
        0.05459292605519295,
        0.04603118821978569,
        0.04895960912108421,
        0.049147967249155045,
        0.05992649495601654,
        0.051372017711400986,
        0.04972559213638306,
        0.04791663587093353,
        0.05848182365298271,
        0.04934253171086311,
        0.04814684018492699,
        0.05073244869709015
    ],
    "val_mse": [
        0.006481636315584183,
        0.0037496588192880154,
        0.004742517601698637,
        0.003393601393327117,
        0.003800157690420747,
        0.003802606137469411,
        0.005499736405909061,
        0.004298243205994368,
        0.003907124511897564,
        0.003704095259308815,
        0.005368837155401707,
        0.0039998251013457775,
        0.003633493324741721,
        0.004224252887070179
    ],
    "val_rmse": [
        0.08050861209630966,
        0.06123445928096771,
        0.06886593997478485,
        0.05825462564826012,
        0.06164541840553284,
        0.06166527420282364,
        0.07416021078824997,
        0.06556098908185959,
        0.06250699609518051,
        0.06086127832531929,
        0.07327234745025635,
        0.06324417144060135,
        0.06027846410870552,
        0.06499425321817398
    ],
    "val_r2": [
        0.5489250421524048,
        0.7390508651733398,
        0.6699551343917847,
        0.7638299465179443,
        0.7355365753173828,
        0.73536616563797,
        0.6172581911087036,
        0.7008733749389648,
        0.7280924320220947,
        0.7422218322753906,
        0.6263678073883057,
        0.7216411828994751,
        0.7471351623535156,
        0.7060226202011108
    ],
    "val_mape": [
        36.21550369262695,
        23.354808807373047,
        25.169044494628906,
        24.311403274536133,
        24.41339874267578,
        22.839069366455078,
        32.05422592163086,
        26.36656379699707,
        22.55075454711914,
        24.03940773010254,
        30.336681365966797,
        23.012065887451172,
        24.34483528137207,
        23.934139251708984
    ],
    "val_smape": [
        24.584270477294922,
        19.044450759887695,
        22.190122604370117,
        18.295881271362305,
        19.36873435974121,
        19.296586990356445,
        22.387903213500977,
        19.992412567138672,
        19.733983993530273,
        18.662500381469727,
        21.954931259155273,
        19.218524932861328,
        18.844083786010742,
        19.64990997314453
    ],
    "val_explained_variance": [
        0.7122121453285217,
        0.7519253492355347,
        0.6801512837409973,
        0.7694799304008484,
        0.7355560064315796,
        0.7632257342338562,
        0.7467343807220459,
        0.7008906602859497,
        0.7484208345413208,
        0.757638692855835,
        0.708892822265625,
        0.7466182708740234,
        0.7476502656936646,
        0.729082465171814
    ],
    "val_peak_error": [
        0.24731718003749847,
        0.22666707634925842,
        0.24726149439811707,
        0.18686270713806152,
        0.20392180979251862,
        0.22202277183532715,
        0.21164166927337646,
        0.2705160081386566,
        0.21859022974967957,
        0.19629162549972534,
        0.22421179711818695,
        0.26329219341278076,
        0.25328585505485535,
        0.2846083343029022
    ],
    "lr": [
        0.01,
        0.01,
        0.01,
        0.01,
        0.01,
        0.01,
        0.01,
        0.01,
        0.01,
        0.01,
        0.01,
        0.01,
        0.01,
        0.01
    ]
}