{
    "train_loss": [
        0.009059988388034746,
        0.0040742443118401755,
        0.0038586714997821585,
        0.003876022461331015,
        0.0036312564370373627,
        0.0035246642600292215,
        0.003572773174740205,
        0.0034512485552897288,
        0.003594311659162915,
        0.003499726188904051,
        0.0035387411809422735,
        0.0033245221141475823,
        0.003518584502685336,
        0.0033644654028731178,
        0.0033363358534371766,
        0.003350254819940766,
        0.0033360367638387693,
        0.0032721544100878,
        0.003393751806156689,
        0.003256569293323128,
        0.0032999575301708556,
        0.0032102433583409877,
        0.0031671705588897535,
        0.003205378371286468,
        0.0032525107704027105,
        0.0031354855871168234,
        0.00317834327963128,
        0.0031714737436482577
    ],
    "train_mae": [
        0.06582418829202652,
        0.05018352344632149,
        0.04850517213344574,
        0.04859128221869469,
        0.04676864296197891,
        0.04619564116001129,
        0.04646022245287895,
        0.04559962823987007,
        0.04656939581036568,
        0.04605351760983467,
        0.04626644030213356,
        0.044665951281785965,
        0.046082351356744766,
        0.045110784471035004,
        0.04448734596371651,
        0.044879212975502014,
        0.04519510641694069,
        0.044494837522506714,
        0.04541439935564995,
        0.044318124651908875,
        0.04464579001069069,
        0.04423609375953674,
        0.043507952243089676,
        0.04391242936253548,
        0.044284671545028687,
        0.04343355447053909,
        0.04396238923072815,
        0.04397684335708618
    ],
    "train_mse": [
        0.009059988893568516,
        0.0040742442943155766,
        0.003858671523630619,
        0.0038760225288569927,
        0.0036312562879174948,
        0.0035246640909463167,
        0.003572773188352585,
        0.0034512486308813095,
        0.0035943116527050734,
        0.003499726066365838,
        0.0035387412644922733,
        0.0033245221711695194,
        0.0035185846500098705,
        0.003364465432241559,
        0.003336335765197873,
        0.003350254613906145,
        0.003336036577820778,
        0.0032721543684601784,
        0.0033937515690922737,
        0.0032565693836659193,
        0.0032999576069414616,
        0.003210243536159396,
        0.003167170798406005,
        0.003205378307029605,
        0.003252510679885745,
        0.0031354855746030807,
        0.003178343176841736,
        0.003171473741531372
    ],
    "train_rmse": [
        0.09518397599458694,
        0.06382980942726135,
        0.062118206173181534,
        0.062257710844278336,
        0.06025990471243858,
        0.059368882328271866,
        0.05977267771959305,
        0.05874732881784439,
        0.05995257943868637,
        0.059158481657505035,
        0.059487320482730865,
        0.05765866860747337,
        0.059317659586668015,
        0.05800401046872139,
        0.05776102468371391,
        0.05788138508796692,
        0.057758431881666183,
        0.05720274895429611,
        0.058255914598703384,
        0.057066358625888824,
        0.057445257902145386,
        0.05665900930762291,
        0.056277621537446976,
        0.05661606043577194,
        0.05703078582882881,
        0.055995408445596695,
        0.05637679621577263,
        0.056315839290618896
    ],
    "train_r2": [
        0.5741062164306641,
        0.8084771633148193,
        0.8186108469963074,
        0.8177951574325562,
        0.8293011784553528,
        0.8343119025230408,
        0.8320503830909729,
        0.8377630710601807,
        0.8310378789901733,
        0.8354842066764832,
        0.8336501717567444,
        0.8437201976776123,
        0.8345977067947388,
        0.841842532157898,
        0.84316486120224,
        0.8425105810165405,
        0.843178927898407,
        0.8461819291114807,
        0.8404659032821655,
        0.846914529800415,
        0.844874918460846,
        0.8490922451019287,
        0.8511170148849487,
        0.8493209481239319,
        0.8471053838729858,
        0.8526065349578857,
        0.8505918383598328,
        0.850914716720581
    ],
    "train_mape": [
        22.206275939941406,
        16.995849609375,
        16.41079330444336,
        16.328937530517578,
        15.681221008300781,
        15.485429763793945,
        15.427042961120605,
        15.189443588256836,
        15.41860580444336,
        15.207462310791016,
        15.274456024169922,
        14.632844924926758,
        15.191737174987793,
        14.755600929260254,
        14.719035148620605,
        14.468899726867676,
        14.771209716796875,
        14.652154922485352,
        15.026238441467285,
        14.489832878112793,
        14.482833862304688,
        14.521810531616211,
        14.332446098327637,
        14.466349601745605,
        14.457615852355957,
        14.161792755126953,
        14.4573392868042,
        14.30079460144043
    ],
    "train_smape": [
        19.07996940612793,
        14.796911239624023,
        14.295106887817383,
        14.298961639404297,
        13.783766746520996,
        13.654038429260254,
        13.66605281829834,
        13.435075759887695,
        13.66128158569336,
        13.519826889038086,
        13.590091705322266,
        13.173474311828613,
        13.559466361999512,
        13.258543968200684,
        13.155139923095703,
        13.089174270629883,
        13.278241157531738,
        13.135581016540527,
        13.366754531860352,
        13.054922103881836,
        13.078202247619629,
        13.053753852844238,
        12.891644477844238,
        12.962529182434082,
        13.08455753326416,
        12.840126037597656,
        12.972335815429688,
        12.961655616760254
    ],
    "train_explained_variance": [
        0.5741639137268066,
        0.8084771633148193,
        0.8186176419258118,
        0.817795991897583,
        0.8293027877807617,
        0.8343119025230408,
        0.8320517539978027,
        0.8377635478973389,
        0.8310379385948181,
        0.8354876041412354,
        0.8336522579193115,
        0.8437203764915466,
        0.8345999717712402,
        0.841842532157898,
        0.8431650996208191,
        0.8425108790397644,
        0.8431793451309204,
        0.8461819291114807,
        0.8404672741889954,
        0.846915602684021,
        0.8448749780654907,
        0.8490936756134033,
        0.8511170148849487,
        0.8493211269378662,
        0.8471058011054993,
        0.8526082634925842,
        0.8505922555923462,
        0.850914716720581
    ],
    "train_peak_error": [
        0.8459072709083557,
        0.30380094051361084,
        0.3135390281677246,
        0.32461994886398315,
        0.33210474252700806,
        0.2994142174720764,
        0.30445170402526855,
        0.3125324249267578,
        0.32793182134628296,
        0.31527596712112427,
        0.3200474977493286,
        0.2784076929092407,
        0.4254269003868103,
        0.3118271231651306,
        0.35655850172042847,
        0.3561285138130188,
        0.276947557926178,
        0.2835918664932251,
        0.32976025342941284,
        0.31450045108795166,
        0.30236494541168213,
        0.32615333795547485,
        0.3527591824531555,
        0.3065149188041687,
        0.31033146381378174,
        0.30298376083374023,
        0.30902421474456787,
        0.3030271530151367
    ],