{
    "train_loss": [
        0.00868754864143848,
        0.004010545187673169,
        0.0034519208296702564,
        0.00324216622712183,
        0.003083641868259808,
        0.0027132695582855544,
        0.0025759578041199822,
        0.00218755414523806,
        0.0021483130435346665,
        0.0018555378805398374,
        0.0015648988429851386,
        0.0015304878458898613,
        0.0012870315455759023,
        0.0010545950864258088,
        0.0005551167785481105,
        0.00042079549525105665,
        0.0003737477503550221,
        0.0003419833497739368
    ],
    "train_mae": [
        0.06390468031167984,
        0.04969073459506035,
        0.0459941066801548,
        0.044354747980833054,
        0.04334757477045059,
        0.04053351655602455,
        0.03942487761378288,
        0.03624933212995529,
        0.035932790488004684,
        0.03344033285975456,
        0.03085387498140335,
        0.030516764149069786,
        0.0279905553907156,
        0.025297531858086586,
        0.0182914137840271,
        0.015974925830960274,
        0.015004309825599194,
        0.014362948015332222
    ],
    "train_mse": [
        0.008687547408044338,
        0.004010545089840889,
        0.0034519208129495382,
        0.0032421662472188473,
        0.003083642106503248,
        0.002713269554078579,
        0.002575957914814353,
        0.0021875540260225534,
        0.0021483132150024176,
        0.0018555378774181008,
        0.0015648988774046302,
        0.0015304876724258065,
        0.001287031569518149,
        0.0010545951081439853,
        0.0005551167414523661,
        0.00042079552076756954,
        0.0003737477818503976,
        0.0003419833374209702
    ],
    "train_rmse": [
        0.09320701658725739,
        0.06332886219024658,
        0.05875305086374283,
        0.056940022855997086,
        0.05553055182099342,
        0.05208905413746834,
        0.050753895193338394,
        0.04677129536867142,
        0.04634989798069,
        0.04307595640420914,
        0.03955880180001259,
        0.03912144899368286,
        0.03587522357702255,
        0.03247452899813652,
        0.023560915142297745,
        0.020513301715254784,
        0.019332557916641235,
        0.018492791801691055
    ],
    "train_r2": [
        0.5916141271591187,
        0.8114715218544006,
        0.8377314209938049,
        0.8475916385650635,
        0.8550435304641724,
        0.8724541068077087,
        0.8789088726043701,
        0.8971670269966125,
        0.8990116715431213,
        0.9127745032310486,
        0.9264369010925293,
        0.9280545711517334,
        0.9394989609718323,
        0.950425386428833,
        0.9739049673080444,
        0.9802191853523254,
        0.9824308156967163,
        0.9839239716529846
    ],
    "train_mape": [
        21.099218368530273,
        16.392427444458008,
        15.29113483428955,
        14.632354736328125,
        14.119730949401855,
        13.130584716796875,
        12.662257194519043,
        11.686897277832031,
        11.385890007019043,
        10.480281829833984,
        9.734659194946289,
        9.41947078704834,
        8.735430717468262,
        7.8116068840026855,
        5.714311122894287,
        4.873373031616211,
        4.518769264221191,
        4.265178680419922
    ],
    "train_smape": [
        18.731399536132812,
        14.550384521484375,
        13.634540557861328,
        13.081023216247559,
        12.776142120361328,
        11.949623107910156,
        11.610512733459473,
        10.69863224029541,
        10.51812744140625,
        9.798882484436035,
        9.127449989318848,
        9.001855850219727,
        8.32097339630127,
        7.560511112213135,
        5.494575500488281,
        4.74745512008667,
        4.456011772155762,
        4.227031230926514
    ],
    "train_explained_variance": [
        0.5916748046875,
        0.8114818930625916,
        0.8377319574356079,
        0.8475969433784485,
        0.855048656463623,
        0.8724547624588013,
        0.8789102435112,
        0.8971671462059021,
        0.8990135788917542,
        0.9127747416496277,
        0.9264386296272278,
        0.9280545115470886,
        0.9394993185997009,
        0.9504254460334778,
        0.973905086517334,
        0.9802191853523254,
        0.9824308156967163,
        0.9839239716529846
    ],
    "train_peak_error": [
        0.9459294080734253,
        0.3321824073791504,
        0.3447374701499939,
        0.26596859097480774,
        0.30930766463279724,
        0.27408087253570557,
        0.24360975623130798,
        0.2534278929233551,
        0.25016048550605774,
        0.23039525747299194,
        0.24115252494812012,
        0.2145928144454956,
        0.18596845865249634,
        0.19102412462234497,
        0.11729356646537781,
        0.11284419894218445,
        0.10619422793388367,
        0.10168159008026123
    ],
    "val_loss": [
        0.004261346364346929,
        0.0036828340840586228,
        0.0033510193216661328,
        0.003538064629831117,
        0.004034949608964564,
        0.0035738586720662096,
        0.0043373893859307115,
        0.003849926758256051,
        0.005223416854031116,
        0.004189246431756898,
        0.004585015383254227,
        0.004986512383492999,
        0.004658111177364753,
        0.005172531257430426,
        0.00485871373360856,
        0.004804165801636393,
        0.004904613262645418,
        0.005101044971107257
    ],
    "val_mae": [
        0.05136197805404663,
        0.048243507742881775,
        0.04564477875828743,
        0.04688438028097153,
        0.05048400163650513,
        0.04743967950344086,
        0.05191810056567192,
        0.04863186553120613,
        0.05678514391183853,
        0.051499173045158386,
        0.05359635874629021,
        0.05688855051994324,
        0.054207272827625275,
        0.05786683037877083,
        0.056023009121418,
        0.055590394884347916,
        0.05622273311018944,
        0.0577988401055336
    ],
    "val_mse": [
        0.004261346533894539,
        0.0036828340962529182,
        0.003351019462570548,
        0.0035380644258111715,
        0.004034949466586113,
        0.003573858644813299,
        0.00433738948777318,
        0.0038499266374856234,
        0.005223416723310947,
        0.004189246334135532,
        0.0045850155875086784,
        0.00498651247471571,
        0.004658110905438662,
        0.005172531120479107,
        0.00485871359705925,
        0.004804166033864021,
        0.004904613364487886,
        0.005101045127958059
    ],
    "val_rmse": [
        0.06527899205684662,
        0.06068635731935501,
        0.05788799002766609,
        0.059481631964445114,
        0.06352125108242035,
        0.0597817599773407,
        0.0658588632941246,
        0.06204777583479881,
        0.07227320969104767,
        0.0647243857383728,
        0.06771274656057358,
        0.0706152394413948,
        0.06825035810470581,
        0.07192031294107437,
        0.06970447301864624,
        0.06931208819150925,
        0.07003294676542282,
        0.07142160087823868
    ],
    "val_r2": [
        0.7034411430358887,
        0.7437014579772949,
        0.7667933106422424,
        0.7537763118743896,
        0.7191967368125916,
        0.7512853145599365,
        0.6981490850448608,
        0.7320729494094849,
        0.6364880204200745,
        0.7084587812423706,
        0.6809161305427551,
        0.6529748439788818,
        0.6758292317390442,
        0.6400293111801147,
        0.661868691444397,
        0.6656648516654968,
        0.6586744785308838,
        0.6450042128562927
    ],