{
    "train_loss": [
        0.007753038979442536,
        0.004176346763240902,
        0.0038695511572704572,
        0.003835296193028437,
        0.0036353442640751103,
        0.0035659521615047157,
        0.0032414839053581186,
        0.0031821925092264725
    ],
    "train_mae": [
        0.06364042311906815,
        0.05060655251145363,
        0.048608485609292984,
        0.04855335131287575,
        0.047134462743997574,
        0.04668986424803734,
        0.04446340724825859,
        0.04426421970129013
    ],
    "train_mse": [
        0.007753038313239813,
        0.004176346585154533,
        0.0038695514667779207,
        0.003835296258330345,
        0.003635344561189413,
        0.003565952181816101,
        0.0032414840534329414,
        0.0031821923330426216
    ],
    "train_rmse": [
        0.08805134147405624,
        0.06462465971708298,
        0.062205720692873,
        0.061929769814014435,
        0.06029381975531578,
        0.059715595096349716,
        0.05693403258919716,
        0.05641092360019684
    ],
    "train_r2": [
        0.635543704032898,
        0.803677499294281,
        0.8180993795394897,
        0.8197096586227417,
        0.8291090130805969,
        0.8323709964752197,
        0.8476237058639526,
        0.8504108786582947
    ],
    "train_mape": [
        21.11783218383789,
        16.9771785736084,
        16.115537643432617,
        15.893274307250977,
        15.257499694824219,
        15.095518112182617,
        14.305389404296875,
        14.029539108276367
    ],
    "train_smape": [
        18.542272567749023,
        14.861928939819336,
        14.290970802307129,
        14.199037551879883,
        13.770003318786621,
        13.60297966003418,
        13.080204010009766,
        12.880389213562012
    ],
    "train_explained_variance": [
        0.635894775390625,
        0.8036900162696838,
        0.8181150555610657,
        0.8197159767150879,
        0.829136848449707,
        0.8323792219161987,
        0.8476355671882629,
        0.8504239320755005
    ],
    "train_peak_error": [
        0.6383049488067627,
        0.30105090141296387,
        0.3374374508857727,
        0.2975931167602539,
        0.39283478260040283,
        0.31584632396698,
        0.3429051637649536,
        0.2965220808982849
    ],
    "val_loss": [
        0.0035325562953948974,
        0.003624468038709526,
        0.003301001240351914,
        0.0039000832543393477,
        0.004157470188927736,
        0.004395946856025312,
        0.003961628661675231,
        0.004398809784802226
    ],
    "val_mae": [
        0.046901267021894455,
        0.04806326702237129,
        0.045726433396339417,
        0.04927865043282509,
        0.05219021812081337,
        0.05219867080450058,
        0.0505325049161911,
        0.053255997598171234
    ],
    "val_mse": [
        0.0035325561184436083,
        0.0036244678776711226,
        0.003301001386716962,
        0.0039000832475721836,
        0.0041574700735509396,
        0.0043959468603134155,
        0.003961628768593073,
        0.0043988097459077835
    ],
    "val_rmse": [
        0.05943531170487404,
        0.06020355224609375,
        0.057454340159893036,
        0.06245064735412598,
        0.06447844952344894,
        0.06630193442106247,
        0.06294146925210953,
        0.06632352620363235
    ],
    "val_r2": [
        0.754159688949585,
        0.7477632761001587,
        0.7702742218971252,
        0.7285824418067932,
        0.7106702327728271,
        0.6940739154815674,
        0.7242993116378784,
        0.693874716758728
    ],
    "val_mape": [
        21.18960952758789,
        25.833702087402344,
        22.096519470214844,
        21.954185485839844,
        25.366788864135742,
        24.411827087402344,
        24.336345672607422,
        25.695165634155273
    ],
    "val_smape": [
        18.34762191772461,
        18.924190521240234,
        18.032909393310547,
        19.488903045654297,
        19.92723846435547,
        20.291133880615234,
        19.754392623901367,
        20.587886810302734
    ],
    "val_explained_variance": [
        0.7735546827316284,
        0.7737005949020386,
        0.770358145236969,
        0.7401729822158813,
        0.7666805982589722,
        0.6946932077407837,
        0.7294121980667114,
        0.7171378135681152
    ],
    "val_peak_error": [
        0.23419708013534546,
        0.21401607990264893,
        0.2295590341091156,
        0.2094617784023285,
        0.2091134786605835,
        0.25041264295578003,
        0.2216813564300537,
        0.19637005031108856
    ],
    "lr": [
        0.0001,
        0.0001,
        0.0001,
        0.0001,
        0.0001,
        0.0001,
        0.0001,
        0.0001
    ]
}