{
    "train_loss": [
        0.013138170434563532,
        0.0045712689550447515,
        0.0041978351320264935,
        0.004286066630868279,
        0.0043726895065713,
        0.004250716070188704,
        0.004405185365456681,
        0.004299723570558662,
        0.004228863634865476,
        0.004142833765989945,
        0.004259997193817002,
        0.004219994419099481,
        0.0045741201500166225,
        0.004418745679465291,
        0.004062353798729227,
        0.004268697957576971,
        0.0040910348056421445,
        0.004104884552618984,
        0.004165785010218739,
        0.004079648866775306
    ],
    "train_mae": [
        0.07118048518896103,
        0.052803970873355865,
        0.050546981394290924,
        0.05109604075551033,
        0.051818426698446274,
        0.05103760585188866,
        0.0518592968583107,
        0.05114167928695679,
        0.050800636410713196,
        0.050168443471193314,
        0.050882916897535324,
        0.05078877508640289,
        0.05320373550057411,
        0.05180869251489639,
        0.049659363925457,
        0.05089189112186432,
        0.04985881596803665,
        0.0498482882976532,
        0.050472553819417953,
        0.049861837178468704
    ],
    "train_mse": [
        0.013138169422745705,
        0.004571268800646067,
        0.004197835922241211,
        0.00428606616333127,
        0.0043726894073188305,
        0.004250716418027878,
        0.004405185114592314,
        0.004299723543226719,
        0.004228863399475813,
        0.00414283387362957,
        0.004259997513145208,
        0.004219994880259037,
        0.004574120044708252,
        0.0044187456369400024,
        0.004062353633344173,
        0.004268697928637266,
        0.004091034643352032,
        0.0041048843413591385,
        0.004165784455835819,
        0.0040796492248773575
    ],
    "train_rmse": [
        0.1146218553185463,
        0.06761115789413452,
        0.06479071080684662,
        0.06546805799007416,
        0.06612631678581238,
        0.06519751995801926,
        0.06637156754732132,
        0.06557227671146393,
        0.06502971053123474,
        0.06436485052108765,
        0.06526865810155869,
        0.06496148556470871,
        0.06763224303722382,
        0.06647364795207977,
        0.06373659521341324,
        0.06533527374267578,
        0.06396119296550751,
        0.06406936794519424,
        0.06454288959503174,
        0.06387212872505188
    ],
    "train_r2": [
        0.3823983669281006,
        0.7851129174232483,
        0.8026673197746277,
        0.7985197305679321,
        0.7944477796554565,
        0.80018150806427,
        0.7929202318191528,
        0.7978777289390564,
        0.8012087345123291,
        0.8052528500556946,
        0.7997452020645142,
        0.801625669002533,
        0.7849788665771484,
        0.79228276014328,
        0.8090360760688782,
        0.7993361949920654,
        0.8076878190040588,
        0.807036817073822,
        0.80417400598526,
        0.8082230687141418
    ],
    "train_mape": [
        22.974170684814453,
        17.546707153320312,
        16.961589813232422,
        17.231693267822266,
        17.44795799255371,
        17.26220703125,
        17.539405822753906,
        17.495981216430664,
        17.376558303833008,
        17.199207305908203,
        17.51996421813965,
        17.243776321411133,
        18.173316955566406,
        17.8001766204834,
        17.07433319091797,
        17.395305633544922,
        17.143020629882812,
        17.092552185058594,
        17.157238006591797,
        17.00380516052246
    ],
    "train_smape": [
        20.126239776611328,
        15.37325382232666,
        14.817635536193848,
        14.965377807617188,
        15.14538860321045,
        14.971121788024902,
        15.203239440917969,
        15.030376434326172,
        14.941884994506836,
        14.774886131286621,
        15.026203155517578,
        14.986983299255371,
        15.586650848388672,
        15.26340389251709,
        14.729033470153809,
        15.015890121459961,
        14.745012283325195,
        14.763252258300781,
        14.886434555053711,
        14.688902854919434
    ],
    "train_explained_variance": [
        0.38239872455596924,
        0.7851201295852661,
        0.8026889562606812,
        0.7985201478004456,
        0.7944692373275757,
        0.8001852035522461,
        0.7929324507713318,
        0.7978787422180176,
        0.8012087345123291,
        0.8052529096603394,
        0.7997460961341858,
        0.801625669002533,
        0.7849789261817932,
        0.7922844886779785,
        0.8090364933013916,
        0.7993364334106445,
        0.8076879978179932,
        0.8070383667945862,
        0.8041746020317078,
        0.8082239627838135
    ],
    "train_peak_error": [
        1.6516964435577393,
        0.42418599128723145,
        0.44104719161987305,
        0.3602284789085388,
        0.35909461975097656,
        0.3377229571342468,
        0.4169608950614929,
        0.40277373790740967,
        0.43480730056762695,
        0.38295793533325195,
        0.3772507905960083,
        0.47182512283325195,
        0.37609004974365234,
        0.3304252624511719,
        0.3311082124710083,
        0.34727776050567627,
        0.3605484366416931,
        0.34448444843292236,
        0.3745572566986084,
        0.4298182725906372
    ],
    "val_loss": [
        0.003841883327758355,
        0.004145518502810126,
        0.004551151552029865,
        0.003781422623198667,
        0.0039016873921810403,
        0.0038420923261253312,
        0.004479230197695948,
        0.0039140334208127405,
        0.0037261717831514937,
        0.0033694731844120104,
        0.004587399037621862,
        0.0035772202766949325,
        0.005630819623512652,
        0.0035053640746397618,
        0.0041222179672352486,
        0.0042775601129174876,
        0.003667465139602532,
        0.003641717686475315,
        0.004181690687655384,
        0.0039053888173385277
    ],
    "val_mae": [
        0.049508821219205856,
        0.05107409507036209,
        0.05409076809883118,
        0.048913586884737015,
        0.049645837396383286,
        0.0488281212747097,
        0.05328702554106712,
        0.04953749105334282,
        0.04820030555129051,
        0.04540565237402916,
        0.05322973057627678,
        0.047545529901981354,
        0.05975540727376938,
        0.046555470675230026,
        0.05022265017032623,
        0.05218077450990677,
        0.04747011885046959,
        0.04702777415513992,
        0.050587475299835205,
        0.0492088757455349
    ],
    "val_mse": [
        0.0038418835029006004,
        0.004145518410950899,
        0.004551151301711798,
        0.0037814227398484945,
        0.0039016874507069588,
        0.003842092351987958,
        0.004479230381548405,
        0.003914033528417349,
        0.003726171562448144,
        0.0033694731537252665,
        0.0045873988419771194,
        0.0035772202536463737,
        0.005630819592624903,
        0.0035053640604019165,
        0.0041222176514565945,
        0.00427755992859602,
        0.0036674649454653263,
        0.003641717601567507,
        0.004181690979748964,
        0.0039053887594491243
    ],
    "val_rmse": [
        0.061982929706573486,
        0.06438569724559784,
        0.06746222078800201,
        0.061493273824453354,
        0.062463488429784775,
        0.06198461353778839,
        0.06692705303430557,
        0.0625622346997261,
        0.06104237586259842,
        0.05804716423153877,
        0.06773033738136292,
        0.05980986729264259,
        0.07503879070281982,
        0.05920611321926117,
        0.06420449912548065,
        0.0654030591249466,
        0.06055959686636925,
        0.06034664437174797,
        0.06466599553823471,
        0.062493108212947845
    ],