{
    "train_loss": [
        0.008213542194952118,
        0.0036708342921323643,
        0.0034252139614018864,
        0.0032770090369021697,
        0.0031359868646328283,
        0.003063062104849482,
        0.002902654585414495,
        0.002907456507921752,
        0.0028279045863499994,
        0.0027582233882938872,
        0.002744565783700388,
        0.0027011407523492405,
        0.0025789270869946384,
        0.0025165049671751196,
        0.0025308776637688254,
        0.00243685346761617,
        0.002323138499623903,
        0.002310644300733418,
        0.0022650067061027205
    ],
    "train_mae": [
        0.06528710573911667,
        0.047004640102386475,
        0.045455846935510635,
        0.044594064354896545,
        0.04356737434864044,
        0.042879167944192886,
        0.04173136129975319,
        0.04189864546060562,
        0.041334737092256546,
        0.040761612355709076,
        0.04065173119306564,
        0.04042324423789978,
        0.039426714181900024,
        0.038985155522823334,
        0.039061058312654495,
        0.038339655846357346,
        0.037399180233478546,
        0.03730018809437752,
        0.0367976576089859
    ],
    "train_mse": [
        0.008213542401790619,
        0.0036708342377096415,
        0.0034252137411385775,
        0.0032770088873803616,
        0.0031359868589788675,
        0.0030630617402493954,
        0.002902654465287924,
        0.0029074563644826412,
        0.00282790488563478,
        0.00275822333060205,
        0.0027445657178759575,
        0.0027011409401893616,
        0.002578926971182227,
        0.0025165050756186247,
        0.002530877711251378,
        0.0024368534795939922,
        0.002323138527572155,
        0.002310644369572401,
        0.0022650067694485188
    ],
    "train_rmse": [
        0.09062859416007996,
        0.060587409883737564,
        0.05852532386779785,
        0.0572451651096344,
        0.05599988251924515,
        0.05534493550658226,
        0.05387628823518753,
        0.05392083525657654,
        0.05317804962396622,
        0.05251878872513771,
        0.05238860473036766,
        0.05197250097990036,
        0.05078313499689102,
        0.05016477778553963,
        0.050307828933000565,
        0.049364496022462845,
        0.048198945820331573,
        0.04806916415691376,
        0.04759208858013153
    ],
    "train_r2": [
        0.6138961911201477,
        0.8274407386779785,
        0.838986873626709,
        0.8459537029266357,
        0.8525829315185547,
        0.8560110330581665,
        0.8635514378547668,
        0.8633257150650024,
        0.8670653104782104,
        0.8703409433364868,
        0.8709828853607178,
        0.8730242252349854,
        0.8787692785263062,
        0.8817036151885986,
        0.8810279965400696,
        0.8854479193687439,
        0.8907934427261353,
        0.891380786895752,
        0.8935261368751526
    ],
    "train_mape": [
        21.264379501342773,
        15.658415794372559,
        15.125492095947266,
        14.746721267700195,
        14.363651275634766,
        14.139562606811523,
        13.763382911682129,
        13.83194351196289,
        13.561442375183105,
        13.303269386291504,
        13.17733383178711,
        13.130640983581543,
        12.770940780639648,
        12.569759368896484,
        12.52868938446045,
        12.437594413757324,
        11.992537498474121,
        12.016584396362305,
        11.826547622680664
    ],
    "train_smape": [
        19.089298248291016,
        13.831618309020996,
        13.411341667175293,
        13.141712188720703,
        12.88354206085205,
        12.661162376403809,
        12.362664222717285,
        12.460272789001465,
        12.240484237670898,
        12.032464981079102,
        12.012810707092285,
        11.922022819519043,
        11.654457092285156,
        11.491025924682617,
        11.518342971801758,
        11.375391006469727,
        11.046854972839355,
        11.006460189819336,
        10.864028930664062
    ],
    "train_explained_variance": [
        0.6145516633987427,
        0.8274407386779785,
        0.8389888405799866,
        0.8459538221359253,
        0.8525842428207397,
        0.8560141921043396,
        0.8635516166687012,
        0.8633280992507935,
        0.8670660853385925,
        0.8703421354293823,
        0.8709838390350342,
        0.8730250597000122,
        0.8787722587585449,
        0.8817036747932434,
        0.8810287714004517,
        0.8854480385780334,
        0.8907941579818726,
        0.8913816213607788,
        0.8935266733169556
    ],
    "train_peak_error": [
        0.6728417873382568,
        0.32038623094558716,
        0.30646419525146484,
        0.31043410301208496,
        0.29750943183898926,
        0.3029490113258362,
        0.3010813593864441,
        0.2794708013534546,
        0.2806010842323303,
        0.2751772105693817,
        0.2715458869934082,
        0.2794828414916992,
        0.26052218675613403,
        0.27364611625671387,
        0.2816516160964966,
        0.2808152437210083,
        0.25119608640670776,
        0.2194012999534607,
        0.2602613568305969
    ],
    "val_loss": [
        0.0035139823005461007,
        0.004293434288915541,
        0.003350923481404031,
        0.003422784035248186,
        0.0032274705863041845,
        0.0032515682237852605,
        0.0037394367917541332,
        0.003550271286006025,
        0.003024709693410789,
        0.003219781369305879,
        0.003105318126395988,
        0.003158391716843136,
        0.003491110060323807,
        0.003934791639192606,
        0.003290998088865936,
        0.003972241826516261,
        0.0036720063438196835,
        0.003932738283166675,
        0.003600146077512998
    ],
    "val_mae": [
        0.04692362993955612,
        0.051552627235651016,
        0.04549479857087135,
        0.04608036205172539,
        0.04510735347867012,
        0.04563424363732338,
        0.04866555333137512,
        0.04762071743607521,
        0.04354444891214371,
        0.04550473764538765,
        0.044202085584402084,
        0.044694215059280396,
        0.04719226807355881,
        0.05014605447649956,
        0.045677550137043,
        0.049207091331481934,
        0.04757464677095413,
        0.04911670833826065,
        0.047333985567092896
    ],
    "val_mse": [
        0.0035139822866767645,
        0.004293434321880341,
        0.0033509237691760063,
        0.0034227841533720493,
        0.0032274704426527023,
        0.003251568414270878,
        0.0037394368555396795,
        0.0035502712707966566,
        0.0030247096437960863,
        0.003219781443476677,
        0.003105318173766136,
        0.0031583921518176794,
        0.003491109935566783,
        0.003934791777282953,
        0.003290998050943017,
        0.003972241654992104,
        0.0036720060743391514,
        0.003932738211005926,
        0.0036001461558043957
    ],
    "val_rmse": [
        0.05927885323762894,
        0.06552430242300034,
        0.05788716301321983,
        0.05850456655025482,
        0.056810829788446426,
        0.05702252686023712,
        0.0611509345471859,
        0.059584151953458786,
        0.054997362196445465,
        0.05674311891198158,
        0.05572538077831268,
        0.0561995729804039,
        0.05908561497926712,
        0.0627279207110405,
        0.057367220520973206,
        0.06302572041749954,
        0.06059708073735237,
        0.06271154433488846,
        0.06000121682882309
    ],