{
    "train_loss": [
        38.19275533982348,
        0.033462923207160676,
        0.028866774928296774,
        0.022541297742871218,
        0.013179722216761877,
        0.011643239449924452,
        0.009998386242570666,
        0.007812971157473174,
        0.007510843759108734,
        0.007638423314371867,
        0.0068567903734471775,
        0.007323046196121343,
        0.007417489675165512,
        0.007057057722433175,
        0.00683825779865944,
        0.009506873385045009,
        0.007011508628983676,
        0.00651852709840049,
        0.006550688274262181,
        0.006446881733156482,
        0.007136017573363492,
        12.235592327663962,
        0.02515995506823598,
        0.024659735343459423,
        0.023642847132907114,
        0.021759724117676585,
        0.015347691207488773,
        0.022870060074776464,
        0.018072878729883442,
        0.017907772737136438,
        19.783057268887404
    ],
    "train_mae": [
        0.7389891147613525,
        0.14660371840000153,
        0.1374795287847519,
        0.12033131718635559,
        0.09042851626873016,
        0.0858238935470581,
        0.07855341583490372,
        0.06981851905584335,
        0.06846744567155838,
        0.06903108954429626,
        0.0652422234416008,
        0.06761136651039124,
        0.06761752814054489,
        0.0661521703004837,
        0.0654435008764267,
        0.07502834498882294,
        0.06594647467136383,
        0.06386325508356094,
        0.06365741789340973,
        0.06320872902870178,
        0.06625432521104813,
        0.4746212363243103,
        0.1269497275352478,
        0.12526480853557587,
        0.12151017040014267,
        0.11686324328184128,
        0.0983697921037674,
        0.11347872018814087,
        0.10501649975776672,
        0.10617557168006897,
        0.800047755241394
    ],
    "train_mse": [
        38.19275665283203,
        0.033462923020124435,
        0.028866775333881378,
        0.02254129946231842,
        0.013179723173379898,
        0.011643239296972752,
        0.009998385794460773,
        0.007812971249222755,
        0.007510844152420759,
        0.007638423703610897,
        0.006856790743768215,
        0.007323046214878559,
        0.0074174897745251656,
        0.007057057693600655,
        0.0068382578901946545,
        0.009506873786449432,
        0.007011508569121361,
        0.0065185269340872765,
        0.006550688296556473,
        0.00644688168540597,
        0.007136017549782991,
        12.23559284210205,
        0.02515995316207409,
        0.024659736081957817,
        0.023642847314476967,
        0.021759722381830215,
        0.01534769032150507,
        0.022870060056447983,
        0.018072878941893578,
        0.017907774075865746,
        19.783058166503906
    ],
    "train_rmse": [
        6.180028915405273,
        0.18292874097824097,
        0.1699022501707077,
        0.15013760328292847,
        0.11480297893285751,
        0.1079038456082344,
        0.09999192506074905,
        0.08839101344347,
        0.08666512370109558,
        0.08739807456731796,
        0.08280573785305023,
        0.08557479828596115,
        0.08612485229969025,
        0.08400629460811615,
        0.08269376307725906,
        0.09750320017337799,
        0.08373475074768066,
        0.0807373970746994,
        0.08093632012605667,
        0.0802924782037735,
        0.08447495102882385,
        3.497941255569458,
        0.15861889719963074,
        0.15703418850898743,
        0.1537623107433319,
        0.14751176536083221,
        0.12388579547405243,
        0.15122850239276886,
        0.13443541526794434,
        0.13381993770599365,
        4.44781494140625
    ],
    "train_r2": [
        -1794.3726806640625,
        -0.5730315446853638,
        -0.35697507858276367,
        -0.059625864028930664,
        0.3804450035095215,
        0.4526723623275757,
        0.5299938917160034,
        0.6327263116836548,
        0.6469287872314453,
        0.6409314870834351,
        0.6776746511459351,
        0.6557568311691284,
        0.6513172388076782,
        0.6682604551315308,
        0.6785458326339722,
        0.5530990362167358,
        0.6704016923904419,
        0.6935758590698242,
        0.6920639276504517,
        0.6969437599182129,
        0.6645486950874329,
        -574.1731567382812,
        -0.1827239990234375,
        -0.15920960903167725,
        -0.11140763759613037,
        -0.02288520336151123,
        0.2785327434539795,
        -0.0750802755355835,
        0.15042662620544434,
        0.1581878662109375,
        -928.9657592773438
    ],
    "train_mape": [
        212.93768310546875,
        47.391422271728516,
        44.606868743896484,
        38.52714920043945,
        29.556730270385742,
        28.482261657714844,
        25.985366821289062,
        23.529253005981445,
        22.756122589111328,
        22.912302017211914,
        21.838022232055664,
        22.691425323486328,
        22.312593460083008,
        22.207529067993164,
        21.683643341064453,
        25.28306770324707,
        22.20620346069336,
        21.301300048828125,
        21.347614288330078,
        21.285118103027344,
        21.904117584228516,
        157.91122436523438,
        49.086395263671875,
        47.7960090637207,
        46.55546951293945,
        43.66314697265625,
        34.534507751464844,
        43.04689025878906,
        38.44401550292969,
        39.80607223510742,
        246.24571228027344
    ],
    "train_smape": [
        52.22541809082031,
        42.08726119995117,
        39.715675354003906,
        35.073020935058594,
        25.78376579284668,
        24.354406356811523,
        22.05173110961914,
        19.894628524780273,
        19.48110580444336,
        19.69516944885254,
        18.734098434448242,
        19.407506942749023,
        19.367956161499023,
        19.080638885498047,
        18.793710708618164,
        21.45476722717285,
        18.896446228027344,
        18.22210121154785,
        18.159883499145508,
        18.112648010253906,
        18.8743896484375,
        50.03723907470703,
        33.90657424926758,
        33.59114074707031,
        32.643653869628906,
        31.50600242614746,
        27.056676864624023,
        30.427587509155273,
        28.69316864013672,
        28.969249725341797,
        46.765960693359375
    ],
    "train_explained_variance": [
        -1787.7171630859375,
        -0.573030948638916,
        -0.3569740056991577,
        -0.0596238374710083,
        0.3804469108581543,
        0.45267271995544434,
        0.5300078988075256,
        0.6327320337295532,
        0.6469289064407349,
        0.6409317851066589,
        0.6776747703552246,
        0.6557571887969971,
        0.6513171792030334,
        0.6682604551315308,
        0.6785460710525513,
        0.5531048774719238,
        0.6704026460647583,
        0.6935758590698242,
        0.6920639276504517,
        0.6969476342201233,
        0.6645603179931641,
        -572.459228515625,
        -0.18272197246551514,
        -0.15920805931091309,
        -0.11140751838684082,
        -0.022883892059326172,
        0.27854233980178833,
        -0.07502317428588867,
        0.15043872594833374,
        0.15818917751312256,
        -928.9657592773438
    ],