{
    "train_loss": [
        0.018138264053149517,
        0.004851813855661267,
        0.00400510433688181,
        0.0036615986981894232,
        0.0034561328842763503,
        0.0033245997134070263,
        0.0032555585864184056,
        0.003122730688888111,
        0.0030621014772464713,
        0.0030283575555405478,
        0.002968571528003292,
        0.002972787477156763,
        0.002872586291490663,
        0.002872744566594929,
        0.002839319760602369,
        0.0028352900642137652,
        0.002784292519656134,
        0.0027542289866620924,
        0.002765401178919056,
        0.0027176373461251747,
        0.002669499711838704,
        0.002639495209344452,
        0.0026084284939833086,
        0.002589697712108545,
        0.002596336969353764,
        0.0025729445630395314,
        0.0025730158503617824,
        0.002512929028744496,
        0.0024813088788422093
    ],
    "train_mae": [
        0.09388209134340286,
        0.05456921085715294,
        0.049169063568115234,
        0.04700395092368126,
        0.04555787518620491,
        0.044619400054216385,
        0.044124629348516464,
        0.04316549748182297,
        0.042679741978645325,
        0.04265761375427246,
        0.04217115417122841,
        0.04225520044565201,
        0.0414092093706131,
        0.04149417206645012,
        0.04130658507347107,
        0.041388630867004395,
        0.040859322994947433,
        0.040699828416109085,
        0.04092729091644287,
        0.040381625294685364,
        0.0400405153632164,
        0.039769306778907776,
        0.039529234170913696,
        0.03938053920865059,
        0.03958627209067345,
        0.03914360702037811,
        0.039352450519800186,
        0.03880486264824867,
        0.03855149820446968
    ],
    "train_mse": [
        0.018138263374567032,
        0.004851813893765211,
        0.004005104303359985,
        0.003661598777398467,
        0.0034561329521238804,
        0.003324599703773856,
        0.003255558433011174,
        0.0031227306462824345,
        0.0030621017795056105,
        0.003028357634320855,
        0.002968571614474058,
        0.0029727874789386988,
        0.002872586017474532,
        0.0028727445751428604,
        0.0028393196407705545,
        0.002835290040820837,
        0.0027842926792800426,
        0.0027542286552488804,
        0.0027654010336846113,
        0.0027176374569535255,
        0.0026694994885474443,
        0.0026394950691610575,
        0.0026084287092089653,
        0.002589697716757655,
        0.002596337115392089,
        0.002572944387793541,
        0.0025730158668011427,
        0.002512929029762745,
        0.002481308998540044
    ],
    "train_rmse": [
        0.13467836380004883,
        0.06965496391057968,
        0.06328589469194412,
        0.06051114574074745,
        0.058788884431123734,
        0.057659342885017395,
        0.05705749988555908,
        0.055881399661302567,
        0.05533625930547714,
        0.055030517280101776,
        0.05448459833860397,
        0.054523274302482605,
        0.053596511483192444,
        0.05359799042344093,
        0.05328526720404625,
        0.05324744060635567,
        0.05276639759540558,
        0.05248074606060982,
        0.052587080746889114,
        0.052130963653326035,
        0.05166719853878021,
        0.051376014947891235,
        0.051072780042886734,
        0.05088907107710838,
        0.05095426365733147,
        0.050724200904369354,
        0.050724904984235764,
        0.05012912303209305,
        0.049812737852334976
    ],
    "train_r2": [
        0.14735299348831177,
        0.7719249725341797,
        0.8117272853851318,
        0.8278748393058777,
        0.8375334739685059,
        0.8437166213989258,
        0.8469620943069458,
        0.8532060384750366,
        0.8560560941696167,
        0.857642412185669,
        0.8604528307914734,
        0.8602546453475952,
        0.8649649024009705,
        0.8649574518203735,
        0.8665286898612976,
        0.8667181134223938,
        0.8691154718399048,
        0.8705286979675293,
        0.8700034618377686,
        0.8722487688064575,
        0.8745116591453552,
        0.8759220838546753,
        0.8773824572563171,
        0.878262996673584,
        0.87795090675354,
        0.8790505528450012,
        0.879047155380249,
        0.88187175989151,
        0.8833581209182739
    ],
    "train_mape": [
        29.268381118774414,
        18.230945587158203,
        16.538284301757812,
        15.8162202835083,
        15.353361129760742,
        14.985048294067383,
        14.818949699401855,
        14.56758975982666,
        14.319181442260742,
        14.260705947875977,
        14.049579620361328,
        14.145904541015625,
        13.817131042480469,
        13.79572868347168,
        13.678778648376465,
        13.729975700378418,
        13.504907608032227,
        13.431304931640625,
        13.520442962646484,
        13.248623847961426,
        13.151378631591797,
        13.065260887145996,
        12.91063117980957,
        12.800619125366211,
        12.875999450683594,
        12.745401382446289,
        12.793825149536133,
        12.642293930053711,
        12.583337783813477
    ],
    "train_smape": [
        28.54340362548828,
        15.811824798583984,
        14.40450668334961,
        13.818510055541992,
        13.428750991821289,
        13.162866592407227,
        13.038837432861328,
        12.765484809875488,
        12.628084182739258,
        12.633172988891602,
        12.454737663269043,
        12.495914459228516,
        12.269375801086426,
        12.273591995239258,
        12.189377784729004,
        12.23039436340332,
        12.064477920532227,
        12.00826358795166,
        12.0613431930542,
        11.897010803222656,
        11.816788673400879,
        11.756803512573242,
        11.633867263793945,
        11.59715747833252,
        11.628555297851562,
        11.519344329833984,
        11.574456214904785,
        11.412652969360352,
        11.363162994384766
    ],
    "train_explained_variance": [
        0.16918134689331055,
        0.7719470858573914,
        0.8117275238037109,
        0.8278748393058777,
        0.8375347852706909,
        0.8437172770500183,
        0.8469620943069458,
        0.853208601474762,
        0.8560562133789062,
        0.8576429486274719,
        0.8604528307914734,
        0.8602558970451355,
        0.8649653792381287,
        0.864957869052887,
        0.8665291666984558,
        0.8667185306549072,
        0.8691158890724182,
        0.870529055595398,
        0.8700037002563477,
        0.8722490072250366,
        0.8745124340057373,
        0.8759221434593201,
        0.8773831129074097,
        0.8782632946968079,
        0.8779512047767639,
        0.8790505528450012,
        0.8790478110313416,
        0.8818736672401428,
        0.8833584189414978
    ],
    "train_peak_error": [
        0.9394148588180542,
        0.47295013070106506,
        0.3845862150192261,
        0.3848263621330261,
        0.37363100051879883,
        0.33787328004837036,
        0.34407395124435425,
        0.34854817390441895,
        0.3449559807777405,
        0.34420520067214966,
        0.3251023292541504,
        0.31430214643478394,
        0.3035452961921692,
        0.3136460781097412,
        0.3254857063293457,
        0.30222147703170776,
        0.3027766942977905,
        0.31665652990341187,
        0.27583760023117065,
        0.2924115061759949,
        0.29508060216903687,
        0.2862105965614319,
        0.2918647527694702,
        0.28725141286849976,
        0.3043792247772217,
        0.32063668966293335,
        0.2890610694885254,
        0.2866361737251282,
        0.287864089012146
    ],