{
    "train_loss": [
        0.007379012430164548,
        0.003669030609394228,
        0.0034237351268101156,
        0.00331329896303625,
        0.003207274154568191,
        0.0030429829550568956,
        0.00290630176945936,
        0.002763100222459678,
        0.0026127480371377267,
        0.0025188938795702204,
        0.002456342606912556,
        0.0023611056772630374,
        0.002175573629323581,
        0.0021266640395448916,
        0.0019320044540587394
    ],
    "train_mae": [
        0.06171368807554245,
        0.047005388885736465,
        0.04550943896174431,
        0.04445170611143112,
        0.04392756149172783,
        0.04270081967115402,
        0.04174187034368515,
        0.040762487798929214,
        0.039699506014585495,
        0.03895353898406029,
        0.03885940834879875,
        0.03782101720571518,
        0.036316514015197754,
        0.035837311297655106,
        0.03423309698700905
    ],
    "train_mse": [
        0.007379012648016214,
        0.003669030498713255,
        0.0034237350337207317,
        0.003313299035653472,
        0.0032072740141302347,
        0.003042982891201973,
        0.0029063017573207617,
        0.0027631002012640238,
        0.002612748183310032,
        0.0025188939180225134,
        0.002456342801451683,
        0.0023611055221408606,
        0.0021755734924227,
        0.0021266641560941935,
        0.0019320043502375484
    ],
    "train_rmse": [
        0.08590117841959,
        0.06057252362370491,
        0.05851269140839577,
        0.05756126344203949,
        0.05663279816508293,
        0.05516323819756508,
        0.05391012504696846,
        0.05256519839167595,
        0.05111504718661308,
        0.0501885823905468,
        0.049561504274606705,
        0.04859120771288872,
        0.04664304479956627,
        0.04611576721072197,
        0.04395456984639168
    ],
    "train_r2": [
        0.6531259417533875,
        0.8275254964828491,
        0.8390563726425171,
        0.8442478179931641,
        0.8492318391799927,
        0.8569548726081848,
        0.8633800148963928,
        0.8701116442680359,
        0.8771794438362122,
        0.8815913200378418,
        0.8845317363739014,
        0.8890087008476257,
        0.8977302312850952,
        0.9000293612480164,
        0.9091799259185791
    ],
    "train_mape": [
        20.172422409057617,
        15.804176330566406,
        15.199703216552734,
        14.783390998840332,
        14.486098289489746,
        14.137728691101074,
        13.739542961120605,
        13.221112251281738,
        12.73319149017334,
        12.515581130981445,
        12.429346084594727,
        12.087496757507324,
        11.620838165283203,
        11.406614303588867,
        10.853658676147461
    ],
    "train_smape": [
        18.094141006469727,
        13.876448631286621,
        13.451480865478516,
        13.212079048156738,
        12.934959411621094,
        12.618124008178711,
        12.31417179107666,
        12.003060340881348,
        11.680608749389648,
        11.448530197143555,
        11.452441215515137,
        11.103404998779297,
        10.697171211242676,
        10.569472312927246,
        10.115002632141113
    ],
    "train_explained_variance": [
        0.6535625457763672,
        0.8275254964828491,
        0.8390583992004395,
        0.8442505598068237,
        0.8492321968078613,
        0.8569599390029907,
        0.8633814454078674,
        0.8701137900352478,
        0.8771815896034241,
        0.881591796875,
        0.8845341205596924,
        0.8890089392662048,
        0.897732138633728,
        0.9000300168991089,
        0.9091823101043701
    ],
    "train_peak_error": [
        0.7083716988563538,
        0.3214457035064697,
        0.2982574701309204,
        0.3464268445968628,
        0.3093409538269043,
        0.3178405165672302,
        0.2892571687698364,
        0.27148622274398804,
        0.24570348858833313,
        0.26367801427841187,
        0.22145670652389526,
        0.25538766384124756,
        0.23553282022476196,
        0.24795353412628174,
        0.235500305891037
    ],
    "val_loss": [
        0.0035883955529509045,
        0.0037004900251669313,
        0.0036017868199834614,
        0.0036534150887830115,
        0.0031676401487357323,
        0.0037811693728050525,
        0.004037002943884984,
        0.003674811039039557,
        0.00369370137609327,
        0.0037284168835541756,
        0.004154996395868202,
        0.003979539527162481,
        0.004087816432466825,
        0.0043963423780024906,
        0.0045449241814237065
    ],
    "val_mae": [
        0.04754266142845154,
        0.04751012101769447,
        0.04788321256637573,
        0.04844154417514801,
        0.044773709028959274,
        0.04917576164007187,
        0.05074119195342064,
        0.04863525554537773,
        0.04865181818604469,
        0.048967987298965454,
        0.0522787980735302,
        0.051166631281375885,
        0.0522594153881073,
        0.052522920072078705,
        0.05437442660331726
    ],
    "val_mse": [
        0.0035883954260498285,
        0.0037004901096224785,
        0.003601786680519581,
        0.003653415245935321,
        0.003167640184983611,
        0.003781169420108199,
        0.00403700303286314,
        0.0036748109851032495,
        0.0036937014665454626,
        0.0037284167483448982,
        0.004154996480792761,
        0.0039795394986867905,
        0.004087816458195448,
        0.004396342672407627,
        0.004544924013316631
    ],
    "val_rmse": [
        0.05990321561694145,
        0.06083165481686592,
        0.060014888644218445,
        0.060443487018346786,
        0.05628179386258125,
        0.061491213738918304,
        0.06353741139173508,
        0.06062021851539612,
        0.06077583134174347,
        0.06106076389551163,
        0.06445926427841187,
        0.06308358907699585,
        0.0639360323548317,
        0.06630492210388184,
        0.06741604954004288
    ],
    "val_r2": [
        0.7502737045288086,
        0.7424726486206055,
        0.7493417263031006,
        0.74574875831604,
        0.7795552015304565,
        0.7368580102920532,
        0.7190538644790649,
        0.744259774684906,
        0.74294513463974,
        0.7405291795730591,
        0.7108423709869385,
        0.7230528593063354,
        0.7155175805091858,
        0.6940463781356812,
        0.6837061643600464
    ],
    "val_mape": [
        23.59774398803711,
        21.935138702392578,
        25.942424774169922,
        25.99041748046875,
        20.102506637573242,
        24.547426223754883,
        24.08890151977539,
        23.79747200012207,
        23.149198532104492,
        22.504087448120117,
        25.589111328125,
        24.325223922729492,
        25.945932388305664,
        23.305803298950195,
        25.820640563964844
    ],
    "val_smape": [
        18.634122848510742,
        18.74746322631836,
        19.006065368652344,
        19.19420623779297,
        17.57572364807129,
        19.27956771850586,
        19.410499572753906,
        19.047134399414062,
        19.088298797607422,
        19.253950119018555,
        20.16533660888672,
        19.956817626953125,
        20.439733505249023,
        20.779815673828125,
        20.815425872802734
    ],
    "val_explained_variance": [
        0.7505053281784058,
        0.7427093982696533,
        0.7702270150184631,
        0.7759510278701782,
        0.7862093448638916,
        0.7433642148971558,
        0.7447980642318726,
        0.7615744471549988,
        0.7473187446594238,
        0.7426756620407104,
        0.7260037064552307,
        0.7268444299697876,
        0.7326726913452148,
        0.695428192615509,
        0.7024376392364502
    ],