{
    "train_loss": [
        0.006646704933881444,
        0.0035471425797211067,
        0.0032799712103765916,
        0.0032051533544702987,
        0.0030458572743802884,
        0.0029272104179976894,
        0.002838869853581239,
        0.0026572325850327486,
        0.0024291845019240076,
        0.002353487086861456,
        0.00215891793777868,
        0.0020418908135496645,
        0.001972614261553241,
        0.0017849647746750344
    ],
    "train_mae": [
        0.05832814425230026,
        0.04626922309398651,
        0.04449775442481041,
        0.04399251192808151,
        0.043079644441604614,
        0.04212531819939613,
        0.041304588317871094,
        0.04011093080043793,
        0.038469891995191574,
        0.037694089114665985,
        0.03626048564910889,
        0.03526422008872032,
        0.03450876846909523,
        0.032982535660266876
    ],
    "train_mse": [
        0.0066467043943703175,
        0.003547142492607236,
        0.0032799711916595697,
        0.0032051533926278353,
        0.0030458574183285236,
        0.002927210181951523,
        0.0028388695791363716,
        0.0026572328060865402,
        0.002429184503853321,
        0.0023534870706498623,
        0.0021589177194982767,
        0.002041890984401107,
        0.001972614321857691,
        0.00178496481385082
    ],
    "train_rmse": [
        0.08152732253074646,
        0.05955789238214493,
        0.05727103352546692,
        0.05661407485604286,
        0.055189285427331924,
        0.05410369858145714,
        0.053281042724847794,
        0.05154835432767868,
        0.04928675666451454,
        0.04851275309920311,
        0.04646415635943413,
        0.04518728703260422,
        0.04441412165760994,
        0.04224884510040283
    ],
    "train_r2": [
        0.68755042552948,
        0.8332552313804626,
        0.8458144664764404,
        0.8493314981460571,
        0.856819748878479,
        0.8623971343040466,
        0.8665498495101929,
        0.8750882744789124,
        0.8858084082603455,
        0.8893668055534363,
        0.8985131978988647,
        0.9040144085884094,
        0.9072709679603577,
        0.916092038154602
    ],
    "train_mape": [
        19.254117965698242,
        15.435091018676758,
        14.78091049194336,
        14.504729270935059,
        13.915772438049316,
        13.682413101196289,
        13.24640941619873,
        12.927244186401367,
        12.218219757080078,
        11.952943801879883,
        11.5486421585083,
        11.055316925048828,
        10.842836380004883,
        10.340021133422852
    ],
    "train_smape": [
        16.8905029296875,
        13.646587371826172,
        13.146093368530273,
        13.02057933807373,
        12.65583610534668,
        12.406780242919922,
        12.151453971862793,
        11.80567455291748,
        11.277575492858887,
        11.045540809631348,
        10.70404052734375,
        10.349984169006348,
        10.162212371826172,
        9.68196964263916
    ],
    "train_explained_variance": [
        0.6877428293228149,
        0.8332552909851074,
        0.8458166122436523,
        0.8493349552154541,
        0.8568209409713745,
        0.862397313117981,
        0.8665596842765808,
        0.8750885725021362,
        0.8858084678649902,
        0.8893670439720154,
        0.8985143899917603,
        0.9040147066116333,
        0.907271146774292,
        0.916092574596405
    ],
    "train_peak_error": [
        0.7067225575447083,
        0.3416386842727661,
        0.31587153673171997,
        0.29951345920562744,
        0.3151184916496277,
        0.3042599558830261,
        0.3017125725746155,
        0.2758745551109314,
        0.27399760484695435,
        0.24741536378860474,
        0.22492587566375732,
        0.23934853076934814,
        0.20974355936050415,
        0.20276018977165222
    ],
    "val_loss": [
        0.003423408276314358,
        0.0031633649176160852,
        0.0034644756004509093,
        0.0031604216113793764,
        0.003975205050057752,
        0.004035125087893052,
        0.0041378735409205334,
        0.0038928197443538863,
        0.0038034373181436557,
        0.0039000369426157836,
        0.004763558365391205,
        0.00467496260578523,
        0.004442924136637623,
        0.0046070694948526485
    ],
    "val_mae": [
        0.04645221680402756,
        0.04428170993924141,
        0.04632720351219177,
        0.04462103918194771,
        0.05005258694291115,
        0.04975329339504242,
        0.05119479447603226,
        0.05054602026939392,
        0.04948168247938156,
        0.05010131001472473,
        0.05594544857740402,
        0.055156584829092026,
        0.05341700091958046,
        0.05434449017047882
    ],
    "val_mse": [
        0.0034234083723276854,
        0.0031633649487048388,
        0.003464475739747286,
        0.00316042173653841,
        0.00397520512342453,
        0.004035124555230141,
        0.004137873649597168,
        0.003892819629982114,
        0.003803437575697899,
        0.0039000369142740965,
        0.004763558506965637,
        0.004674962721765041,
        0.004442924167960882,
        0.004607069306075573
    ],
    "val_rmse": [
        0.05850990116596222,
        0.05624379962682724,
        0.058859799057245255,
        0.056217629462480545,
        0.06304922699928284,
        0.06352262943983078,
        0.06432630866765976,
        0.0623924657702446,
        0.061672016978263855,
        0.06245027482509613,
        0.06901853531599045,
        0.06837370246648788,
        0.06665526330471039,
        0.06787539273500443
    ],
    "val_r2": [
        0.7617555856704712,
        0.7798527479171753,
        0.758897602558136,
        0.7800575494766235,
        0.7233545184135437,
        0.7191845178604126,
        0.7120339870452881,
        0.7290879487991333,
        0.7353082895278931,
        0.7285856604576111,
        0.6684908270835876,
        0.6746565103530884,
        0.690804660320282,
        0.6793813705444336
    ],
    "val_mape": [
        22.31277084350586,
        20.964258193969727,
        21.409740447998047,
        21.90055274963379,
        25.304672241210938,
        20.872713088989258,
        24.92069435119629,
        25.017887115478516,
        22.981700897216797,
        23.490455627441406,
        29.152042388916016,
        25.49452781677246,
        23.53907585144043,
        23.84529685974121
    ],
    "val_smape": [
        18.208410263061523,
        17.405153274536133,
        18.198253631591797,
        17.480012893676758,
        19.448835372924805,
        19.718273162841797,
        19.933368682861328,
        19.753341674804688,
        19.49407386779785,
        19.479934692382812,
        21.883275985717773,
        21.16306495666504,
        20.69359016418457,
        20.695024490356445
    ],
    "val_explained_variance": [
        0.7687923312187195,
        0.7802125215530396,
        0.7599543333053589,
        0.7870408892631531,
        0.7609456777572632,
        0.7238113880157471,
        0.7157173156738281,
        0.7452833652496338,
        0.7356778383255005,
        0.7333770990371704,
        0.6845904588699341,
        0.698584794998169,
        0.6923198103904724,
        0.6852083206176758
    ],
    "val_peak_error": [
        0.22790798544883728,
        0.19919732213020325,
        0.20291104912757874,
        0.21214690804481506,
        0.21591925621032715,
        0.23914945125579834,
        0.27275997400283813,
        0.21397477388381958,
        0.20147085189819336,
        0.23620474338531494,
        0.23939502239227295,
        0.2306481897830963,
        0.22829115390777588,
        0.23210248351097107
    ],
    "lr": [
        0.0001,
        0.0001,
        0.0001,
        0.0001,
        0.0001,
        0.0001,
        0.0001,
        0.0001,
        0.0001,
        0.0001,
        0.0001,
        0.0001,
        0.0001,
        0.0001
    ]
}