{
    "train_loss": [
        0.04477725342579125,
        0.004316723092994741,
        0.0040815164660536534,
        0.003407643308290895,
        0.0035349070117570392,
        0.0032950171541938377,
        0.003017707055510471,
        0.0028358015906458423,
        0.0027863738238095505,
        0.0024915295031377443,
        0.002637161672719469,
        0.002164064168789428,
        0.0019065044328172927,
        0.0016911186615817806,
        0.0015320689710503319,
        0.0009184455146846076,
        0.0007425742920086501,
        0.000680088559529219,
        0.0006195562817571117
    ],
    "train_mae": [
        0.08963284641504288,
        0.05138638615608215,
        0.049871135503053665,
        0.045513078570365906,
        0.046549949795007706,
        0.04472317546606064,
        0.04277234897017479,
        0.04152683541178703,
        0.040869977325201035,
        0.0388106107711792,
        0.039842136204242706,
        0.03631971776485443,
        0.033883899450302124,
        0.032014135271310806,
        0.03057277202606201,
        0.02360781468451023,
        0.021079858765006065,
        0.020250463858246803,
        0.0193623136729002
    ],
    "train_mse": [
        0.04477724805474281,
        0.004316722508519888,
        0.0040815165266394615,
        0.003407643409445882,
        0.0035349070094525814,
        0.00329501717351377,
        0.003017707262188196,
        0.0028358015697449446,
        0.002786373719573021,
        0.002491529332473874,
        0.0026371616404503584,
        0.002164063975214958,
        0.001906504388898611,
        0.0016911188140511513,
        0.0015320690581575036,
        0.0009184454684145749,
        0.0007425742805935442,
        0.0006800885312259197,
        0.0006195562309585512
    ],
    "train_rmse": [
        0.21160635352134705,
        0.06570176780223846,
        0.06388674676418304,
        0.05837502330541611,
        0.059455085545778275,
        0.057402241975069046,
        0.054933663457632065,
        0.05325224623084068,
        0.05278611183166504,
        0.04991522058844566,
        0.05135330185294151,
        0.04651949927210808,
        0.04366353526711464,
        0.04112321510910988,
        0.03914165496826172,
        0.03030586615204811,
        0.027250215411186218,
        0.02607850730419159,
        0.02489088661968708
    ],
    "train_r2": [
        -1.1048977375030518,
        0.7970786690711975,
        0.8081352710723877,
        0.8398128151893616,
        0.8338304162025452,
        0.8451071977615356,
        0.8581430315971375,
        0.8666940927505493,
        0.8690176010131836,
        0.8828777074813843,
        0.8760318160057068,
        0.8982712626457214,
        0.9103786945343018,
        0.920503556728363,
        0.9279801845550537,
        0.9568255543708801,
        0.9650928974151611,
        0.9680302739143372,
        0.9708757996559143
    ],
    "train_mape": [
        29.11617660522461,
        17.278776168823242,
        16.545495986938477,
        15.250139236450195,
        15.137751579284668,
        14.667764663696289,
        14.081462860107422,
        13.46894359588623,
        13.141037940979004,
        12.386063575744629,
        12.46381664276123,
        11.592024803161621,
        10.841706275939941,
        10.10330581665039,
        9.527241706848145,
        7.274239540100098,
        6.291527271270752,
        6.137196063995361,
        5.971037864685059
    ],
    "train_smape": [
        23.01915740966797,
        15.094196319580078,
        14.678852081298828,
        13.511967658996582,
        13.626758575439453,
        13.174793243408203,
        12.660307884216309,
        12.26002025604248,
        12.038808822631836,
        11.449256896972656,
        11.641305923461914,
        10.712016105651855,
        10.033796310424805,
        9.4110746383667,
        9.010270118713379,
        6.970853328704834,
        6.174685955047607,
        5.993763446807861,
        5.766535758972168
    ],
    "train_explained_variance": [
        -1.1047894954681396,
        0.7970787286758423,
        0.8081424236297607,
        0.839813768863678,
        0.8338335156440735,
        0.8451148271560669,
        0.8581432700157166,
        0.8666987419128418,
        0.8690207004547119,
        0.882878839969635,
        0.8760383129119873,
        0.8982719779014587,
        0.9103808999061584,
        0.9205067753791809,
        0.9279801845550537,
        0.9568257927894592,
        0.9650929570198059,
        0.9680303931236267,
        0.9708758592605591
    ],
    "train_peak_error": [
        3.6160953044891357,
        0.3350091576576233,
        0.3314790725708008,
        0.3249046206474304,
        0.307185560464859,
        0.3077332377433777,
        0.26766929030418396,
        0.23998624086380005,
        0.2449437975883484,
        0.31128931045532227,
        0.29062318801879883,
        0.239267498254776,
        0.22741565108299255,
        0.2534917891025543,
        0.21036186814308167,
        0.21434083580970764,
        0.1762409508228302,
        0.1503485143184662,
        0.2075815200805664
    ],
    "val_loss": [
        0.003373832679956669,
        0.003614502535000604,
        0.0031982752253308143,
        0.0031730631161347137,
        0.0037013684909978357,
        0.0035563762657505145,
        0.0037809055529052405,
        0.003960110082043161,
        0.0033858092550670717,
        0.004623884291743203,
        0.004563300381615597,
        0.003959083390931378,
        0.00468431770466536,
        0.004931484485889296,
        0.005161202053385351,
        0.004810055887541003,
        0.0053304570536095676,
        0.005235334848717069,
        0.005103061027597073
    ],
    "val_mae": [
        0.04620891064405441,
        0.04733207821846008,
        0.04454667866230011,
        0.04468182846903801,
        0.048061762005090714,
        0.047596901655197144,
        0.04906576871871948,
        0.05080678313970566,
        0.047242678701877594,
        0.05457878112792969,
        0.05518394336104393,
        0.04989665001630783,
        0.055119212716817856,
        0.05726746842265129,
        0.05811834707856178,
        0.05603988096117973,
        0.058871641755104065,
        0.058195941150188446,
        0.05766171216964722
    ],
    "val_mse": [
        0.0033738326746970415,
        0.0036145024932920933,
        0.0031982751097530127,
        0.0031730630435049534,
        0.003701368346810341,
        0.003556376090273261,
        0.0037809053901582956,
        0.003960109781473875,
        0.003385809250175953,
        0.004623884800821543,
        0.004563299939036369,
        0.003959083463996649,
        0.0046843173913657665,
        0.004931484814733267,
        0.005161202047020197,
        0.004810056183487177,
        0.0053304568864405155,
        0.005235334392637014,
        0.0051030609756708145
    ],
    "val_rmse": [
        0.05808470398187637,
        0.060120731592178345,
        0.05655329301953316,
        0.05632994696497917,
        0.06083887070417404,
        0.059635359793901443,
        0.06148906797170639,
        0.06292940676212311,
        0.058187708258628845,
        0.06799915432929993,
        0.06755220144987106,
        0.06292124837636948,
        0.06844207644462585,
        0.07022453099489212,
        0.07184150815010071,
        0.0693545714020729,
        0.07300997525453568,
        0.07235561311244965,
        0.07143571227788925
    ],