{
    "train_loss": [
        0.008446446670518774,
        0.0036366308553429233,
        0.003536674849254268,
        0.0032514381503088437,
        0.003130670107831641,
        0.0030553952756444255,
        0.003010291665118974,
        0.002916890667871049,
        0.002802383215162877,
        0.002818088038336918,
        0.00268367350691305,
        0.0026483221078127117,
        0.0026437117600284447,
        0.0024995332692737686,
        0.0024094439931822663,
        0.0023835308535011877,
        0.002364389383304718
    ],
    "train_mae": [
        0.06606283038854599,
        0.04697658494114876,
        0.04616936296224594,
        0.04423629865050316,
        0.043540094047784805,
        0.042880408465862274,
        0.04261211305856705,
        0.041922446340322495,
        0.04111132398247719,
        0.04118909314274788,
        0.04029342532157898,
        0.03986916318535805,
        0.04002372920513153,
        0.03880448639392853,
        0.03819673880934715,
        0.03804296255111694,
        0.03776388615369797
    ],
    "train_mse": [
        0.008446446619927883,
        0.0036366309504956007,
        0.0035366748925298452,
        0.0032514382619410753,
        0.0031306699384003878,
        0.0030553953256458044,
        0.003010291839018464,
        0.002916890662163496,
        0.0028023833874613047,
        0.002818088047206402,
        0.0026836737524718046,
        0.002648322144523263,
        0.002643711632117629,
        0.0024995331186801195,
        0.0024094441905617714,
        0.0023835308384150267,
        0.002364389132708311
    ],
    "train_rmse": [
        0.09190455079078674,
        0.06030448526144028,
        0.05946994945406914,
        0.057021383196115494,
        0.05595238879323006,
        0.055275630205869675,
        0.05486612766981125,
        0.05400824546813965,
        0.05293754115700722,
        0.05308566614985466,
        0.051804184913635254,
        0.051461853086948395,
        0.0514170378446579,
        0.04999532923102379,
        0.04908609017729759,
        0.04882141947746277,
        0.04862498492002487
    ],
    "train_r2": [
        0.6029478311538696,
        0.8290485143661499,
        0.8337473273277283,
        0.847155749797821,
        0.8528328537940979,
        0.8563714027404785,
        0.8584915995597839,
        0.8628822565078735,
        0.8682650327682495,
        0.8675267696380615,
        0.8738453388214111,
        0.8755071759223938,
        0.8757238984107971,
        0.882501482963562,
        0.8867363929748535,
        0.8879545331001282,
        0.8888543248176575
    ],
    "train_mape": [
        21.501436233520508,
        15.75432300567627,
        15.346746444702148,
        14.78450870513916,
        14.531649589538574,
        14.282417297363281,
        14.117616653442383,
        13.922518730163574,
        13.675342559814453,
        13.58614444732666,
        13.079361915588379,
        13.149884223937988,
        13.035316467285156,
        12.583902359008789,
        12.23599624633789,
        12.214469909667969,
        12.108765602111816
    ],
    "train_smape": [
        19.137535095214844,
        13.857284545898438,
        13.60070514678955,
        13.101990699768066,
        12.899062156677246,
        12.67397689819336,
        12.627747535705566,
        12.444392204284668,
        12.236174583435059,
        12.207670211791992,
        11.850495338439941,
        11.840377807617188,
        11.859901428222656,
        11.447712898254395,
        11.223298072814941,
        11.162581443786621,
        11.113585472106934
    ],
    "train_explained_variance": [
        0.6036034822463989,
        0.8290489912033081,
        0.8337475061416626,
        0.8471565246582031,
        0.8528335094451904,
        0.8563722372055054,
        0.8584968447685242,
        0.8628824353218079,
        0.8682652711868286,
        0.8675277233123779,
        0.8738455176353455,
        0.8755075931549072,
        0.875727653503418,
        0.8825029730796814,
        0.8867377638816833,
        0.8879560232162476,
        0.8888545036315918
    ],
    "train_peak_error": [
        0.653205156326294,
        0.31693100929260254,
        0.2955275774002075,
        0.3204064965248108,
        0.2970898747444153,
        0.3105939030647278,
        0.30657273530960083,
        0.2911892533302307,
        0.29655420780181885,
        0.2914186716079712,
        0.2834521532058716,
        0.28500497341156006,
        0.28965437412261963,
        0.26117926836013794,
        0.2784586548805237,
        0.24288123846054077,
        0.2278537154197693
    ],
    "val_loss": [
        0.0036426813794608165,
        0.0034312754558908534,
        0.003292588157204094,
        0.003505733013555086,
        0.003304144450557157,
        0.0033627038124761136,
        0.0031714907239975155,
        0.003485958811914106,
        0.0033412330421424812,
        0.003428802609296261,
        0.004024053080235239,
        0.00329312762748048,
        0.0035277843354403864,
        0.0038917691543993117,
        0.0035184394613765983,
        0.0035983840018350014,
        0.0036010337659164514
    ],
    "val_mae": [
        0.04756227880716324,
        0.04619418829679489,
        0.045501481741666794,
        0.046984512358903885,
        0.04526985436677933,
        0.04575256630778313,
        0.044893618673086166,
        0.04729623347520828,
        0.04605119302868843,
        0.04691070318222046,
        0.04967986047267914,
        0.045346274971961975,
        0.04756295680999756,
        0.050383925437927246,
        0.04727594554424286,
        0.047977034002542496,
        0.047614309936761856
    ],
    "val_mse": [
        0.00364268128760159,
        0.003431275486946106,
        0.0032925880514085293,
        0.003505733096972108,
        0.003304144600406289,
        0.003362703835591674,
        0.0031714909709990025,
        0.0034859587904065847,
        0.003341232892125845,
        0.003428802592679858,
        0.004024052992463112,
        0.003293127752840519,
        0.0035277842544019222,
        0.0038917693309485912,
        0.003518439596518874,
        0.003598384093493223,
        0.0036010337062180042
    ],
    "val_rmse": [
        0.060354627668857574,
        0.05857709050178528,
        0.057381078600883484,
        0.05920923128724098,
        0.057481687515974045,
        0.05798882618546486,
        0.05631599202752113,
        0.059042010456323624,
        0.05780339986085892,
        0.058555979281663895,
        0.06343542039394379,
        0.05738577991724014,
        0.05939515307545662,
        0.062384046614170074,
        0.05931643769145012,
        0.05998653173446655,
        0.060008615255355835
    ],
    "val_r2": [
        0.7464957237243652,
        0.7612080574035645,
        0.7708597183227539,
        0.7560263872146606,
        0.7700554728507996,
        0.7659801244735718,
        0.7792872190475464,
        0.7574025392532349,
        0.7674744129180908,
        0.7613801956176758,
        0.7199550867080688,
        0.7708221673965454,
        0.7544917464256287,
        0.7291610240936279,
        0.755142092704773,
        0.7495785355567932,
        0.7493941783905029
    ],
    "val_mape": [
        24.09820556640625,
        23.092092514038086,
        20.81821632385254,
        24.485918045043945,
        22.017059326171875,
        20.879295349121094,
        21.778162002563477,
        24.970565795898438,
        22.396120071411133,
        23.11294174194336,
        20.44291114807129,
        20.515419006347656,
        24.332273483276367,
        25.664981842041016,
        22.717403411865234,
        23.88580322265625,
        22.458507537841797
    ],