{
    "train_loss": [
        0.009700942074587177,
        0.0038210225497557985,
        0.003508688067045847,
        0.003335047061626365,
        0.003312398935617258,
        0.003223297325441384,
        0.003229743344292331,
        0.0031791015143941073,
        0.0030804726850172394,
        0.0029946429134737875,
        0.0030587620219182095,
        0.0029794789542771927,
        0.002942954621009039,
        0.0029899261199754206,
        0.0029980104166280365,
        0.002890825317749197,
        0.0028856191461519333,
        0.002947929541025487,
        0.002873014871235553,
        0.00286070597472199,
        0.002858249902945376,
        0.0027988936551727054,
        0.0028200809549242738,
        0.0026980836098705638,
        0.002688616485507392,
        0.0027006699044237253,
        0.0026877049689184042
    ],
    "train_mae": [
        0.0685606300830841,
        0.0480995737016201,
        0.046293266117572784,
        0.04480704665184021,
        0.044780608266592026,
        0.044185955077409744,
        0.04413959011435509,
        0.04381953179836273,
        0.04315749555826187,
        0.04238766059279442,
        0.0429656095802784,
        0.04229606315493584,
        0.04231896996498108,
        0.04238741472363472,
        0.04250459000468254,
        0.041615184396505356,
        0.04165792092680931,
        0.04201846569776535,
        0.04159579798579216,
        0.04156354069709778,
        0.04150426387786865,
        0.04104273021221161,
        0.04119076207280159,
        0.040240578353405,
        0.040080659091472626,
        0.040202099829912186,
        0.0402972511947155
    ],
    "train_mse": [
        0.009700941853225231,
        0.0038210228085517883,
        0.003508687950670719,
        0.003335047047585249,
        0.003312398912385106,
        0.0032232971861958504,
        0.0032297433353960514,
        0.003179101273417473,
        0.0030804728157818317,
        0.002994643058627844,
        0.0030587618239223957,
        0.002979479031637311,
        0.002942954655736685,
        0.00298992614261806,
        0.0029980104882270098,
        0.0028908252716064453,
        0.002885619178414345,
        0.0029479297809302807,
        0.0028730148915201426,
        0.0028607062995433807,
        0.0028582499362528324,
        0.0027988937217742205,
        0.0028200808446854353,
        0.002698083408176899,
        0.0026886165142059326,
        0.002700669690966606,
        0.0026877049822360277
    ],
    "train_rmse": [
        0.09849335998296738,
        0.06181442365050316,
        0.05923417955636978,
        0.05774986743927002,
        0.05755344405770302,
        0.0567740872502327,
        0.05683083087205887,
        0.05638352036476135,
        0.05550200864672661,
        0.054723333567380905,
        0.055306073278188705,
        0.054584603756666183,
        0.054249007254838943,
        0.05468021705746651,
        0.05475408956408501,
        0.0537663958966732,
        0.0537179596722126,
        0.05429483950138092,
        0.05360051244497299,
        0.05348557233810425,
        0.05346260219812393,
        0.05290457233786583,
        0.05310443416237831,
        0.05194307863712311,
        0.051851872354745865,
        0.05196796730160713,
        0.051843080669641495
    ],
    "train_r2": [
        0.5439763069152832,
        0.8203806281089783,
        0.8350629210472107,
        0.8432254791259766,
        0.8442901372909546,
        0.8484786152839661,
        0.848175585269928,
        0.8505561947822571,
        0.8551925420761108,
        0.8592272400856018,
        0.8562131524085999,
        0.8599400520324707,
        0.8616570234298706,
        0.8594489693641663,
        0.8590689897537231,
        0.8641074895858765,
        0.8643522262573242,
        0.861423134803772,
        0.8649447560310364,
        0.8655233383178711,
        0.8656388521194458,
        0.8684290647506714,
        0.8674330711364746,
        0.8731679916381836,
        0.8736129999160767,
        0.8730463981628418,
        0.8736558556556702
    ],
    "train_mape": [
        22.22406768798828,
        16.08883285522461,
        15.417632102966309,
        14.992916107177734,
        14.958415985107422,
        14.758878707885742,
        14.711719512939453,
        14.592918395996094,
        14.358027458190918,
        14.100811004638672,
        14.269781112670898,
        14.101566314697266,
        14.037515640258789,
        14.108495712280273,
        14.151898384094238,
        13.781314849853516,
        13.798297882080078,
        13.96439266204834,
        13.747589111328125,
        13.781198501586914,
        13.75007152557373,
        13.571378707885742,
        13.602779388427734,
        13.324729919433594,
        13.24166202545166,
        13.294418334960938,
        13.340498924255371
    ],
    "train_smape": [
        20.1029109954834,
        14.13835334777832,
        13.626543998718262,
        13.222161293029785,
        13.202889442443848,
        13.08396053314209,
        13.033647537231445,
        12.978442192077637,
        12.765069007873535,
        12.546300888061523,
        12.727705955505371,
        12.548894882202148,
        12.537467956542969,
        12.53322696685791,
        12.554062843322754,
        12.330632209777832,
        12.333345413208008,
        12.415729522705078,
        12.31109619140625,
        12.329694747924805,
        12.277523040771484,
        12.136351585388184,
        12.198678016662598,
        11.913653373718262,
        11.860418319702148,
        11.913034439086914,
        11.94871711730957
    ],
    "train_explained_variance": [
        0.5454035997390747,
        0.8203843832015991,
        0.8350634574890137,
        0.8432255387306213,
        0.844290554523468,
        0.8484821915626526,
        0.8481765985488892,
        0.8505562543869019,
        0.8551933765411377,
        0.8592278957366943,
        0.8562144637107849,
        0.8599416017532349,
        0.8616582155227661,
        0.859449565410614,
        0.8590840101242065,
        0.8641077280044556,
        0.8643523454666138,
        0.8614257574081421,
        0.8649452328681946,
        0.8655263781547546,
        0.8656392097473145,
        0.8684291243553162,
        0.8674376606941223,
        0.8731681108474731,
        0.8736132979393005,
        0.8730463981628418,
        0.8736558556556702
    ],
    "train_peak_error": [
        0.860085129737854,
        0.42230600118637085,
        0.3505737781524658,
        0.32815712690353394,
        0.3207772374153137,
        0.3443095088005066,
        0.32944995164871216,
        0.3290531039237976,
        0.28590965270996094,
        0.3255571722984314,
        0.3442925810813904,
        0.33337199687957764,
        0.30433404445648193,
        0.3259745240211487,
        0.36099982261657715,
        0.3046993613243103,
        0.3283856511116028,
        0.33362650871276855,
        0.3112022876739502,
        0.2994759678840637,
        0.335121750831604,
        0.292331337928772,
        0.3249814510345459,
        0.3257114887237549,
        0.31349462270736694,
        0.3008732795715332,
        0.2918517589569092
    ],