{
    "train_loss": [
        0.053835479625519926,
        0.004979388257218505,
        0.004718508778332023,
        0.004736638693811001,
        0.004317017723172208,
        0.004532901181256647,
        0.004280583689312763,
        0.004535401800135252,
        0.0041546429779038855,
        0.004244090273108349,
        0.004315877392073899,
        0.004206411670629758,
        0.004385428515106734,
        0.0042546544388980135,
        0.0042982140240267076,
        0.004263836821003769,
        0.004501483247742731,
        0.00427949736664381,
        0.004323392960449042,
        0.004485988795495979,
        0.0038694165257308517,
        0.003925963412549714,
        0.004009330042534238,
        0.00393600714520402
    ],
    "train_mae": [
        0.09370949119329453,
        0.05538366362452507,
        0.053682487457990646,
        0.05401920527219772,
        0.05150442570447922,
        0.05274788290262222,
        0.05113982409238815,
        0.05255233123898506,
        0.05040816217660904,
        0.050772540271282196,
        0.051274992525577545,
        0.05055428668856621,
        0.052055686712265015,
        0.05109626054763794,
        0.05118141695857048,
        0.05113716423511505,
        0.05238901078701019,
        0.051138926297426224,
        0.05139336362481117,
        0.052465543150901794,
        0.04845926910638809,
        0.04882507398724556,
        0.04918224737048149,
        0.048818957060575485
    ],
    "train_mse": [
        0.05383548140525818,
        0.004979388788342476,
        0.004718508571386337,
        0.0047366381622850895,
        0.004317017737776041,
        0.004532901104539633,
        0.004280583467334509,
        0.004535401705652475,
        0.004154642578214407,
        0.004244090057909489,
        0.004315877333283424,
        0.004206411074846983,
        0.004385428037494421,
        0.004254654515534639,
        0.004298213869333267,
        0.004263836890459061,
        0.004501483403146267,
        0.004279496613889933,
        0.004323392640799284,
        0.004485988989472389,
        0.003869416657835245,
        0.003925963770598173,
        0.004009329713881016,
        0.0039360071532428265
    ],
    "train_rmse": [
        0.23202474415302277,
        0.07056478410959244,
        0.06869140267372131,
        0.06882324069738388,
        0.06570401787757874,
        0.06732682138681412,
        0.06542617082595825,
        0.06734538823366165,
        0.0644565150141716,
        0.06514668464660645,
        0.06569533795118332,
        0.06485684961080551,
        0.06622256338596344,
        0.06522770971059799,
        0.06556076556444168,
        0.06529806554317474,
        0.06709309667348862,
        0.06541786342859268,
        0.06575251370668411,
        0.06697752326726913,
        0.06220463663339615,
        0.06265751272439957,
        0.06331926584243774,
        0.0627376064658165
    ],
    "train_r2": [
        -1.5307085514068604,
        0.7659279704093933,
        0.7781914472579956,
        0.7773391604423523,
        0.7970647811889648,
        0.7869164943695068,
        0.7987775206565857,
        0.7867989540100098,
        0.8046977519989014,
        0.8004930019378662,
        0.7971184253692627,
        0.8022642135620117,
        0.7938489317893982,
        0.7999963760375977,
        0.7979487180709839,
        0.7995647192001343,
        0.7883933782577515,
        0.7988286018371582,
        0.7967650890350342,
        0.7891217470169067,
        0.8181056976318359,
        0.8154475688934326,
        0.8115286827087402,
        0.814975380897522
    ],
    "train_mape": [
        30.32337188720703,
        18.58406639099121,
        18.05098533630371,
        18.265790939331055,
        17.668888092041016,
        17.927324295043945,
        17.346723556518555,
        17.696544647216797,
        17.09792709350586,
        17.327545166015625,
        17.49951934814453,
        17.228042602539062,
        17.71073341369629,
        17.57141876220703,
        17.600990295410156,
        17.473285675048828,
        17.955059051513672,
        17.568307876586914,
        17.654752731323242,
        17.96629524230957,
        16.735679626464844,
        16.875690460205078,
        16.84803009033203,
        16.801904678344727
    ],
    "train_smape": [
        23.595447540283203,
        16.117944717407227,
        15.655662536621094,
        15.78016471862793,
        15.129129409790039,
        15.45588207244873,
        15.080738067626953,
        15.308282852172852,
        14.845096588134766,
        14.94455623626709,
        15.111525535583496,
        14.853819847106934,
        15.271297454833984,
        15.071691513061523,
        15.110508918762207,
        15.093110084533691,
        15.456215858459473,
        15.106643676757812,
        15.21796989440918,
        15.45832633972168,
        14.417536735534668,
        14.50975227355957,
        14.55669116973877,
        14.501601219177246
    ],
    "train_explained_variance": [
        -1.5293281078338623,
        0.7659380435943604,
        0.7781926989555359,
        0.7773483395576477,
        0.7970747351646423,
        0.7869222164154053,
        0.79878830909729,
        0.7868285179138184,
        0.80469810962677,
        0.8004953265190125,
        0.7971284985542297,
        0.8022673726081848,
        0.7938510179519653,
        0.7999974489212036,
        0.7979488372802734,
        0.7995647192001343,
        0.7884007692337036,
        0.798829972743988,
        0.796765148639679,
        0.789127767086029,
        0.818115234375,
        0.8154476881027222,
        0.8115334510803223,
        0.8149754405021667
    ],
    "train_peak_error": [
        4.305284023284912,
        0.4136902689933777,
        0.320132851600647,
        0.3782024383544922,
        0.36005377769470215,
        0.30582356452941895,
        0.35847723484039307,
        0.392788827419281,
        0.35383254289627075,
        0.38349848985671997,
        0.3693094253540039,
        0.33463114500045776,
        0.37373894453048706,
        0.39866316318511963,
        0.3848345875740051,
        0.3630427122116089,
        0.36025285720825195,
        0.3612523674964905,
        0.3584025502204895,
        0.37695640325546265,
        0.345900297164917,
        0.34986746311187744,
        0.35860538482666016,
        0.3463367819786072
    ],
    "val_loss": [
        0.004042110805326014,
        0.005874778955585237,
        0.005328560322121107,
        0.003692493708268237,
        0.005135809411797271,
        0.003619560333263638,
        0.0038027093967040932,
        0.004274237727304156,
        0.003466139724411124,
        0.0038365784674722083,
        0.003743106600017749,
        0.0036283413082589025,
        0.004992764996190509,
        0.005098374516120274,
        0.004429703731853649,
        0.0046100102486289875,
        0.003952639550154882,
        0.004509111500593076,
        0.0035852517730308522,
        0.0043590036156527,
        0.003501865956630799,
        0.003987284634101519,
        0.004135242005970946,
        0.0036596921076596104
    ],
    "val_mae": [
        0.050139132887125015,
        0.06255527585744858,
        0.0578751415014267,
        0.04791959747672081,
        0.057893820106983185,
        0.04718012362718582,
        0.04906851425766945,
        0.05149344727396965,
        0.04618290439248085,
        0.049133703112602234,
        0.04786577448248863,
        0.04715496301651001,
        0.05648590251803398,
        0.05623426288366318,
        0.05198423191905022,
        0.05283467844128609,
        0.04942876473069191,
        0.05286839231848717,
        0.046844158321619034,
        0.05170920863747597,
        0.04697258770465851,
        0.05005679279565811,
        0.05120557174086571,
        0.048102568835020065
    ],