{
    "train_loss": [
        0.007642814856376733,
        0.004183346264329914,
        0.0038919081046576228,
        0.0038131897473108207,
        0.003840979786365941,
        0.0036546131381734997,
        0.0036217412980328457,
        0.003422358505862362,
        0.003826128722051996,
        0.0034327115008768497,
        0.003376941526425915,
        0.0032955158475817745,
        0.0034937999894925466,
        0.0032645817224392065,
        0.0033497891409144907,
        0.003230974221108392,
        0.0031938046436263373,
        0.0032215448227587867,
        0.0031929789212843066,
        0.003142193169008809,
        0.003097779370599663,
        0.0030862147415961242,
        0.0032872276230386053,
        0.002878766687729887,
        0.002789356574150987,
        0.002802864834848465,
        0.002691637857063931
    ],
    "train_mae": [
        0.06313053518533707,
        0.05067211017012596,
        0.04873631149530411,
        0.0479809008538723,
        0.04821445792913437,
        0.047102104872465134,
        0.0467318631708622,
        0.04548436403274536,
        0.04817402735352516,
        0.045637182891368866,
        0.045247942209243774,
        0.044716667383909225,
        0.04611353203654289,
        0.044487107545137405,
        0.04503081738948822,
        0.044284556061029434,
        0.04411037638783455,
        0.04418938234448433,
        0.044093336910009384,
        0.04371093586087227,
        0.04341118037700653,
        0.04327775910496712,
        0.044692665338516235,
        0.041684746742248535,
        0.04126057028770447,
        0.041510626673698425,
        0.040486566722393036
    ],
    "train_mse": [
        0.007642814889550209,
        0.004183345939964056,
        0.0038919083308428526,
        0.003813189687207341,
        0.0038409798871725798,
        0.0036546129267662764,
        0.003621741198003292,
        0.00342235853895545,
        0.003826128551736474,
        0.003432711586356163,
        0.0033769416622817516,
        0.0032955158967524767,
        0.0034938000608235598,
        0.0032645815517753363,
        0.0033497894182801247,
        0.0032309743110090494,
        0.0031938045285642147,
        0.0032215449027717113,
        0.0031929791439324617,
        0.003142193192616105,
        0.0030977793503552675,
        0.0030862148851156235,
        0.0032872275914996862,
        0.0028787667397409678,
        0.0027893565129488707,
        0.002802864648401737,
        0.0026916377246379852
    ],
    "train_rmse": [
        0.08742319792509079,
        0.06467878818511963,
        0.062385160475969315,
        0.06175103038549423,
        0.061975639313459396,
        0.060453396290540695,
        0.0601809024810791,
        0.058500926941633224,
        0.061855707317590714,
        0.05858934670686722,
        0.05811145901679993,
        0.05740658566355705,
        0.05910837650299072,
        0.05713651701807976,
        0.05787736549973488,
        0.0568416602909565,
        0.05651375651359558,
        0.05675865337252617,
        0.0565064512193203,
        0.05605527013540268,
        0.05565769970417023,
        0.05555371195077896,
        0.05733434855937958,
        0.05365414172410965,
        0.052814360707998276,
        0.05294208601117134,
        0.05188099667429924
    ],
    "train_r2": [
        0.6407250761985779,
        0.8033484220504761,
        0.8170484304428101,
        0.8207488656044006,
        0.8194424510002136,
        0.8282032608985901,
        0.8297485113143921,
        0.8391211032867432,
        0.8201406002044678,
        0.8386344313621521,
        0.8412560820579529,
        0.8450837731361389,
        0.8357627391815186,
        0.8465379476547241,
        0.8425324559211731,
        0.8481177091598511,
        0.8498650193214417,
        0.8485609889030457,
        0.8499038219451904,
        0.8522911667823792,
        0.8543789982795715,
        0.8549226522445679,
        0.8454733490943909,
        0.8646743893623352,
        0.8688774108886719,
        0.8682423830032349,
        0.8734710216522217
    ],
    "train_mape": [
        21.11570167541504,
        16.984336853027344,
        16.259231567382812,
        16.0760555267334,
        16.11386489868164,
        15.67247486114502,
        15.646171569824219,
        15.220330238342285,
        15.918813705444336,
        15.293002128601074,
        14.860904693603516,
        14.684195518493652,
        15.215576171875,
        14.663677215576172,
        14.835097312927246,
        14.520322799682617,
        14.543497085571289,
        14.691885948181152,
        14.66045093536377,
        14.348517417907715,
        14.372861862182617,
        14.30783748626709,
        14.637128829956055,
        13.643455505371094,
        13.575242042541504,
        13.587966918945312,
        13.28869915008545
    ],
    "train_smape": [
        18.227706909179688,
        14.877751350402832,
        14.321793556213379,
        14.10550308227539,
        14.185981750488281,
        13.857708930969238,
        13.758310317993164,
        13.424708366394043,
        14.086456298828125,
        13.475763320922852,
        13.362641334533691,
        13.165153503417969,
        13.554946899414062,
        13.103373527526855,
        13.217931747436523,
        13.04144287109375,
        13.065073013305664,
        13.131363868713379,
        13.05053997039795,
        12.933905601501465,
        12.870356559753418,
        12.807868003845215,
        13.164396286010742,
        12.318709373474121,
        12.24035358428955,
        12.354491233825684,
        12.014275550842285
    ],
    "train_explained_variance": [
        0.6408176422119141,
        0.8033610582351685,
        0.8170486688613892,
        0.8207496404647827,
        0.8194493055343628,
        0.8282034397125244,
        0.8297491669654846,
        0.8391211032867432,
        0.8201488256454468,
        0.8386378288269043,
        0.8412564396858215,
        0.8450837731361389,
        0.8357694149017334,
        0.8465381264686584,
        0.8425352573394775,
        0.8481180667877197,
        0.8498650193214417,
        0.8485615253448486,
        0.8499041199684143,
        0.8522914052009583,
        0.8543829321861267,
        0.8549241423606873,
        0.845474362373352,
        0.8646747469902039,
        0.8688796758651733,
        0.8682423830032349,
        0.8734710216522217
    ],
    "train_peak_error": [
        0.9465449452400208,
        0.3711308240890503,
        0.3092973828315735,
        0.32402729988098145,
        0.3265044093132019,
        0.309537410736084,
        0.3206121325492859,
        0.3221312165260315,
        0.34838372468948364,
        0.32216793298721313,
        0.28692007064819336,
        0.3317403197288513,
        0.3635560870170593,
        0.404052734375,
        0.29321402311325073,
        0.32990312576293945,
        0.3022158145904541,
        0.323380708694458,
        0.307796835899353,
        0.3124563694000244,
        0.27693116664886475,
        0.28533023595809937,
        0.31671202182769775,
        0.30860674381256104,
        0.2738857865333557,
        0.2687497138977051,
        0.23757845163345337
    ],