{
    "train_loss": [
        0.00888555654513128,
        0.003903853984997457,
        0.003686759246725258,
        0.0034468906471303825,
        0.003404277618262745,
        0.0032584073218905117,
        0.0032110074530992843,
        0.0031769812865520817,
        0.003127867798880986,
        0.0031486143538013867,
        0.0030896320174519896,
        0.003054140129348801,
        0.0030308275871340686,
        0.0030770373539341016
    ],
    "train_mae": [
        0.0678558200597763,
        0.048746127635240555,
        0.047335460782051086,
        0.04549043998122215,
        0.045244000852108,
        0.04424094408750534,
        0.043995942920446396,
        0.0435916967689991,
        0.043455205857753754,
        0.043594084680080414,
        0.043049294501543045,
        0.042913686484098434,
        0.04251648113131523,
        0.04311694949865341
    ],
    "train_mse": [
        0.008885555900633335,
        0.0039038541726768017,
        0.003686759388074279,
        0.00344689073972404,
        0.0034042776096612215,
        0.003258407348766923,
        0.0032110074535012245,
        0.0031769811175763607,
        0.0031278678216040134,
        0.003148614661768079,
        0.0030896319076418877,
        0.0030541399028152227,
        0.003030827734619379,
        0.0030770371668040752
    ],
    "train_rmse": [
        0.0942632257938385,
        0.062480829656124115,
        0.06071868911385536,
        0.05871022865176201,
        0.058346185833215714,
        0.05708245933055878,
        0.056665752083063126,
        0.05636471509933472,
        0.0559273436665535,
        0.056112516671419144,
        0.05558445677161217,
        0.055264271795749664,
        0.05505295470356941,
        0.05547104775905609
    ],
    "train_r2": [
        0.5823060274124146,
        0.8164868354797363,
        0.8266921043395996,
        0.8379678726196289,
        0.8399710655212402,
        0.8468281626701355,
        0.8490563631057739,
        0.8506558537483215,
        0.8529645800590515,
        0.8519893288612366,
        0.8547619581222534,
        0.8564304113388062,
        0.8575263023376465,
        0.8553540706634521
    ],
    "train_mape": [
        22.278263092041016,
        16.462949752807617,
        15.925638198852539,
        15.301643371582031,
        15.063674926757812,
        14.856483459472656,
        14.7601900100708,
        14.72437572479248,
        14.622746467590332,
        14.58167839050293,
        14.396788597106934,
        14.39367961883545,
        14.288052558898926,
        14.313176155090332
    ],
    "train_smape": [
        19.796545028686523,
        14.381355285644531,
        13.996131896972656,
        13.440078735351562,
        13.325603485107422,
        13.100086212158203,
        13.039083480834961,
        12.958388328552246,
        12.91013240814209,
        12.90441608428955,
        12.73391056060791,
        12.742161750793457,
        12.62208080291748,
        12.760046005249023
    ],
    "train_explained_variance": [
        0.5838148593902588,
        0.8164917230606079,
        0.8266925811767578,
        0.837968111038208,
        0.839971661567688,
        0.8468283414840698,
        0.8490563631057739,
        0.8506561517715454,
        0.8529654145240784,
        0.8519918918609619,
        0.8547619581222534,
        0.8564304113388062,
        0.8575264811515808,
        0.8553600311279297
    ],
    "train_peak_error": [
        0.736672580242157,
        0.41382479667663574,
        0.3324429988861084,
        0.35027992725372314,
        0.34632837772369385,
        0.3306146264076233,
        0.3183594346046448,
        0.31928467750549316,
        0.3517581820487976,
        0.31340014934539795,
        0.3065544366836548,
        0.3022683262825012,
        0.30153346061706543,
        0.3096715211868286
    ],
    "val_loss": [
        0.003982202278537234,
        0.0035498103096732775,
        0.0035947718722209765,
        0.003160799639098507,
        0.003226592741008821,
        0.003467159720787631,
        0.003333154506411859,
        0.003280716878931514,
        0.003332538102827162,
        0.0036455802346760636,
        0.0032561179663543756,
        0.003186141974527201,
        0.0034413754960133445,
        0.003978559376551307
    ],
    "val_mae": [
        0.04977722465991974,
        0.04728829860687256,
        0.04721590131521225,
        0.044914234429597855,
        0.04517117887735367,
        0.04644293338060379,
        0.045595139265060425,
        0.04546123370528221,
        0.04561954364180565,
        0.04814548045396805,
        0.045298632234334946,
        0.04514482617378235,
        0.0464542917907238,
        0.05011150985956192
    ],
    "val_mse": [
        0.003982202149927616,
        0.0035498104989528656,
        0.003594771958887577,
        0.0031607996206730604,
        0.003226592903956771,
        0.003467159578576684,
        0.0033331546001136303,
        0.003280716948211193,
        0.0033325382973998785,
        0.0036455802619457245,
        0.0032561179250478745,
        0.003186142072081566,
        0.003441375447437167,
        0.003978559281677008
    ],
    "val_rmse": [
        0.06310468912124634,
        0.05958028510212898,
        0.05995641648769379,
        0.05622098967432976,
        0.056803107261657715,
        0.058882590383291245,
        0.057733479887247086,
        0.05727754160761833,
        0.05772814154624939,
        0.06037864089012146,
        0.05706240236759186,
        0.05644592270255089,
        0.05866323783993721,
        0.06307581812143326
    ],
    "val_r2": [
        0.7228676080703735,
        0.7529588937759399,
        0.749829888343811,
        0.7800312042236328,
        0.7754524946212769,
        0.7587108016014099,
        0.7680366039276123,
        0.7716858386993408,
        0.7680794596672058,
        0.7462940216064453,
        0.7733978033065796,
        0.7782675623893738,
        0.760505199432373,
        0.7231210470199585
    ],
    "val_mape": [
        23.312049865722656,
        25.50408172607422,
        22.452253341674805,
        21.804115295410156,
        23.289403915405273,
        20.342748641967773,
        21.207063674926758,
        23.689668655395508,
        21.53236198425293,
        25.536828994750977,
        22.416980743408203,
        23.569246292114258,
        21.501792907714844,
        23.955591201782227
    ],
    "val_smape": [
        19.820938110351562,
        18.78093719482422,
        18.766977310180664,
        17.87938690185547,
        18.018220901489258,
        18.2320499420166,
        17.993715286254883,
        18.07351303100586,
        18.003686904907227,
        19.02324676513672,
        17.925432205200195,
        18.006685256958008,
        18.166688919067383,
        19.285852432250977
    ],
    "val_explained_variance": [
        0.7257603406906128,
        0.7696940302848816,
        0.7508575916290283,
        0.7803182601928711,
        0.7806256413459778,
        0.7759205102920532,
        0.7682892680168152,
        0.7830733060836792,
        0.7686037421226501,
        0.7888838052749634,
        0.7809581160545349,
        0.784959614276886,
        0.7613054513931274,
        0.7542617321014404
    ],
    "val_peak_error": [
        0.23958802223205566,
        0.2141520380973816,
        0.2274896502494812,
        0.2255864441394806,
        0.2210628092288971,
        0.24172481894493103,
        0.22473478317260742,
        0.21798139810562134,
        0.21562087535858154,
        0.19018769264221191,
        0.2107277810573578,
        0.22025564312934875,
        0.2182691991329193,
        0.19815117120742798
    ],
    "lr": [
        0.0001,
        0.0001,
        0.0001,
        0.0001,
        0.0001,
        0.0001,
        0.0001,
        0.0001,
        0.0001,
        0.0001,
        0.0001,
        0.0001,
        0.0001,
        0.0001
    ]
}