{
    "train_loss": [
        0.020543652395422506,
        0.004416408787824154,
        0.004175491696708089,
        0.004128104675832794,
        0.003996482809980036,
        0.003969931682340894,
        0.003949577851005096,
        0.004075201880422601,
        0.003975634928256795,
        0.004178727223312883,
        0.004122600936812004,
        0.003896055694610855,
        0.004076624099157805,
        0.0039489117904079295,
        0.0040721050942729735
    ],
    "train_mae": [
        0.07252734899520874,
        0.052052490413188934,
        0.050479818135499954,
        0.05019856616854668,
        0.049365900456905365,
        0.0491301454603672,
        0.04902704060077667,
        0.04986445978283882,
        0.0489148274064064,
        0.05054185912013054,
        0.0502767451107502,
        0.048648420721292496,
        0.04987490549683571,
        0.04908411577343941,
        0.04968687519431114
    ],
    "train_mse": [
        0.020543649792671204,
        0.004416408948600292,
        0.004175492096692324,
        0.004128104541450739,
        0.00399648305028677,
        0.003969931975007057,
        0.003949577920138836,
        0.004075201693922281,
        0.003975634463131428,
        0.0041787270456552505,
        0.004122600890696049,
        0.003896055743098259,
        0.004076624289155006,
        0.003948912490159273,
        0.004072105046361685
    ],
    "train_rmse": [
        0.14333055913448334,
        0.06645606458187103,
        0.0646180510520935,
        0.06425032764673233,
        0.06321774423122406,
        0.0630073994398117,
        0.06284566968679428,
        0.06383730471134186,
        0.06305263191461563,
        0.06464307755231857,
        0.06420748680830002,
        0.06241839379072189,
        0.06384845077991486,
        0.06284037232398987,
        0.06381304562091827
    ],
    "train_r2": [
        0.03428018093109131,
        0.7923926115036011,
        0.8037176728248596,
        0.8059452772140503,
        0.8121325373649597,
        0.8133806586265564,
        0.8143374919891357,
        0.8084321022033691,
        0.8131126165390015,
        0.8035656213760376,
        0.8062039613723755,
        0.8168534636497498,
        0.8083652257919312,
        0.8143687844276428,
        0.8085776567459106
    ],
    "train_mape": [
        23.712900161743164,
        17.371767044067383,
        16.99018669128418,
        16.714401245117188,
        16.590295791625977,
        16.349824905395508,
        16.419288635253906,
        16.734161376953125,
        16.272289276123047,
        16.88444709777832,
        16.79475212097168,
        16.38248634338379,
        16.736068725585938,
        16.43989372253418,
        16.759309768676758
    ],
    "train_smape": [
        19.993192672729492,
        15.256287574768066,
        14.855607986450195,
        14.693513870239258,
        14.51901626586914,
        14.40615177154541,
        14.384955406188965,
        14.637539863586426,
        14.359272956848145,
        14.765680313110352,
        14.712029457092285,
        14.285109519958496,
        14.585624694824219,
        14.378586769104004,
        14.559318542480469
    ],
    "train_explained_variance": [
        0.035015106201171875,
        0.7923942804336548,
        0.8037190437316895,
        0.8059485554695129,
        0.8121363520622253,
        0.8133849501609802,
        0.8143388628959656,
        0.8084338903427124,
        0.8131186962127686,
        0.8035671710968018,
        0.8062174320220947,
        0.8168541193008423,
        0.8083662986755371,
        0.8143687844276428,
        0.8085789680480957
    ],
    "train_peak_error": [
        2.5884757041931152,
        0.37096118927001953,
        0.3528960943222046,
        0.37378448247909546,
        0.3291051387786865,
        0.4163714051246643,
        0.38125044107437134,
        0.3777545690536499,
        0.3505409359931946,
        0.3656006455421448,
        0.342299222946167,
        0.3735848665237427,
        0.37975627183914185,
        0.3570692539215088,
        0.39241015911102295
    ],
    "val_loss": [
        0.0033333770920381807,
        0.00379567649429865,
        0.0037589117661520517,
        0.004777438299891224,
        0.0032121454155836387,
        0.0032793072223824132,
        0.0034577670550684065,
        0.0032632191452740445,
        0.003973133799439068,
        0.003819125902758603,
        0.003377894565543468,
        0.0033947418964126235,
        0.00358388034107579,
        0.003654839367699548,
        0.004177032585034697
    ],
    "val_mae": [
        0.04553070291876793,
        0.04908384010195732,
        0.04885738343000412,
        0.05586516112089157,
        0.04497038573026657,
        0.045413292944431305,
        0.04671083763241768,
        0.045307718217372894,
        0.04936092346906662,
        0.04920852929353714,
        0.04600419104099274,
        0.04595697298645973,
        0.0473477765917778,
        0.04781201854348183,
        0.05122700333595276
    ],
    "val_mse": [
        0.0033333771862089634,
        0.0037956763990223408,
        0.003758911741897464,
        0.004777438472956419,
        0.003212145296856761,
        0.0032793069258332253,
        0.0034577669575810432,
        0.003263219492509961,
        0.003973133862018585,
        0.0038191257044672966,
        0.003377894638106227,
        0.0033947417978197336,
        0.0035838803742080927,
        0.003654839238151908,
        0.004177032504230738
    ],
    "val_rmse": [
        0.05773540586233139,
        0.06160905957221985,
        0.06130996346473694,
        0.06911901384592056,
        0.05667579174041748,
        0.057265233248472214,
        0.058802779763936996,
        0.05712459608912468,
        0.06303279846906662,
        0.061799075454473495,
        0.05811965838074684,
        0.058264411985874176,
        0.059865519404411316,
        0.06045526638627052,
        0.06462996453046799
    ],
    "val_r2": [
        0.7680211067199707,
        0.7358484268188477,
        0.7384069561958313,
        0.6675248742103577,
        0.7764579653739929,
        0.7717840075492859,
        0.7593644857406616,
        0.772903561592102,
        0.7234986424446106,
        0.7342165112495422,
        0.7649229764938354,
        0.7637505531311035,
        0.7505878806114197,
        0.7456496953964233,
        0.7093087434768677
    ],
    "val_mape": [
        22.68158721923828,
        24.926044464111328,
        27.191341400146484,
        30.103862762451172,
        22.423343658447266,
        23.59273338317871,
        25.34381675720215,
        22.140148162841797,
        21.189544677734375,
        23.63228416442871,
        24.25494956970215,
        22.8643798828125,
        22.402402877807617,
        24.63494110107422,
        26.621591567993164
    ],
    "val_smape": [
        17.93573570251465,
        19.558534622192383,
        19.330886840820312,
        21.208898544311523,
        17.619482040405273,
        18.007614135742188,
        18.429950714111328,
        17.856853485107422,
        19.09879493713379,
        18.994211196899414,
        18.16018295288086,
        18.161497116088867,
        18.53913688659668,
        18.89542007446289,
        19.75322151184082
    ],
    "val_explained_variance": [
        0.7701520323753357,
        0.7376450300216675,
        0.780135452747345,
        0.7722143530845642,
        0.780278205871582,
        0.7743433713912964,
        0.78652024269104,
        0.7790761590003967,
        0.7635666728019714,
        0.7551258206367493,
        0.7651431560516357,
        0.7642143964767456,
        0.7567974328994751,
        0.7477948665618896,
        0.7513290643692017
    ],