{
    "train_loss": [
        0.009412509049072952,
        0.004288332601662973,
        0.003909216208379368,
        0.0037070448880777017,
        0.0037593405790985425,
        0.0035941968495123767,
        0.0035294113083544163,
        0.0033844340630565925,
        0.0035482710327051467,
        0.003607585835216456,
        0.0035096475340729086,
        0.003544401216288217,
        0.0036046703000726485,
        0.003410278723678822,
        0.0033837808919359898,
        0.0030098284644903594,
        0.0029581665806450866,
        0.002957783876334639,
        0.002966971881049896,
        0.002930711671571318,
        0.003009943805894575,
        0.003008225111258443,
        0.002826094004533613,
        0.002851196824441037,
        0.0028453551830151733,
        0.0028260119100939366,
        0.0028313465637712985,
        0.0025072011345604515,
        0.0024761353963832764,
        0.0024181096972133425,
        0.0024327673805245825
    ],
    "train_mae": [
        0.06462971121072769,
        0.05144800245761871,
        0.048605114221572876,
        0.047559481114149094,
        0.047806914895772934,
        0.04636396840214729,
        0.04621613770723343,
        0.04535829648375511,
        0.04626841098070145,
        0.046890661120414734,
        0.04626850411295891,
        0.046444106847047806,
        0.0467972531914711,
        0.04530002176761627,
        0.0453479029238224,
        0.04240046814084053,
        0.04229646548628807,
        0.04222842678427696,
        0.042187102138996124,
        0.04201459512114525,
        0.04267815500497818,
        0.042685654014348984,
        0.04132591933012009,
        0.04156681150197983,
        0.041466984897851944,
        0.04127100855112076,
        0.04155547171831131,
        0.03884650021791458,
        0.038615867495536804,
        0.03813561424612999,
        0.03820871561765671
    ],
    "train_mse": [
        0.009412508457899094,
        0.004288332536816597,
        0.003909216728061438,
        0.003707044990733266,
        0.0037593403831124306,
        0.0035941971000283957,
        0.003529411042109132,
        0.0033844339195638895,
        0.00354827125556767,
        0.0036075857933610678,
        0.0035096474457532167,
        0.0035444011446088552,
        0.003604670288041234,
        0.0034102785866707563,
        0.0033837808296084404,
        0.0030098287388682365,
        0.0029581666458398104,
        0.002957784105092287,
        0.0029669718351215124,
        0.0029307117220014334,
        0.003009943990036845,
        0.0030082250013947487,
        0.00282609392888844,
        0.0028511970303952694,
        0.002845355309545994,
        0.002826011972501874,
        0.0028313465882092714,
        0.0025072013959288597,
        0.002476135501638055,
        0.002418109681457281,
        0.0024327675346285105
    ],
    "train_rmse": [
        0.09701808542013168,
        0.06548535823822021,
        0.0625237300992012,
        0.060885507613420486,
        0.061313461512327194,
        0.059951622039079666,
        0.059408847242593765,
        0.058175887912511826,
        0.05956736579537392,
        0.060063183307647705,
        0.05924227833747864,
        0.05953487381339073,
        0.06003890559077263,
        0.05839759111404419,
        0.05817027390003204,
        0.05486190691590309,
        0.05438902974128723,
        0.05438551306724548,
        0.054469916969537735,
        0.05413604900240898,
        0.05486295744776726,
        0.05484728887677193,
        0.05316101759672165,
        0.05339660122990608,
        0.05334187299013138,
        0.05316024646162987,
        0.05321040004491806,
        0.05007196217775345,
        0.04976078122854233,
        0.04917427897453308,
        0.04932309314608574
    ],
    "train_r2": [
        0.5575349926948547,
        0.7984132170677185,
        0.8162347674369812,
        0.8257385492324829,
        0.8232802152633667,
        0.8310433030128479,
        0.8340887427330017,
        0.8409038782119751,
        0.8332021832466125,
        0.8304139375686646,
        0.8350178003311157,
        0.833384096622467,
        0.8305509686470032,
        0.8396889567375183,
        0.8409345746040344,
        0.8585134148597717,
        0.8609418869018555,
        0.8609598875045776,
        0.8605279922485352,
        0.8622325658798218,
        0.8585079908370972,
        0.8585887551307678,
        0.8671504259109497,
        0.8659703731536865,
        0.8662449717521667,
        0.8671543002128601,
        0.8669034838676453,
        0.8821409940719604,
        0.8836013078689575,
        0.8863289952278137,
        0.885640025138855
    ],
    "train_mape": [
        21.00417709350586,
        17.08953094482422,
        16.30071449279785,
        15.716071128845215,
        15.854701042175293,
        15.322707176208496,
        15.213793754577637,
        15.230803489685059,
        15.270500183105469,
        15.626428604125977,
        15.438084602355957,
        15.36686897277832,
        15.637397766113281,
        15.095499038696289,
        14.874370574951172,
        13.946366310119629,
        13.819561958312988,
        13.660534858703613,
        13.794368743896484,
        13.804766654968262,
        14.052931785583496,
        13.802827835083008,
        13.340389251708984,
        13.496312141418457,
        13.395585060119629,
        13.323370933532715,
        13.440093040466309,
        12.40251636505127,
        12.347821235656738,
        12.127360343933105,
        12.081192016601562
    ],
    "train_smape": [
        18.712574005126953,
        15.031994819641113,
        14.300500869750977,
        13.94506549835205,
        14.002286911010742,
        13.638372421264648,
        13.620889663696289,
        13.429630279541016,
        13.5972261428833,
        13.791862487792969,
        13.644434928894043,
        13.697031021118164,
        13.790005683898926,
        13.327392578125,
        13.382506370544434,
        12.552149772644043,
        12.512415885925293,
        12.412436485290527,
        12.424492835998535,
        12.440581321716309,
        12.619577407836914,
        12.566028594970703,
        12.180135726928711,
        12.286952018737793,
        12.247442245483398,
        12.176290512084961,
        12.286907196044922,
        11.45164680480957,
        11.364036560058594,
        11.204914093017578,
        11.216379165649414
    ],
    "train_explained_variance": [
        0.5576056241989136,
        0.7984136939048767,
        0.8162480592727661,
        0.825739860534668,
        0.8232848644256592,
        0.8310455679893494,
        0.8340887427330017,
        0.8409078121185303,
        0.8332021832466125,
        0.8304140567779541,
        0.8350193500518799,
        0.8333841562271118,
        0.8305522203445435,
        0.8396897912025452,
        0.8409369587898254,
        0.8585141897201538,
        0.8609419465065002,
        0.8609604835510254,
        0.8605285882949829,
        0.862233579158783,
        0.8585083484649658,
        0.8585891723632812,
        0.8671520352363586,
        0.8659717440605164,
        0.8662456274032593,
        0.8671542406082153,
        0.8669037818908691,
        0.8821422457695007,
        0.8836016654968262,
        0.8863310813903809,
        0.8856400847434998
    ],