{
    "train_loss": [
        0.013425437115453933,
        0.004054702244530079,
        0.003693514133539123,
        0.0035326745561550755,
        0.003401927382898862,
        0.0033046317595265234,
        0.003239873974814596,
        0.003169548788099035,
        0.003160928083620798,
        0.003103243204420318,
        0.0030651564979892526,
        0.0030550803619762007,
        0.0029505429515461405,
        0.0029591351003869586,
        0.002919376537280747,
        0.002878719978885538,
        0.002907484961198363,
        0.0028258208161987823,
        0.0028098864596719083,
        0.002761204109077748,
        0.002736875419521554,
        0.002765361605078541,
        0.0027089783925214107,
        0.0026922183291272096,
        0.002664032090346609
    ],
    "train_mae": [
        0.08192522078752518,
        0.049664031714200974,
        0.047197338193655014,
        0.04616912826895714,
        0.0453067347407341,
        0.04441105201840401,
        0.04402366653084755,
        0.04352951422333717,
        0.043459922075271606,
        0.04320542886853218,
        0.04291629046201706,
        0.0429270938038826,
        0.04198082908987999,
        0.04201232269406319,
        0.04185174033045769,
        0.04142485931515694,
        0.04183473065495491,
        0.040927838534116745,
        0.04092913493514061,
        0.04058318957686424,
        0.04056748375296593,
        0.04066765308380127,
        0.04023619741201401,
        0.04013510048389435,
        0.03992964327335358
    ],
    "train_mse": [
        0.013425435870885849,
        0.00405470235273242,
        0.003693514270707965,
        0.0035326748620718718,
        0.0034019274171441793,
        0.0033046319149434566,
        0.003239874029532075,
        0.0031695489306002855,
        0.0031609279103577137,
        0.0031032429542392492,
        0.0030651565175503492,
        0.0030550803057849407,
        0.0029505430720746517,
        0.0029591352213174105,
        0.0029193765949457884,
        0.0028787199407815933,
        0.0029074850026518106,
        0.002825821051374078,
        0.0028098865877836943,
        0.0027612040285021067,
        0.00273687532171607,
        0.002765361685305834,
        0.0027089782524853945,
        0.002692218404263258,
        0.002664032159373164
    ],
    "train_rmse": [
        0.11586818099021912,
        0.06367654353380203,
        0.060774289071559906,
        0.059436310082674026,
        0.05832604318857193,
        0.057485926896333694,
        0.0569198913872242,
        0.05629874765872955,
        0.05622212961316109,
        0.05570675805211067,
        0.05536385625600815,
        0.05527278035879135,
        0.054318901151418686,
        0.054397933185100555,
        0.05403125658631325,
        0.05365370213985443,
        0.05392109975218773,
        0.05315845087170601,
        0.05300836265087128,
        0.052547160536050797,
        0.05231515318155289,
        0.05258670821785927,
        0.05204784497618675,
        0.05188659206032753,
        0.05161426216363907
    ],
    "train_r2": [
        0.3688945174217224,
        0.8093957901000977,
        0.8263745903968811,
        0.8339353203773499,
        0.8400815725326538,
        0.8446552157402039,
        0.8476994037628174,
        0.8510051965713501,
        0.8514105081558228,
        0.8541221618652344,
        0.8559125065803528,
        0.8563861846923828,
        0.8613002896308899,
        0.8608964085578918,
        0.862765371799469,
        0.8646765947341919,
        0.8633244037628174,
        0.8671632409095764,
        0.8679122924804688,
        0.8702007532119751,
        0.8713444471359253,
        0.8700053691864014,
        0.8726558089256287,
        0.8734436631202698,
        0.8747686743736267
    ],
    "train_mape": [
        26.789987564086914,
        16.943138122558594,
        16.193958282470703,
        15.76060962677002,
        15.415607452392578,
        15.061028480529785,
        14.913434982299805,
        14.70671272277832,
        14.604957580566406,
        14.490619659423828,
        14.421886444091797,
        14.370311737060547,
        14.027953147888184,
        14.144574165344238,
        13.999457359313965,
        13.826547622680664,
        13.902154922485352,
        13.660537719726562,
        13.63427448272705,
        13.515140533447266,
        13.542537689208984,
        13.482654571533203,
        13.328996658325195,
        13.25499439239502,
        13.082676887512207
    ],
    "train_smape": [
        24.461742401123047,
        14.68545913696289,
        13.99096393585205,
        13.67851448059082,
        13.428618431091309,
        13.169076919555664,
        13.046972274780273,
        12.903727531433105,
        12.871620178222656,
        12.75827693939209,
        12.696083068847656,
        12.699749946594238,
        12.434664726257324,
        12.457130432128906,
        12.39750862121582,
        12.253946304321289,
        12.384889602661133,
        12.130704879760742,
        12.115768432617188,
        12.040824890136719,
        12.03855037689209,
        12.001962661743164,
        11.92172622680664,
        11.84251880645752,
        11.795607566833496
    ],
    "train_explained_variance": [
        0.37803977727890015,
        0.8093960285186768,
        0.8263777494430542,
        0.8339400291442871,
        0.8400818109512329,
        0.8446553945541382,
        0.8476994633674622,
        0.8510072827339172,
        0.8514105081558228,
        0.8541235327720642,
        0.8559138178825378,
        0.856387197971344,
        0.8613003492355347,
        0.8608994483947754,
        0.8627654314041138,
        0.8646765947341919,
        0.8633253574371338,
        0.8671633005142212,
        0.8679122924804688,
        0.8702007532119751,
        0.8713444471359253,
        0.8700060844421387,
        0.8726558685302734,
        0.8734440803527832,
        0.8747695088386536
    ],
    "train_peak_error": [
        0.6835578083992004,
        0.39403975009918213,
        0.3817597031593323,
        0.37664520740509033,
        0.3493565320968628,
        0.3508310317993164,
        0.3484838008880615,
        0.32576924562454224,
        0.3243477940559387,
        0.30076777935028076,
        0.33283114433288574,
        0.30044025182724,
        0.3320944309234619,
        0.306488037109375,
        0.28625982999801636,
        0.3025655746459961,
        0.2890573740005493,
        0.28427910804748535,
        0.3107532858848572,
        0.30960553884506226,
        0.2686854600906372,
        0.2936822772026062,
        0.31453609466552734,
        0.2888184189796448,
        0.29465609788894653
    ],
    "val_loss": [
        0.004364050815163328,
        0.003732189668757881,
        0.0034207774402922114,
        0.0033408743185962706,
        0.0033899004072982736,
        0.0033050379032108315,
        0.0034602617264705166,
        0.0031511228348349604,
        0.003162336667041502,
        0.00343870121081152,
        0.0033922161286522585,
        0.003366232017095355,
        0.0034081046356946873,
        0.0033597522665136793,
        0.0031199253648318513,
        0.0032304982259775774,
        0.00334156246815654,
        0.003195794522862801,
        0.0032369093788559918,
        0.003460028400818864,
        0.0031824639708929355,
        0.003212138703729448,
        0.003217147246284558,
        0.003199576158043024,
        0.0033536653835058426
    ],