{
    "train_loss": [
        0.019665950264249867,
        0.004378501464649118,
        0.003891927663959063,
        0.003679930969195123,
        0.003657057456048809,
        0.003557496706197665,
        0.0035339440048815563,
        0.0035184288437839777,
        0.003485752182699365,
        0.0034180988160198125,
        0.003405311536673053,
        0.00338758910183086,
        0.0033647775810425407,
        0.0033730715858362147,
        0.0033520027402756673,
        0.0033089830080836767,
        0.0033548494263075483,
        0.0033076595102246803,
        0.003258022861315126,
        0.0032404089491869684,
        0.003287012292502414,
        0.0031869164910259635,
        0.0031789543507966898
    ],
    "train_mae": [
        0.09536489099264145,
        0.051903482526540756,
        0.048824675381183624,
        0.047392792999744415,
        0.04703386873006821,
        0.046606797724962234,
        0.04626840353012085,
        0.046064212918281555,
        0.04589037969708443,
        0.045549046248197556,
        0.04532770812511444,
        0.04520617052912712,
        0.045085515826940536,
        0.04509487375617027,
        0.044961750507354736,
        0.04467809572815895,
        0.044884029775857925,
        0.04476586729288101,
        0.044247258454561234,
        0.04416034370660782,
        0.044567450881004333,
        0.043890830129384995,
        0.04379573091864586
    ],
    "train_mse": [
        0.019665952771902084,
        0.004378501325845718,
        0.003891927655786276,
        0.0036799306981265545,
        0.0036570574156939983,
        0.003557496704161167,
        0.0035339437890797853,
        0.003518428886309266,
        0.0034857522696256638,
        0.003418098669499159,
        0.0034053116105496883,
        0.003387589007616043,
        0.003364777658134699,
        0.003373071551322937,
        0.0033520027063786983,
        0.00330898305401206,
        0.003354849526658654,
        0.003307659411802888,
        0.0032580229453742504,
        0.0032404090743511915,
        0.0032870122231543064,
        0.0031869164668023586,
        0.0031789541244506836
    ],
    "train_rmse": [
        0.14023534953594208,
        0.06617024540901184,
        0.06238531693816185,
        0.06066243350505829,
        0.06047360971570015,
        0.059644754976034164,
        0.05944698303937912,
        0.05931634455919266,
        0.05904025956988335,
        0.05846450850367546,
        0.058355048298835754,
        0.05820299685001373,
        0.05800670385360718,
        0.05807815119624138,
        0.057896483689546585,
        0.057523760944604874,
        0.05792106315493584,
        0.057512253522872925,
        0.057079095393419266,
        0.056924592703580856,
        0.05733247101306915,
        0.056452780961990356,
        0.05638221278786659
    ],
    "train_r2": [
        0.07553911209106445,
        0.7941745519638062,
        0.8170474767684937,
        0.8270130753517151,
        0.8280883431434631,
        0.8327684998512268,
        0.8338756561279297,
        0.8346049785614014,
        0.8361411094665527,
        0.8393213748931885,
        0.8399224281311035,
        0.8407555818557739,
        0.8418278694152832,
        0.8414379954338074,
        0.84242844581604,
        0.8444507122039795,
        0.8422945737838745,
        0.844512939453125,
        0.8468462228775024,
        0.8476742506027222,
        0.8454834818840027,
        0.8501888513565063,
        0.850563108921051
    ],
    "train_mape": [
        29.965564727783203,
        17.414081573486328,
        16.354520797729492,
        15.855002403259277,
        15.793083190917969,
        15.577107429504395,
        15.535490036010742,
        15.424161911010742,
        15.352322578430176,
        15.235055923461914,
        15.191890716552734,
        15.110784530639648,
        15.11248779296875,
        15.047688484191895,
        14.988541603088379,
        14.957215309143066,
        14.93494987487793,
        14.927986145019531,
        14.794778823852539,
        14.7432222366333,
        14.86373519897461,
        14.706741333007812,
        14.559966087341309
    ],
    "train_smape": [
        28.727182388305664,
        15.242870330810547,
        14.432297706604004,
        14.03297233581543,
        13.903902053833008,
        13.79576301574707,
        13.734881401062012,
        13.663932800292969,
        13.571937561035156,
        13.486335754394531,
        13.430048942565918,
        13.398148536682129,
        13.385290145874023,
        13.368087768554688,
        13.272890090942383,
        13.221643447875977,
        13.257977485656738,
        13.238316535949707,
        13.108780860900879,
        13.076272964477539,
        13.207967758178711,
        13.010467529296875,
        12.973281860351562
    ],
    "train_explained_variance": [
        0.09567958116531372,
        0.7941749095916748,
        0.8170474767684937,
        0.8270166516304016,
        0.8280883431434631,
        0.8327686786651611,
        0.8338800668716431,
        0.8346054553985596,
        0.8361431360244751,
        0.8393214344978333,
        0.8399237990379333,
        0.8407555818557739,
        0.8418281674385071,
        0.8414541482925415,
        0.8424347639083862,
        0.8444521427154541,
        0.8422946333885193,
        0.8445150256156921,
        0.8468471765518188,
        0.8476746082305908,
        0.8454841375350952,
        0.8501895666122437,
        0.8505631685256958
    ],
    "train_peak_error": [
        0.9810148477554321,
        0.3904605507850647,
        0.3337617516517639,
        0.32270991802215576,
        0.33637505769729614,
        0.3416191339492798,
        0.3473183512687683,
        0.29516857862472534,
        0.3214998245239258,
        0.3241913318634033,
        0.32845789194107056,
        0.3103926181793213,
        0.3220779299736023,
        0.30283355712890625,
        0.3233184814453125,
        0.3208234906196594,
        0.31945639848709106,
        0.3120195269584656,
        0.32740849256515503,
        0.3236364722251892,
        0.3189452290534973,
        0.3072458505630493,
        0.308371365070343
    ],
    "val_loss": [
        0.005359048466030642,
        0.0035963787642984296,
        0.0034780460942818,
        0.0035693542603671335,
        0.0034863075597560125,
        0.0034305942453202796,
        0.003604200458147382,
        0.003476820970021135,
        0.003980680123078738,
        0.0034869381429949147,
        0.0035066484014014544,
        0.0033595609687697542,
        0.003282924128140209,
        0.003946074947795208,
        0.0034781230998513616,
        0.0040498216145356996,
        0.003413204377677908,
        0.0034049402585038715,
        0.0034720040078563014,
        0.003444274579101115,
        0.003364146886453729,
        0.0034981227530126308,
        0.003394423696018166
    ],
    "val_mae": [
        0.05765004828572273,
        0.04760435223579407,
        0.04678848385810852,
        0.04711870104074478,
        0.04686921834945679,
        0.04626036435365677,
        0.04745758697390556,
        0.047311931848526,
        0.0505247488617897,
        0.04706592485308647,
        0.0470823310315609,
        0.04645930603146553,
        0.04553768411278725,
        0.05010232701897621,
        0.046796929091215134,
        0.05084092542529106,
        0.047011807560920715,
        0.04701901972293854,
        0.04699020832777023,
        0.04681567847728729,
        0.04651709273457527,
        0.04706927016377449,
        0.04636839032173157
    ],