{
    "train_loss": [
        0.00979923432120951,
        0.004626788999452297,
        0.004144237002891403,
        0.003983245618896046,
        0.0038541855296105685,
        0.0036415424781958334,
        0.0036316599556409867,
        0.003500786929892196,
        0.0034547723240072963,
        0.0034703059020248657,
        0.0034209533573862174,
        0.003372939132250561,
        0.0032881423916465338,
        0.0032159418257891007,
        0.0032446207726773636,
        0.0031672601639197205,
        0.0032119287751301642,
        0.0030601655885179333,
        0.0031045178492574003,
        0.003045627113933528,
        0.0029720936322323007,
        0.0030137323586289294,
        0.0029555398426132804,
        0.002931754324547256,
        0.0029156321995518738,
        0.002953151404092448,
        0.0028516087604525627,
        0.002849416731675515,
        0.002832521930910816,
        0.0027448387233413294,
        0.0027721850941593695,
        0.0027164660225591167,
        0.0026863506389122652,
        0.002648500547969313,
        0.002622318744180525,
        0.0025811362153321973
    ],
    "train_mae": [
        0.07407838851213455,
        0.05348154529929161,
        0.05027490109205246,
        0.04950328916311264,
        0.04846688359975815,
        0.04692315310239792,
        0.047002606093883514,
        0.04604269936680794,
        0.04571975767612457,
        0.04578841105103493,
        0.04558787867426872,
        0.04524584859609604,
        0.044577937573194504,
        0.0441519170999527,
        0.04422834888100624,
        0.04375775158405304,
        0.044128939509391785,
        0.04303622245788574,
        0.04316888377070427,
        0.0429714135825634,
        0.04246959462761879,
        0.042796600610017776,
        0.042260680347681046,
        0.042095839977264404,
        0.042039476335048676,
        0.04248959571123123,
        0.04155459627509117,
        0.04140998423099518,
        0.041588637977838516,
        0.040865708142519,
        0.04098618030548096,
        0.04069902375340462,
        0.04046294093132019,
        0.04007953032851219,
        0.03999175876379013,
        0.03942212089896202
    ],
    "train_mse": [
        0.009799234569072723,
        0.004626789130270481,
        0.0041442373767495155,
        0.003983245696872473,
        0.00385418557561934,
        0.003641542512923479,
        0.003631659783422947,
        0.0035007870756089687,
        0.003454772289842367,
        0.0034703058190643787,
        0.003420953406020999,
        0.003372939070686698,
        0.0032881421502679586,
        0.003215941833332181,
        0.0032446207478642464,
        0.0031672599725425243,
        0.0032119285315275192,
        0.003060165559872985,
        0.003104517702013254,
        0.00304562714882195,
        0.0029720934107899666,
        0.0030137323774397373,
        0.0029555398505181074,
        0.0029317543376237154,
        0.002915631979703903,
        0.0029531512409448624,
        0.0028516086749732494,
        0.0028494163416326046,
        0.002832521917298436,
        0.00274483859539032,
        0.002772185020148754,
        0.002716466085985303,
        0.002686350839212537,
        0.002648500492796302,
        0.0026223184540867805,
        0.0025811363011598587
    ],
    "train_rmse": [
        0.09899108111858368,
        0.06802050769329071,
        0.06437575072050095,
        0.06311295926570892,
        0.06208208575844765,
        0.06034519523382187,
        0.0602632537484169,
        0.05916744843125343,
        0.05877730995416641,
        0.058909300714731216,
        0.05848891660571098,
        0.05807701125741005,
        0.057342324405908585,
        0.056709274649620056,
        0.05696157366037369,
        0.05627841502428055,
        0.05667387694120407,
        0.05531876161694527,
        0.05571819841861725,
        0.055187199264764786,
        0.054516907781362534,
        0.05489747226238251,
        0.0543648786842823,
        0.05414567515254021,
        0.05399659276008606,
        0.054342903196811676,
        0.05340045690536499,
        0.05337992310523987,
        0.0532214418053627,
        0.052391208708286285,
        0.0526515431702137,
        0.05211972817778587,
        0.05183001980185509,
        0.05146358534693718,
        0.051208578050136566,
        0.05080488324165344
    ],
    "train_r2": [
        0.5393557548522949,
        0.7825030088424683,
        0.8051868677139282,
        0.8127548098564148,
        0.8188216686248779,
        0.8288176655769348,
        0.8292822241783142,
        0.8354343175888062,
        0.8375973701477051,
        0.8368672132492065,
        0.8391871452331543,
        0.841444194316864,
        0.8454303741455078,
        0.8488243818283081,
        0.8474762439727783,
        0.8511128425598145,
        0.8490130305290222,
        0.8561471700668335,
        0.8540621995925903,
        0.8568305969238281,
        0.8602872490882874,
        0.8583298921585083,
        0.8610653877258301,
        0.8621835112571716,
        0.8629413843154907,
        0.8611776828765869,
        0.8659510612487793,
        0.8660540580749512,
        0.8668482303619385,
        0.8709701299667358,
        0.8696845769882202,
        0.87230384349823,
        0.8737195134162903,
        0.8754987716674805,
        0.8767295479774475,
        0.8786654472351074
    ],
    "train_mape": [
        24.137371063232422,
        17.67879295349121,
        17.022436141967773,
        16.78234100341797,
        16.410120010375977,
        15.86923599243164,
        15.898828506469727,
        15.627202033996582,
        15.454450607299805,
        15.502471923828125,
        15.293845176696777,
        15.25082015991211,
        15.026744842529297,
        14.909463882446289,
        14.816139221191406,
        14.693010330200195,
        14.694291114807129,
        14.42569637298584,
        14.342694282531738,
        14.339737892150879,
        14.03238296508789,
        14.18277359008789,
        14.005857467651367,
        13.995475769042969,
        13.902939796447754,
        14.089946746826172,
        13.718548774719238,
        13.599443435668945,
        13.765954971313477,
        13.461539268493652,
        13.506622314453125,
        13.358367919921875,
        13.314398765563965,
        13.114089012145996,
        13.084300994873047,
        12.82958984375
    ],
    "train_smape": [
        20.829795837402344,
        15.653867721557617,
        14.852568626403809,
        14.615806579589844,
        14.30935001373291,
        13.917562484741211,
        13.943849563598633,
        13.693889617919922,
        13.579632759094238,
        13.56490707397461,
        13.498555183410645,
        13.40124797821045,
        13.26750659942627,
        13.133367538452148,
        13.092581748962402,
        13.02005672454834,
        13.073578834533691,
        12.831720352172852,
        12.807543754577637,
        12.76710033416748,
        12.583791732788086,
        12.67803955078125,
        12.554229736328125,
        12.502440452575684,
        12.462719917297363,
        12.577279090881348,
        12.3088960647583,
        12.252212524414062,
        12.337066650390625,
        12.118342399597168,
        12.112071990966797,
        12.03509521484375,
        11.956915855407715,
        11.845992088317871,
        11.829729080200195,
        11.620933532714844
    ],