{
    "train_loss": [
        0.01914496634036323,
        0.00455182515780797,
        0.003907918254258011,
        0.0036413284054113686,
        0.003512570702278229,
        0.003457709389112462,
        0.0033344205531917297,
        0.0032853829093324187,
        0.003218898643622798,
        0.0031656984124111436,
        0.003105466834832502,
        0.003074500919330408,
        0.0030427697647994476,
        0.0029685194406880067,
        0.00296858899512485,
        0.002972241145383838,
        0.0028999653379954307,
        0.00290678774775925,
        0.002835205509765199,
        0.0028115923571705712,
        0.0028107826601364906,
        0.002767451732063687,
        0.002769370215489092,
        0.0027813331303822852,
        0.002726751969154422,
        0.0026461933828044212
    ],
    "train_mae": [
        0.09444182366132736,
        0.05284133180975914,
        0.04863579571247101,
        0.04692728444933891,
        0.046059805899858475,
        0.04572366178035736,
        0.04482835531234741,
        0.04444458335638046,
        0.043982990086078644,
        0.04351431503891945,
        0.04306352883577347,
        0.04293794929981232,
        0.042787816375494,
        0.04210181161761284,
        0.04213125258684158,
        0.04237186163663864,
        0.041703980416059494,
        0.04167651757597923,
        0.04113185033202171,
        0.040991298854351044,
        0.041095051914453506,
        0.0407642163336277,
        0.04058670252561569,
        0.04076806828379631,
        0.0404028445482254,
        0.03992434963583946
    ],
    "train_mse": [
        0.019144967198371887,
        0.004551825113594532,
        0.003907918464392424,
        0.0036413283087313175,
        0.003512570634484291,
        0.0034577094484120607,
        0.00333442073315382,
        0.0032853828743100166,
        0.003218898782506585,
        0.003165698144584894,
        0.003105466952547431,
        0.0030745009426027536,
        0.0030427698511630297,
        0.0029685194604098797,
        0.0029685888439416885,
        0.002972241258248687,
        0.0028999655041843653,
        0.002906787907704711,
        0.0028352055232971907,
        0.0028115923050791025,
        0.0028107825201004744,
        0.002767451573163271,
        0.0027693703304976225,
        0.0027813331689685583,
        0.00272675184533,
        0.0026461933739483356
    ],
    "train_rmse": [
        0.13836534321308136,
        0.06746721267700195,
        0.06251334398984909,
        0.0603434182703495,
        0.059266943484544754,
        0.0588022917509079,
        0.05774444341659546,
        0.05731825903058052,
        0.056735340505838394,
        0.05626453831791878,
        0.05572671815752983,
        0.05544818192720413,
        0.055161308497190475,
        0.05448412150144577,
        0.05448475852608681,
        0.054518263787031174,
        0.053851328790187836,
        0.0539146363735199,
        0.053246647119522095,
        0.053024448454380035,
        0.05301681533455849,
        0.052606575191020966,
        0.05262480676174164,
        0.05273834615945816,
        0.05221831053495407,
        0.05144116282463074
    ],
    "train_r2": [
        0.10002970695495605,
        0.7860269546508789,
        0.8162958025932312,
        0.8288277387619019,
        0.8348804116249084,
        0.8374593257904053,
        0.8432549238204956,
        0.8455600738525391,
        0.8486853837966919,
        0.8511862754821777,
        0.8540176153182983,
        0.8554732799530029,
        0.8569648861885071,
        0.8604552745819092,
        0.8604519963264465,
        0.8602802753448486,
        0.8636778593063354,
        0.8633571863174438,
        0.8667221069335938,
        0.8678321242332458,
        0.8678702116012573,
        0.8699070811271667,
        0.8698168992996216,
        0.8692545890808105,
        0.871820330619812,
        0.8756072521209717
    ],
    "train_mape": [
        29.55877685546875,
        17.478029251098633,
        16.18434715270996,
        15.676315307617188,
        15.383824348449707,
        15.253581047058105,
        14.948077201843262,
        14.723827362060547,
        14.643915176391602,
        14.4149808883667,
        14.278146743774414,
        14.229531288146973,
        14.182554244995117,
        13.952705383300781,
        13.834185600280762,
        13.934638023376465,
        13.705945014953613,
        13.67376708984375,
        13.41685676574707,
        13.375130653381348,
        13.380476951599121,
        13.317913055419922,
        13.205225944519043,
        13.135790824890137,
        13.145724296569824,
        12.941882133483887
    ],
    "train_smape": [
        28.98312759399414,
        15.374927520751953,
        14.25948429107666,
        13.82015323638916,
        13.559534072875977,
        13.471900939941406,
        13.258277893066406,
        13.108251571655273,
        12.97785472869873,
        12.83591365814209,
        12.708229064941406,
        12.68952751159668,
        12.652238845825195,
        12.439164161682129,
        12.39574909210205,
        12.488778114318848,
        12.283742904663086,
        12.268420219421387,
        12.07901382446289,
        12.062417984008789,
        12.082442283630371,
        12.000020980834961,
        11.92951488494873,
        11.961106300354004,
        11.867304801940918,
        11.722861289978027
    ],
    "train_explained_variance": [
        0.13151317834854126,
        0.7860280871391296,
        0.8162966370582581,
        0.8288280963897705,
        0.8348826169967651,
        0.8374607563018799,
        0.8432599902153015,
        0.8455607295036316,
        0.8486855626106262,
        0.8511863350868225,
        0.8540176153182983,
        0.8554732799530029,
        0.8569650650024414,
        0.8604567646980286,
        0.8604519963264465,
        0.8602808713912964,
        0.8636794090270996,
        0.8633575439453125,
        0.8667227625846863,
        0.867832362651825,
        0.8678717017173767,
        0.8699084520339966,
        0.8698184490203857,
        0.869257926940918,
        0.8718204498291016,
        0.8756074905395508
    ],
    "train_peak_error": [
        0.9084142446517944,
        0.3886907696723938,
        0.3806968331336975,
        0.32375526428222656,
        0.3312668800354004,
        0.3186854124069214,
        0.3056614398956299,
        0.31740957498550415,
        0.2816706895828247,
        0.2976871132850647,
        0.31063592433929443,
        0.29626744985580444,
        0.2897501587867737,
        0.29642319679260254,
        0.30359750986099243,
        0.2856350541114807,
        0.28057533502578735,
        0.30269432067871094,
        0.2791070342063904,
        0.29140377044677734,
        0.283376008272171,
        0.2825189232826233,
        0.2745910882949829,
        0.28223156929016113,
        0.28876227140426636,
        0.2664707899093628
    ],
    "val_loss": [
        0.005195729359046375,
        0.0036596169583700436,
        0.003499237427876579,
        0.003372886072804066,
        0.003321473391679712,
        0.0034344010085215885,
        0.003241051779054909,
        0.0031849526950298883,
        0.003250097772140029,
        0.003110924703772548,
        0.0035949370172544777,
        0.0032657318447696436,
        0.003144460475748981,
        0.0034274615727284616,
        0.0032240559156019267,
        0.003093330516051099,
        0.0032163636654736006,
        0.003213591875689332,
        0.003221073366413496,
        0.003174522059480492,
        0.003154936393039475,
        0.003179467952267515,
        0.003194945405049772,
        0.003435374350159717,
        0.0032131116069759502,
        0.003221673953963323
    ],