{
    "train_loss": [
        0.010891656188717883,
        0.004301476044770485,
        0.003467692933089273,
        0.0031567906254448236,
        0.0032576353062546194,
        0.003045035377465294,
        0.002879515745390765,
        0.0027290515727629878,
        0.0025294101969610665,
        0.0023355989514556716,
        0.0021881611408891507,
        0.002012601694261398,
        0.0017663728831121962,
        0.0012083491148796753,
        0.0010861568777921747,
        0.0010719786232566944,
        0.0009025112051713561
    ],
    "train_mae": [
        0.06666044145822525,
        0.05142023041844368,
        0.04591314494609833,
        0.04368839040398598,
        0.04456774890422821,
        0.04292399063706398,
        0.04177733138203621,
        0.04072392359375954,
        0.03910965472459793,
        0.03748680278658867,
        0.03629717603325844,
        0.03488725796341896,
        0.0326877124607563,
        0.02698926068842411,
        0.02561589889228344,
        0.025463467463850975,
        0.023477915674448013
    ],
    "train_mse": [
        0.010891656391322613,
        0.004301475826650858,
        0.003467692993581295,
        0.0031567905098199844,
        0.0032576352823525667,
        0.003045035293325782,
        0.0028795157559216022,
        0.002729051513597369,
        0.0025294101797044277,
        0.0023355986922979355,
        0.002188161015510559,
        0.002012601587921381,
        0.0017663727048784494,
        0.0012083491310477257,
        0.0010861569317057729,
        0.0010719787096604705,
        0.000902511237654835
    ],
    "train_rmse": [
        0.1043630987405777,
        0.06558563560247421,
        0.058887120336294174,
        0.05618532374501228,
        0.05707569792866707,
        0.0551818385720253,
        0.05366111919283867,
        0.05224032327532768,
        0.05029324069619179,
        0.04832803085446358,
        0.04677778482437134,
        0.04486202821135521,
        0.042028237134218216,
        0.03476131707429886,
        0.03295689448714256,
        0.032741084694862366,
        0.030041825026273727
    ],
    "train_r2": [
        0.4880028963088989,
        0.7977954149246216,
        0.8369899988174438,
        0.8516049981117249,
        0.8468644618988037,
        0.8568583726882935,
        0.864639163017273,
        0.8717122077941895,
        0.8810970187187195,
        0.8902077078819275,
        0.8971384763717651,
        0.9053912162780762,
        0.9169660210609436,
        0.9431976675987244,
        0.948941707611084,
        0.9496082067489624,
        0.9575746059417725
    ],
    "train_mape": [
        21.767728805541992,
        17.115076065063477,
        15.26310920715332,
        14.561596870422363,
        14.851966857910156,
        14.278182029724121,
        13.858595848083496,
        13.239664077758789,
        12.735241889953613,
        12.002193450927734,
        11.674883842468262,
        11.02033805847168,
        10.359302520751953,
        8.287725448608398,
        7.782296180725098,
        7.784561634063721,
        7.234912872314453
    ],
    "train_smape": [
        18.7053165435791,
        15.055113792419434,
        13.622005462646484,
        13.05686092376709,
        13.223357200622559,
        12.808905601501465,
        12.448779106140137,
        12.137234687805176,
        11.656264305114746,
        11.068662643432617,
        10.829432487487793,
        10.285392761230469,
        9.692506790161133,
        7.947900772094727,
        7.569347858428955,
        7.472067356109619,
        6.988851070404053
    ],
    "train_explained_variance": [
        0.48836588859558105,
        0.7977980375289917,
        0.836990475654602,
        0.8516075015068054,
        0.8468647003173828,
        0.856859028339386,
        0.8646395802497864,
        0.871712327003479,
        0.8810989856719971,
        0.8902081847190857,
        0.897139310836792,
        0.9053912162780762,
        0.9169660210609436,
        0.9431995749473572,
        0.9489417672157288,
        0.9496082067489624,
        0.9575746059417725
    ],
    "train_peak_error": [
        1.3557794094085693,
        0.4270050525665283,
        0.3124282956123352,
        0.29304951429367065,
        0.2604673504829407,
        0.2948261499404907,
        0.2791109085083008,
        0.268441379070282,
        0.2898205518722534,
        0.2399052381515503,
        0.24599778652191162,
        0.24648183584213257,
        0.22693303227424622,
        0.21292662620544434,
        0.21120965480804443,
        0.21110379695892334,
        0.16699373722076416
    ],
    "val_loss": [
        0.0034065522788521304,
        0.0031480894992195014,
        0.0031812416471996537,
        0.004668475093601419,
        0.0031597704642700205,
        0.0034957253112182984,
        0.0038833558643169754,
        0.0035095195360682744,
        0.0039006589300488287,
        0.004102123119473029,
        0.003762910778386344,
        0.004566948981553637,
        0.004554326080335237,
        0.005264351683260083,
        0.005556648217758043,
        0.005000201017334521,
        0.005688847364294979
    ],
    "val_mae": [
        0.04660063609480858,
        0.04454433545470238,
        0.04487629607319832,
        0.05473082885146141,
        0.04477117210626602,
        0.047454554587602615,
        0.04953522980213165,
        0.04749681055545807,
        0.0490623414516449,
        0.051363755017519,
        0.04907562956213951,
        0.05405773967504501,
        0.054470811039209366,
        0.05820225179195404,
        0.06009744107723236,
        0.056569136679172516,
        0.05989141762256622
    ],
    "val_mse": [
        0.003406552132219076,
        0.0031480893958359957,
        0.003181241452693939,
        0.004668475594371557,
        0.0031597702763974667,
        0.0034957253374159336,
        0.003883355762809515,
        0.0035095196217298508,
        0.003900658804923296,
        0.004102122969925404,
        0.003762910608202219,
        0.004566948860883713,
        0.004554325714707375,
        0.005264351610094309,
        0.005556648131459951,
        0.005000201053917408,
        0.005688847508281469
    ],
    "val_rmse": [
        0.058365676552057266,
        0.056107837706804276,
        0.05640249326825142,
        0.06832624226808548,
        0.05621183291077614,
        0.0591246597468853,
        0.06231657788157463,
        0.059241198003292084,
        0.062455255538225174,
        0.06404782086610794,
        0.06134256720542908,
        0.06757920235395432,
        0.0674857422709465,
        0.07255585491657257,
        0.07454292476177216,
        0.07071209698915482,
        0.0754244476556778
    ],
    "val_r2": [
        0.7629286646842957,
        0.7809157967567444,
        0.7786086201667786,
        0.6751079559326172,
        0.7801028490066528,
        0.7567228078842163,
        0.7297465801239014,
        0.7557628750801086,
        0.7285423874855042,
        0.7145219445228577,
        0.738128662109375,
        0.6821734309196472,
        0.6830519437789917,
        0.6336392760276794,
        0.6132975220680237,
        0.6520222425460815,
        0.6040973663330078
    ],
    "val_mape": [
        23.125688552856445,
        21.411968231201172,
        23.060956954956055,
        25.865245819091797,
        20.354921340942383,
        22.01062774658203,
        22.111661911010742,
        22.70429039001465,
        22.546924591064453,
        23.452861785888672,
        24.253334045410156,
        25.297212600708008,
        25.97879981994629,
        28.784381866455078,
        28.090435028076172,
        26.746644973754883,
        29.738113403320312
    ],