{
    "train_loss": [
        0.03222661646070564,
        0.006006324506787175,
        0.006162215432175518,
        0.005857004759770407,
        0.005490639816308522,
        0.005925009351730474,
        0.005834446164284925,
        0.006069292580381521,
        0.006270178489244266,
        0.004970504196549565,
        0.004773218901235204,
        0.004773665157324999,
        0.0048276374517086905
    ],
    "train_mae": [
        0.09829091280698776,
        0.060749493539333344,
        0.06159653887152672,
        0.05990404263138771,
        0.058233506977558136,
        0.06050006300210953,
        0.05993250012397766,
        0.06113786622881889,
        0.06246389448642731,
        0.05535145103931427,
        0.05403314158320427,
        0.054023753851652145,
        0.054441239684820175
    ],
    "train_mse": [
        0.03222661465406418,
        0.006006324663758278,
        0.006162215024232864,
        0.005857005249708891,
        0.005490639712661505,
        0.005925009027123451,
        0.0058344462886452675,
        0.006069292780011892,
        0.006270178593695164,
        0.004970503970980644,
        0.004773218650370836,
        0.004773665219545364,
        0.004827637691050768
    ],
    "train_rmse": [
        0.1795177310705185,
        0.07750048488378525,
        0.07849977910518646,
        0.0765310749411583,
        0.0740988478064537,
        0.07697407901287079,
        0.0763835459947586,
        0.07790566235780716,
        0.07918445765972137,
        0.07050180435180664,
        0.06908848136663437,
        0.06909171491861343,
        0.06948120146989822
    ],
    "train_r2": [
        -0.5149149894714355,
        0.7176535129547119,
        0.7103253602981567,
        0.724672794342041,
        0.7418949604034424,
        0.7214760780334473,
        0.7257331609725952,
        0.7146934866905212,
        0.7052502632141113,
        0.7663456201553345,
        0.775619626045227,
        0.7755986452102661,
        0.7730614542961121
    ],
    "train_mape": [
        32.174922943115234,
        20.223651885986328,
        20.59140396118164,
        20.17715072631836,
        19.95064926147461,
        20.76673698425293,
        20.65420150756836,
        21.437767028808594,
        21.759601593017578,
        19.70325469970703,
        19.136024475097656,
        18.984943389892578,
        18.918659210205078
    ],
    "train_smape": [
        25.81934928894043,
        17.60807228088379,
        17.73471450805664,
        17.225671768188477,
        17.017061233520508,
        17.510690689086914,
        17.423330307006836,
        17.784912109375,
        18.09504508972168,
        16.3898868560791,
        16.006364822387695,
        15.950528144836426,
        16.044076919555664
    ],
    "train_explained_variance": [
        -0.5141551494598389,
        0.7177168130874634,
        0.7103897333145142,
        0.72469162940979,
        0.7419090270996094,
        0.7214764952659607,
        0.7257399559020996,
        0.7146944999694824,
        0.7052530646324158,
        0.766353964805603,
        0.7756334543228149,
        0.7756112217903137,
        0.7730652093887329
    ],
    "train_peak_error": [
        2.191232681274414,
        0.41695576906204224,
        0.44938409328460693,
        0.4279565215110779,
        0.38017338514328003,
        0.4036747217178345,
        0.4410547614097595,
        0.4192157983779907,
        0.368622362613678,
        0.3579605221748352,
        0.3930690288543701,
        0.39374423027038574,
        0.36929190158843994
    ],
    "val_loss": [
        0.005387869637573419,
        0.0053214822651268985,
        0.004332129539479669,
        0.004588953042335862,
        0.005027507666980834,
        0.0059742591321039545,
        0.0049543314432497505,
        0.005344511674274858,
        0.006690520713333603,
        0.00447258257957028,
        0.004355497127733856,
        0.005500599863677681,
        0.004354576551080715
    ],
    "val_mae": [
        0.057497479021549225,
        0.05727861821651459,
        0.05260835587978363,
        0.05274314060807228,
        0.055676523596048355,
        0.06012475863099098,
        0.05525152012705803,
        0.056704144924879074,
        0.06450225412845612,
        0.052550382912158966,
        0.0520271472632885,
        0.05998791754245758,
        0.05175244063138962
    ],
    "val_mse": [
        0.005387869663536549,
        0.005321481730788946,
        0.004332129843533039,
        0.004588952753692865,
        0.005027507431805134,
        0.005974259227514267,
        0.004954331088811159,
        0.005344511475414038,
        0.006690520793199539,
        0.004472582601010799,
        0.004355497192591429,
        0.00550059974193573,
        0.004354576580226421
    ],
    "val_rmse": [
        0.07340210676193237,
        0.07294848561286926,
        0.0658189207315445,
        0.06774181127548218,
        0.0709049180150032,
        0.07729332894086838,
        0.07038700580596924,
        0.07310616225004196,
        0.0817956030368805,
        0.06687737256288528,
        0.0659961923956871,
        0.07416602969169617,
        0.06598921865224838
    ],
    "val_r2": [
        0.6250432729721069,
        0.6296634078025818,
        0.6985151767730713,
        0.6806421279907227,
        0.6501219272613525,
        0.5842348337173462,
        0.6552144289016724,
        0.6280606985092163,
        0.5343881845474243,
        0.688740611076355,
        0.6968889236450195,
        0.61719810962677,
        0.6969529986381531
    ],
    "val_mape": [
        25.490585327148438,
        26.402320861816406,
        28.446456909179688,
        25.096771240234375,
        26.73642349243164,
        27.710887908935547,
        29.089555740356445,
        28.75908851623535,
        29.847658157348633,
        27.592792510986328,
        27.608102798461914,
        33.863975524902344,
        26.125669479370117
    ],
    "val_smape": [
        22.6591854095459,
        21.862625122070312,
        20.365625381469727,
        20.373689651489258,
        21.83395004272461,
        22.897029876708984,
        21.264890670776367,
        21.993656158447266,
        24.762313842773438,
        20.504911422729492,
        20.257545471191406,
        22.928852081298828,
        20.0872802734375
    ],
    "val_explained_variance": [
        0.6441456079483032,
        0.632981538772583,
        0.7076097726821899,
        0.6816895604133606,
        0.671311616897583,
        0.6402192115783691,
        0.66385817527771,
        0.6280903816223145,
        0.6169214844703674,
        0.6891224384307861,
        0.6979737281799316,
        0.7114346027374268,
        0.6971674561500549
    ],
    "val_peak_error": [
        0.26289790868759155,
        0.23845919966697693,
        0.21058745682239532,
        0.24177242815494537,
        0.2507806420326233,
        0.2644181251525879,
        0.2241547405719757,
        0.25290289521217346,
        0.2593153119087219,
        0.230165034532547,
        0.22138571739196777,
        0.2450537532567978,
        0.2339305579662323
    ],
    "lr": [
        0.01,
        0.01,
        0.01,
        0.01,
        0.01,
        0.01,
        0.01,
        0.01,
        0.01,
        0.001,
        0.001,
        0.001,
        0.001
    ]
}