{
    "train_loss": [
        0.01916292051425949,
        0.004983412509619896,
        0.004990535591126504,
        0.004579739253097665,
        0.004477435011834263,
        0.004498718410283618,
        0.004637025513789458,
        0.004537335566377606,
        0.00446804244381436,
        0.0045605412252321936,
        0.004767179677029455,
        0.004548274565789073,
        0.00447642127835894,
        0.004647495691054747,
        0.00469464223450531,
        0.004663732433077456
    ],
    "train_mae": [
        0.07779992371797562,
        0.055170848965644836,
        0.05531451851129532,
        0.05314866453409195,
        0.0525396429002285,
        0.05255473405122757,
        0.053142424672842026,
        0.052935171872377396,
        0.05209250748157501,
        0.05290708690881729,
        0.05410180613398552,
        0.05258612707257271,
        0.05231373757123947,
        0.05355395749211311,
        0.05385053902864456,
        0.05371180176734924
    ],
    "train_mse": [
        0.019162919372320175,
        0.004983412567526102,
        0.004990535322576761,
        0.0045797391794621944,
        0.004477434791624546,
        0.004498718306422234,
        0.00463702529668808,
        0.004537335596978664,
        0.004468042403459549,
        0.004560541361570358,
        0.004767179489135742,
        0.0045482744462788105,
        0.004476421512663364,
        0.004647495690733194,
        0.004694642033427954,
        0.004663732368499041
    ],
    "train_rmse": [
        0.13843019306659698,
        0.07059329003095627,
        0.07064372301101685,
        0.06767377257347107,
        0.06691363453865051,
        0.06707248836755753,
        0.06809570640325546,
        0.06735974550247192,
        0.0668434202671051,
        0.0675317794084549,
        0.06904476135969162,
        0.06744089722633362,
        0.06690606474876404,
        0.06817254424095154,
        0.06851746141910553,
        0.06829152256250381
    ],
    "train_r2": [
        0.0991857647895813,
        0.7657387852668762,
        0.7654039263725281,
        0.7847146987915039,
        0.7895238995552063,
        0.7885233759880066,
        0.7820218205451965,
        0.7867080569267273,
        0.7899653911590576,
        0.7856171727180481,
        0.7759034633636475,
        0.78619384765625,
        0.7895715236663818,
        0.7815296053886414,
        0.779313325881958,
        0.7807663679122925
    ],
    "train_mape": [
        25.262725830078125,
        18.669742584228516,
        18.742605209350586,
        17.99236297607422,
        17.95380210876465,
        17.823488235473633,
        18.082786560058594,
        18.20600128173828,
        17.979188919067383,
        18.04458236694336,
        18.45822525024414,
        18.057083129882812,
        18.0213623046875,
        18.577890396118164,
        18.504579544067383,
        18.515501022338867
    ],
    "train_smape": [
        21.232120513916016,
        16.061668395996094,
        16.14257049560547,
        15.625454902648926,
        15.477153778076172,
        15.418362617492676,
        15.568150520324707,
        15.587565422058105,
        15.364086151123047,
        15.57808780670166,
        15.880419731140137,
        15.493221282958984,
        15.464286804199219,
        15.743091583251953,
        15.857460975646973,
        15.819663047790527
    ],
    "train_explained_variance": [
        0.09936970472335815,
        0.7657495141029358,
        0.765410840511322,
        0.7847305536270142,
        0.7895289659500122,
        0.7885295748710632,
        0.7820219397544861,
        0.7867081165313721,
        0.7899658679962158,
        0.7856228351593018,
        0.7759036421775818,
        0.7861968874931335,
        0.7895715236663818,
        0.7815311551094055,
        0.7793163061141968,
        0.7807665467262268
    ],
    "train_peak_error": [
        1.963780403137207,
        0.3544847369194031,
        0.3642536997795105,
        0.40344077348709106,
        0.32780396938323975,
        0.3967999815940857,
        0.3544350266456604,
        0.40354764461517334,
        0.37612515687942505,
        0.3775098919868469,
        0.35142403841018677,
        0.38700151443481445,
        0.31922489404678345,
        0.3239321708679199,
        0.3365088105201721,
        0.32781982421875
    ],
    "val_loss": [
        0.004453619334096316,
        0.004431035452582639,
        0.004419655028090766,
        0.003981412521851578,
        0.004138757102325452,
        0.003966643834593806,
        0.004425239309789144,
        0.004791390947367755,
        0.00410904424636886,
        0.0052535172846677495,
        0.0038028209496008083,
        0.005695264438073412,
        0.004105689079272929,
        0.004127541703486936,
        0.007150136907685467,
        0.004055830981287596
    ],
    "val_mae": [
        0.05259351059794426,
        0.05303388088941574,
        0.05213358998298645,
        0.04976985976099968,
        0.05067971721291542,
        0.050291623920202255,
        0.053261253982782364,
        0.05506208911538124,
        0.05024748668074608,
        0.058747392147779465,
        0.04900309070944786,
        0.061453208327293396,
        0.05050038546323776,
        0.05029591545462608,
        0.07061987370252609,
        0.05131589621305466
    ],
    "val_mse": [
        0.004453619476407766,
        0.004431035369634628,
        0.0044196550734341145,
        0.0039814128540456295,
        0.004138757009059191,
        0.003966643940657377,
        0.004425239283591509,
        0.004791391082108021,
        0.0041090440936386585,
        0.00525351706892252,
        0.0038028210401535034,
        0.005695263855159283,
        0.004105689004063606,
        0.004127541556954384,
        0.007150136865675449,
        0.004055831115692854
    ],
    "val_rmse": [
        0.06673544645309448,
        0.06656602025032043,
        0.06648048758506775,
        0.06309843808412552,
        0.06433317065238953,
        0.06298130005598068,
        0.06652247160673141,
        0.06921987235546112,
        0.06410182267427444,
        0.07248114794492722,
        0.06166701763868332,
        0.07546697556972504,
        0.06407564878463745,
        0.06424594670534134,
        0.08455847948789597,
        0.06368540972471237
    ],
    "val_r2": [
        0.6900603771209717,
        0.6916320323944092,
        0.6924240589141846,
        0.7229225039482117,
        0.7119724750518799,
        0.7239503264427185,
        0.692035436630249,
        0.6665538549423218,
        0.7140402793884277,
        0.6343932747840881,
        0.7353512048721313,
        0.6036508679389954,
        0.7142738103866577,
        0.7127529978752136,
        0.5024023056030273,
        0.7177435159683228
    ],
    "val_mape": [
        25.088300704956055,
        23.72075080871582,
        23.893962860107422,
        22.707799911499023,
        26.040597915649414,
        27.468055725097656,
        31.889339447021484,
        30.356164932250977,
        24.107589721679688,
        34.67741012573242,
        26.959720611572266,
        34.56472396850586,
        24.98963165283203,
        27.04961585998535,
        40.26047897338867,
        29.138704299926758
    ],
    "val_smape": [
        20.37986183166504,
        20.334238052368164,
        20.369558334350586,
        19.720745086669922,
        19.668718338012695,
        19.72385025024414,
        21.076099395751953,
        21.259340286254883,
        19.880441665649414,
        22.7840576171875,
        19.325206756591797,
        23.24305534362793,
        19.965198516845703,
        19.969446182250977,
        26.279661178588867,
        20.178470611572266
    ],