{
    "train_loss": [
        0.20131007059383912,
        0.006682715006344151,
        0.0058050309711421355,
        0.005117587794494349,
        0.005254212534135502,
        0.004714380514568228,
        0.004991250970045126,
        0.0047229590146403745,
        0.00463622240244074,
        0.004610823826708516,
        0.004848814741015393,
        0.004342950556402802,
        0.004429664745931573,
        0.004121206213971704,
        0.0043912144109438675,
        0.00420030259503364,
        0.003964005456374531,
        0.004090232706606981,
        0.004390070350348284,
        0.004184251125161939,
        0.004211605416884371,
        0.00432627743198166,
        0.0041767898870631835,
        0.004316139019867526,
        0.004547714163196716,
        0.004434763560602578,
        0.004359951184496382,
        0.004232895958831901,
        0.00424238975335713,
        0.0034067396828359182,
        0.0033392560949272758,
        0.003324601417674282,
        0.00333342468304396
    ],
    "train_mae": [
        0.14701449871063232,
        0.06450605392456055,
        0.06012945622205734,
        0.05634162202477455,
        0.05706014111638069,
        0.05391565337777138,
        0.05532677844166756,
        0.05409971624612808,
        0.0533997006714344,
        0.053480010479688644,
        0.05489504337310791,
        0.05144379660487175,
        0.052229080349206924,
        0.04991680383682251,
        0.051907606422901154,
        0.05069427192211151,
        0.048958633095026016,
        0.050052743405103683,
        0.05196844041347504,
        0.05055863782763481,
        0.05073448270559311,
        0.05143412947654724,
        0.050748080015182495,
        0.05103379860520363,
        0.052693966776132584,
        0.05230683833360672,
        0.051581963896751404,
        0.05089950934052467,
        0.05104139447212219,
        0.0452461913228035,
        0.04454071447253227,
        0.04441532492637634,
        0.044429827481508255
    ],
    "train_mse": [
        0.20131005346775055,
        0.006682715378701687,
        0.005805030930787325,
        0.005117588210850954,
        0.0052542127668857574,
        0.004714380484074354,
        0.004991251043975353,
        0.004722959361970425,
        0.004636222496628761,
        0.004610823933035135,
        0.004848814569413662,
        0.004342950414866209,
        0.004429664928466082,
        0.004121205769479275,
        0.004391214344650507,
        0.004200302995741367,
        0.003964005503803492,
        0.004090232774615288,
        0.004390070214867592,
        0.004184250719845295,
        0.004211605526506901,
        0.004326277412474155,
        0.004176790360361338,
        0.004316139034926891,
        0.004547713790088892,
        0.004434763453900814,
        0.004359951242804527,
        0.004232896026223898,
        0.004242389928549528,
        0.003406739793717861,
        0.00333925592713058,
        0.0033246013335883617,
        0.003333424683660269
    ],
    "train_rmse": [
        0.44867590069770813,
        0.0817478746175766,
        0.0761907547712326,
        0.0715373232960701,
        0.07248594611883163,
        0.06866134703159332,
        0.07064878940582275,
        0.06872379034757614,
        0.0680898129940033,
        0.0679030492901802,
        0.06963343173265457,
        0.06590106338262558,
        0.06655573099851608,
        0.0641966164112091,
        0.06626623868942261,
        0.06480974704027176,
        0.06296034902334213,
        0.0639549270272255,
        0.06625760346651077,
        0.06468578428030014,
        0.06489688158035278,
        0.06577444076538086,
        0.06462809443473816,
        0.0656973272562027,
        0.06743673980236053,
        0.06659401953220367,
        0.06602992862462997,
        0.06506071239709854,
        0.06513363122940063,
        0.0583672821521759,
        0.05778629705309868,
        0.05765935778617859,
        0.05773581936955452
    ],
    "train_r2": [
        -8.46322250366211,
        0.6858576536178589,
        0.7271159887313843,
        0.7594314217567444,
        0.7530089616775513,
        0.7783855199813843,
        0.7653703093528748,
        0.777982234954834,
        0.7820595502853394,
        0.7832534909248352,
        0.7720659971237183,
        0.7958457469940186,
        0.7917694449424744,
        0.8062695264816284,
        0.7935769557952881,
        0.8025513291358948,
        0.8136592507362366,
        0.8077255487442017,
        0.7936307191848755,
        0.8033059239387512,
        0.8020200133323669,
        0.7966294884681702,
        0.8036566376686096,
        0.7971060872077942,
        0.7862201929092407,
        0.7915297746658325,
        0.7950465679168701,
        0.8010191917419434,
        0.8005728721618652,
        0.8398553133010864,
        0.8430275917053223,
        0.8437165021896362,
        0.8433017134666443
    ],
    "train_mape": [
        46.9287109375,
        20.947235107421875,
        19.270116806030273,
        18.53074073791504,
        18.943910598754883,
        18.114059448242188,
        18.581981658935547,
        18.083703994750977,
        17.801437377929688,
        17.94472885131836,
        18.424793243408203,
        17.44525718688965,
        17.541040420532227,
        16.995004653930664,
        17.397140502929688,
        16.920124053955078,
        16.507427215576172,
        16.826602935791016,
        17.45236587524414,
        17.131431579589844,
        17.146421432495117,
        17.361038208007812,
        17.184682846069336,
        17.08974266052246,
        17.90489959716797,
        17.63681411743164,
        17.65840721130371,
        17.308536529541016,
        17.445117950439453,
        15.540406227111816,
        15.216038703918457,
        15.131850242614746,
        15.03497314453125
    ],
    "train_smape": [
        30.468984603881836,
        18.66156578063965,
        17.35138702392578,
        16.420167922973633,
        16.581764221191406,
        15.80363941192627,
        16.140779495239258,
        15.774479866027832,
        15.61711597442627,
        15.627826690673828,
        15.944162368774414,
        15.082122802734375,
        15.2330904006958,
        14.620711326599121,
        15.096444129943848,
        14.795039176940918,
        14.389607429504395,
        14.693358421325684,
        15.178853034973145,
        14.872720718383789,
        14.877964973449707,
        15.019071578979492,
        14.920212745666504,
        14.955223083496094,
        15.483199119567871,
        15.328055381774902,
        15.173562049865723,
        14.982531547546387,
        15.063923835754395,
        13.490578651428223,
        13.276605606079102,
        13.215662956237793,
        13.234149932861328
    ],
    "train_explained_variance": [
        -8.457392692565918,
        0.6858576536178589,
        0.7271229028701782,
        0.7594344615936279,
        0.7530115246772766,
        0.7783862352371216,
        0.7653816938400269,
        0.7779886722564697,
        0.7820687294006348,
        0.7832543849945068,
        0.7720975279808044,
        0.7958461046218872,
        0.7917772531509399,
        0.8062753677368164,
        0.7935819029808044,
        0.8025526404380798,
        0.8136593103408813,
        0.8077276349067688,
        0.793632984161377,
        0.8033129572868347,
        0.8020214438438416,
        0.7966302633285522,
        0.8036566972732544,
        0.7971087694168091,
        0.786220908164978,
        0.7915298938751221,
        0.7950482368469238,
        0.8010269999504089,
        0.8005738854408264,
        0.8398557901382446,
        0.8430280089378357,
        0.843716561794281,
        0.8433017134666443
    ],