{
    "train_loss": [
        0.016932443680850725,
        0.004426464382702688,
        0.004506144563438424,
        0.004630571425034833,
        0.004282834334979588,
        0.004267675450869357,
        0.004323839632225542,
        0.004339768387003618,
        0.004456840293040991,
        0.004273976254367931,
        0.004429592906517462,
        0.004195441660341675
    ],
    "train_mae": [
        0.07742035388946533,
        0.052075691521167755,
        0.052573081105947495,
        0.05328232795000076,
        0.050973739475011826,
        0.05092993006110191,
        0.05142400786280632,
        0.05149775370955467,
        0.052220236510038376,
        0.05121380835771561,
        0.052033357322216034,
        0.05044979974627495
    ],
    "train_mse": [
        0.016932444646954536,
        0.0044264644384384155,
        0.00450614420697093,
        0.004630571696907282,
        0.0042828344739973545,
        0.004267675336450338,
        0.004323839675635099,
        0.004339768551290035,
        0.004456839989870787,
        0.004273976199328899,
        0.004429593216627836,
        0.0041954414919018745
    ],
    "train_rmse": [
        0.13012473285198212,
        0.06653168052434921,
        0.06712781637907028,
        0.06804830580949783,
        0.06544336676597595,
        0.06532745063304901,
        0.06575591117143631,
        0.06587691605091095,
        0.06675957143306732,
        0.06537565588951111,
        0.06655518710613251,
        0.06477222591638565
    ],
    "train_r2": [
        0.2040364146232605,
        0.7919199466705322,
        0.7881742715835571,
        0.7823251485824585,
        0.7986717224121094,
        0.7993842959403992,
        0.7967441082000732,
        0.7959953546524048,
        0.7904919981956482,
        0.7990881204605103,
        0.7917728424072266,
        0.8027798533439636
    ],
    "train_mape": [
        25.405603408813477,
        17.464027404785156,
        17.60491371154785,
        17.816701889038086,
        17.1743221282959,
        17.198585510253906,
        17.486835479736328,
        17.483858108520508,
        17.67336082458496,
        17.412372589111328,
        17.738018035888672,
        17.300132751464844
    ],
    "train_smape": [
        21.753435134887695,
        15.265605926513672,
        15.328507423400879,
        15.570880889892578,
        14.935858726501465,
        14.881324768066406,
        15.175725936889648,
        15.16433048248291,
        15.251432418823242,
        15.10936164855957,
        15.326872825622559,
        14.923681259155273
    ],
    "train_explained_variance": [
        0.20474469661712646,
        0.7919252514839172,
        0.7881777882575989,
        0.782336413860321,
        0.7986828684806824,
        0.7993868589401245,
        0.796750545501709,
        0.7959964275360107,
        0.7904931306838989,
        0.7990881204605103,
        0.7917764186859131,
        0.8027799129486084
    ],
    "train_peak_error": [
        1.473506212234497,
        0.3922693729400635,
        0.3442513942718506,
        0.3550305962562561,
        0.36977726221084595,
        0.37479233741760254,
        0.3760226368904114,
        0.3498119115829468,
        0.3797808885574341,
        0.34410202503204346,
        0.39276862144470215,
        0.38171374797821045
    ],
    "val_loss": [
        0.0035113962296322793,
        0.003463721811443085,
        0.003986840585260083,
        0.003859125445898381,
        0.006728031629388281,
        0.003953338488065403,
        0.0048376827261564755,
        0.0044004736518614635,
        0.004333537325276424,
        0.004093408292333642,
        0.004241067358969355,
        0.004245579127061496
    ],
    "val_mae": [
        0.04677852988243103,
        0.04653571918606758,
        0.049816932529211044,
        0.048884205520153046,
        0.06699477136135101,
        0.049692001193761826,
        0.05433420464396477,
        0.05230966582894325,
        0.05188370868563652,
        0.05040152370929718,
        0.0511673167347908,
        0.05172017961740494
    ],
    "val_mse": [
        0.0035113964695483446,
        0.0034637220669537783,
        0.0039868406020104885,
        0.003859125543385744,
        0.006728031672537327,
        0.003953338600695133,
        0.0048376829363405704,
        0.004400474019348621,
        0.004333537071943283,
        0.004093408118933439,
        0.004241067450493574,
        0.004245579242706299
    ],
    "val_rmse": [
        0.059257037937641144,
        0.0588533952832222,
        0.06314143538475037,
        0.062121860682964325,
        0.08202458173036575,
        0.06287558376789093,
        0.06955345720052719,
        0.06633606553077698,
        0.06582960486412048,
        0.06397974491119385,
        0.06512347608804703,
        0.06515810638666153
    ],
    "val_r2": [
        0.755632221698761,
        0.7589499950408936,
        0.72254478931427,
        0.7314327955245972,
        0.5317777395248413,
        0.7248762845993042,
        0.6633323431015015,
        0.6937588453292847,
        0.6984171867370605,
        0.7151284217834473,
        0.7048524618148804,
        0.7045384645462036
    ],
    "val_mape": [
        23.488344192504883,
        21.555139541625977,
        22.96343994140625,
        21.868749618530273,
        34.02577590942383,
        25.578651428222656,
        23.28083610534668,
        24.494949340820312,
        24.11727523803711,
        23.60402488708496,
        24.499643325805664,
        28.355417251586914
    ],
    "val_smape": [
        18.283199310302734,
        18.48621940612793,
        19.74070167541504,
        19.388992309570312,
        23.919279098510742,
        19.37026596069336,
        21.020092010498047,
        20.071456909179688,
        20.52165985107422,
        19.89230728149414,
        20.194019317626953,
        20.13506507873535
    ],
    "val_explained_variance": [
        0.7615765333175659,
        0.7708128094673157,
        0.7387770414352417,
        0.7404881715774536,
        0.7223086953163147,
        0.7426656484603882,
        0.7384487390518188,
        0.7165874242782593,
        0.7037022709846497,
        0.7481892108917236,
        0.7052400708198547,
        0.7335832118988037
    ],
    "val_peak_error": [
        0.1887296587228775,
        0.2210971713066101,
        0.2431652992963791,
        0.22297018766403198,
        0.23936039209365845,
        0.19121626019477844,
        0.2827368378639221,
        0.29986149072647095,
        0.23511146008968353,
        0.23033154010772705,
        0.2292669266462326,
        0.2468988299369812
    ],
    "lr": [
        0.01,
        0.01,
        0.01,
        0.01,
        0.01,
        0.01,
        0.01,
        0.01,
        0.01,
        0.01,
        0.01,
        0.01
    ]
}