{
    "train_loss": [
        0.01076733807958461,
        0.004394683362286942,
        0.0041310273095110485,
        0.0038874070418136626,
        0.0038260889444545225,
        0.003738545237623763,
        0.003618068263007141,
        0.003614834024808724,
        0.0034304098233900854,
        0.0034603042940316866,
        0.0035415063014611753,
        0.0033748357060283595
    ],
    "train_mae": [
        0.06745228916406631,
        0.052050188183784485,
        0.050171758979558945,
        0.048522524535655975,
        0.048252884298563004,
        0.04765186458826065,
        0.04699292033910751,
        0.04696798324584961,
        0.04574178159236908,
        0.045833878219127655,
        0.04651015251874924,
        0.04535301402211189
    ],
    "train_mse": [
        0.010767337866127491,
        0.004394683055579662,
        0.00413102749735117,
        0.0038874070160090923,
        0.0038260887376964092,
        0.0037385455798357725,
        0.003618068527430296,
        0.0036148342769593,
        0.003430409822613001,
        0.003460304345935583,
        0.0035415065940469503,
        0.0033748357091099024
    ],
    "train_rmse": [
        0.10376578569412231,
        0.066292405128479,
        0.06427306681871414,
        0.062349073588848114,
        0.061855386942625046,
        0.061143647879362106,
        0.0601503811776638,
        0.060123492032289505,
        0.05856969952583313,
        0.05882435292005539,
        0.05951055884361267,
        0.05809333547949791
    ],
    "train_r2": [
        0.4938468933105469,
        0.7934138774871826,
        0.805807888507843,
        0.8172600269317627,
        0.8201424479484558,
        0.8242577314376831,
        0.8299211263656616,
        0.8300731778144836,
        0.8387426137924194,
        0.83733731508255,
        0.8335201740264893,
        0.8413550853729248
    ],
    "train_mape": [
        22.454824447631836,
        17.353620529174805,
        16.757673263549805,
        16.096345901489258,
        15.8938570022583,
        15.880256652832031,
        15.619394302368164,
        15.556412696838379,
        15.013540267944336,
        15.1138916015625,
        15.106584548950195,
        15.096839904785156
    ],
    "train_smape": [
        19.41699981689453,
        15.165231704711914,
        14.706428527832031,
        14.21935749053955,
        14.098091125488281,
        14.002900123596191,
        13.81810188293457,
        13.841155052185059,
        13.421673774719238,
        13.505532264709473,
        13.606786727905273,
        13.421550750732422
    ],
    "train_explained_variance": [
        0.4938514828681946,
        0.7934210896492004,
        0.8058085441589355,
        0.8172672986984253,
        0.8201461434364319,
        0.8242601752281189,
        0.8299212455749512,
        0.8300747871398926,
        0.8387436866760254,
        0.8373383283615112,
        0.8335222005844116,
        0.8413552641868591
    ],
    "train_peak_error": [
        1.3941224813461304,
        0.38003259897232056,
        0.31447070837020874,
        0.3728311061859131,
        0.34011727571487427,
        0.32627421617507935,
        0.298991322517395,
        0.3128970265388489,
        0.3225289583206177,
        0.3264816999435425,
        0.29435962438583374,
        0.2689545750617981
    ],
    "val_loss": [
        0.004106248466083579,
        0.0032159386812072757,
        0.00661356420812311,
        0.0036278228432931703,
        0.00498902839052377,
        0.003555732031399719,
        0.0034785567516487817,
        0.0034416638923098716,
        0.004037211489521985,
        0.004027292482528112,
        0.003557003711303361,
        0.00331144571746532
    ],
    "val_mae": [
        0.0504586286842823,
        0.04493359848856926,
        0.06577662378549576,
        0.04787200689315796,
        0.057208411395549774,
        0.04722452536225319,
        0.04673001915216446,
        0.04687181115150452,
        0.050883613526821136,
        0.05026625469326973,
        0.04751581698656082,
        0.0461873784661293
    ],
    "val_mse": [
        0.004106248263269663,
        0.0032159388065338135,
        0.0066135642118752,
        0.003627822734415531,
        0.004989027976989746,
        0.0035557320807129145,
        0.0034785568714141846,
        0.0034416636917740107,
        0.004037211649119854,
        0.0040272921323776245,
        0.003557003801688552,
        0.003311445936560631
    ],
    "val_rmse": [
        0.06408001482486725,
        0.05670924857258797,
        0.08132382482290268,
        0.06023140996694565,
        0.07063305377960205,
        0.059629958122968674,
        0.05897929146885872,
        0.058665692806243896,
        0.063539057970047,
        0.06346094608306885,
        0.05964062362909317,
        0.05754516273736954
    ],
    "val_r2": [
        0.7142348289489746,
        0.7761939764022827,
        0.5397438406944275,
        0.7475298047065735,
        0.6527997851371765,
        0.7525467872619629,
        0.7579176425933838,
        0.7604851126670837,
        0.7190393209457397,
        0.7197296619415283,
        0.7524583339691162,
        0.7695473432540894
    ],
    "val_mape": [
        25.018692016601562,
        21.26972770690918,
        24.635025024414062,
        24.518428802490234,
        30.175098419189453,
        26.468345642089844,
        22.06285285949707,
        23.1385555267334,
        23.649974822998047,
        24.722393035888672,
        24.7371883392334,
        21.467464447021484
    ],
    "val_smape": [
        19.506973266601562,
        18.180273056030273,
        25.017871856689453,
        18.762351989746094,
        21.6330623626709,
        18.95229148864746,
        18.429771423339844,
        18.41805648803711,
        19.63011360168457,
        18.9796142578125,
        18.74468994140625,
        18.18277359008789
    ],
    "val_explained_variance": [
        0.7286694049835205,
        0.7770735025405884,
        0.7423709630966187,
        0.7702347040176392,
        0.7617427110671997,
        0.7766546607017517,
        0.7587758898735046,
        0.7731156349182129,
        0.7472909092903137,
        0.7772315740585327,
        0.784609854221344,
        0.783230185508728
    ],
    "val_peak_error": [
        0.2714475393295288,
        0.199893519282341,
        0.2767689526081085,
        0.2051875740289688,
        0.22359836101531982,
        0.1864352822303772,
        0.21501868963241577,
        0.22847479581832886,
        0.2604822516441345,
        0.22074192762374878,
        0.21054118871688843,
        0.2087322473526001
    ],
    "lr": [
        0.01,
        0.01,
        0.01,
        0.01,
        0.01,
        0.01,
        0.01,
        0.01,
        0.01,
        0.01,
        0.01,
        0.01
    ]
}