{
    "train_loss": [
        0.04491587245697729,
        0.016832248003576078,
        0.011732424647413432,
        0.009171839188542126,
        0.007791062124675451,
        0.007029384471191397,
        0.006521894921927989,
        0.006219006579052899,
        0.005957630470634966,
        0.005735326964043304,
        0.005553966753443324,
        0.005466817568263901,
        0.005285917271793812,
        0.005194795032302259,
        0.005158694562920116,
        0.0051105475306252824
    ],
    "train_mae": [
        0.16137361526489258,
        0.1022968515753746,
        0.08494304120540619,
        0.0754958912730217,
        0.06951776891946793,
        0.0661570355296135,
        0.0639258623123169,
        0.06197645515203476,
        0.0611552931368351,
        0.05958472564816475,
        0.0587850958108902,
        0.057913247495889664,
        0.057107482105493546,
        0.05678323283791542,
        0.05645540729165077,
        0.056372374296188354
    ],
    "train_mse": [
        0.04491586983203888,
        0.016832245513796806,
        0.011732424609363079,
        0.00917183980345726,
        0.007791061419993639,
        0.007029384840279818,
        0.006521894596517086,
        0.006219006609171629,
        0.005957630462944508,
        0.005735327024012804,
        0.005553966388106346,
        0.005466817412525415,
        0.005285917315632105,
        0.005194794852286577,
        0.005158694926649332,
        0.005110547412186861
    ],
    "train_rmse": [
        0.21193364262580872,
        0.12973915040493011,
        0.1083163172006607,
        0.0957697257399559,
        0.08826699107885361,
        0.08384142816066742,
        0.08075825124979019,
        0.07886067777872086,
        0.07718569040298462,
        0.07573194056749344,
        0.07452493906021118,
        0.07393793016672134,
        0.07270431518554688,
        0.07207492738962173,
        0.07182405889034271,
        0.07148808985948563
    ],
    "train_r2": [
        -1.1114139556884766,
        0.2087465524673462,
        0.44847989082336426,
        0.5688483715057373,
        0.6337562799453735,
        0.6695613265037537,
        0.6934175491333008,
        0.7076557278633118,
        0.719942569732666,
        0.7303926348686218,
        0.7389180660247803,
        0.7430148124694824,
        0.7515186071395874,
        0.7558020949363708,
        0.757499098777771,
        0.7597624063491821
    ],
    "train_mape": [
        49.64319610595703,
        33.38852310180664,
        28.20439338684082,
        25.556997299194336,
        23.5645751953125,
        22.119647979736328,
        21.7548885345459,
        21.252731323242188,
        20.774648666381836,
        20.189496994018555,
        20.095932006835938,
        19.84369659423828,
        19.582670211791992,
        19.438676834106445,
        19.352994918823242,
        19.50233268737793
    ],
    "train_smape": [
        49.306278228759766,
        28.014389038085938,
        23.668603897094727,
        21.51242446899414,
        20.03055763244629,
        19.090473175048828,
        18.535194396972656,
        18.023447036743164,
        17.787494659423828,
        17.435588836669922,
        17.13032341003418,
        16.934537887573242,
        16.749927520751953,
        16.69343376159668,
        16.564117431640625,
        16.54032325744629
    ],
    "train_explained_variance": [
        -0.9417755603790283,
        0.2094237208366394,
        0.4485083818435669,
        0.5688563585281372,
        0.6337575912475586,
        0.6695810556411743,
        0.6934175491333008,
        0.7076594829559326,
        0.7199462652206421,
        0.7304272651672363,
        0.7389200925827026,
        0.7430151104927063,
        0.7515326738357544,
        0.7558058500289917,
        0.7575012445449829,
        0.7597631216049194
    ],
    "train_peak_error": [
        0.8889184594154358,
        0.6852649450302124,
        0.575971245765686,
        0.3959437310695648,
        0.4380916357040405,
        0.40861374139785767,
        0.36929023265838623,
        0.4109255075454712,
        0.3818208575248718,
        0.339710533618927,
        0.35910385847091675,
        0.34233349561691284,
        0.37499016523361206,
        0.3476303815841675,
        0.3594720959663391,
        0.32972288131713867
    ],
    "val_loss": [
        0.01141005573271633,
        0.008515377261762996,
        0.00785532989003193,
        0.0064403356230489425,
        0.005690385396089807,
        0.0052985374225477735,
        0.004742804267242711,
        0.004942155585376372,
        0.0047002809819691686,
        0.004885601756471149,
        0.004295128838212745,
        0.004822753750678929,
        0.0043742887063032325,
        0.004758123881183565,
        0.004648660144286243,
        0.004697845195513889
    ],
    "val_mae": [
        0.08508341014385223,
        0.07367575913667679,
        0.07135315239429474,
        0.06412351876497269,
        0.059267252683639526,
        0.057648658752441406,
        0.054236941039562225,
        0.0553847998380661,
        0.05382809042930603,
        0.05506229028105736,
        0.05162014439702034,
        0.0541081577539444,
        0.051917750388383865,
        0.05400332808494568,
        0.05343719199299812,
        0.05358027666807175
    ],
    "val_mse": [
        0.011410055682063103,
        0.008515376597642899,
        0.007855329662561417,
        0.006440335419028997,
        0.005690385587513447,
        0.005298537667840719,
        0.004742803983390331,
        0.004942155443131924,
        0.004700280725955963,
        0.004885601811110973,
        0.0042951288633048534,
        0.004822753369808197,
        0.004374288488179445,
        0.004758124239742756,
        0.004648660309612751,
        0.004697845317423344
    ],
    "val_rmse": [
        0.10681786388158798,
        0.09227880090475082,
        0.0886302962899208,
        0.08025170117616653,
        0.07543464750051498,
        0.07279105484485626,
        0.06886801868677139,
        0.07030046731233597,
        0.06855859607458115,
        0.06989707797765732,
        0.065537229180336,
        0.06944604963064194,
        0.06613840162754059,
        0.0689791589975357,
        0.06818108260631561,
        0.06854082643985748
    ],
    "val_r2": [
        0.20594274997711182,
        0.40739142894744873,
        0.4533259868621826,
        0.5517992973327637,
        0.603990375995636,
        0.6312601566314697,
        0.6699352264404297,
        0.6560617685317993,
        0.6728944778442383,
        0.6599974632263184,
        0.7010900974273682,
        0.6643713116645813,
        0.6955811977386475,
        0.6688690185546875,
        0.6764869093894958,
        0.6730639934539795
    ],
    "val_mape": [
        39.19059371948242,
        34.378536224365234,
        33.70322036743164,
        31.90115737915039,
        27.81183624267578,
        29.28781509399414,
        26.91911506652832,
        27.542680740356445,
        26.097736358642578,
        27.513065338134766,
        25.76386070251465,
        24.725250244140625,
        26.062288284301758,
        26.901214599609375,
        26.891159057617188,
        26.833269119262695
    ],
    "val_smape": [
        31.067094802856445,
        27.556196212768555,
        26.48268699645996,
        23.86366081237793,
        22.711498260498047,
        21.68660545349121,
        20.77482795715332,
        20.92960548400879,
        20.617618560791016,
        20.784521102905273,
        19.941864013671875,
        21.037336349487305,
        20.00174331665039,
        20.43814468383789,
        20.336612701416016,
        20.33388900756836
    ],