{
    "train_loss": [
        0.3165554888664369,
        0.007686380935066063,
        0.00634465003446163,
        0.005662818670286547,
        0.0053139594936607686,
        0.004909324418304928,
        0.004984749265936694,
        0.00484903866519693,
        0.004802063575885022,
        0.00460842312969047,
        0.004454499080032024,
        0.004894398064186973,
        0.004465447743589954,
        0.004174071809401058,
        0.004504295398671657,
        0.004223849395932479,
        0.004087597312093157,
        0.004463607101459071,
        0.0039320871666588715,
        0.004319145989821128,
        0.004088421352314845,
        0.004068142573611457,
        0.00412435569353586,
        0.004026945373136668,
        0.003967039269458518,
        0.003907037319380535,
        0.003991180732763729,
        0.003779324085430976
    ],
    "train_mae": [
        0.1842384934425354,
        0.06855384260416031,
        0.06283672153949738,
        0.059565845876932144,
        0.057462505996227264,
        0.055242810398340225,
        0.05579875409603119,
        0.054860670119524,
        0.05428903177380562,
        0.05329588055610657,
        0.05219058319926262,
        0.055053722113370895,
        0.05215715244412422,
        0.05046672746539116,
        0.052488237619400024,
        0.050643984228372574,
        0.049959421157836914,
        0.05241791531443596,
        0.048905178904533386,
        0.05098899081349373,
        0.05005398765206337,
        0.049816638231277466,
        0.050081074237823486,
        0.04936711862683296,
        0.04949124529957771,
        0.04900910332798958,
        0.04930371046066284,
        0.048038747161626816
    ],
    "train_mse": [
        0.3165555000305176,
        0.007686380762606859,
        0.0063446504063904285,
        0.005662818439304829,
        0.005313959438353777,
        0.004909324459731579,
        0.004984749015420675,
        0.004849038552492857,
        0.0048020631074905396,
        0.0046084229834377766,
        0.004454499110579491,
        0.0048943981528282166,
        0.0044654482044279575,
        0.004174071829766035,
        0.004504295065999031,
        0.004223849158734083,
        0.004087597597390413,
        0.004463606979697943,
        0.00393208721652627,
        0.004319146275520325,
        0.004088421352207661,
        0.004068142268806696,
        0.004124355968087912,
        0.0040269456803798676,
        0.0039670392870903015,
        0.00390703696757555,
        0.003991181030869484,
        0.0037793240044265985
    ],
    "train_rmse": [
        0.56263267993927,
        0.08767201006412506,
        0.0796533152461052,
        0.07525169849395752,
        0.07289691269397736,
        0.07006657123565674,
        0.07060275226831436,
        0.06963504105806351,
        0.06929691880941391,
        0.0678853690624237,
        0.06674203276634216,
        0.06995997577905655,
        0.06682401150465012,
        0.06460705399513245,
        0.06711404770612717,
        0.06499114632606506,
        0.063934326171875,
        0.0668102279305458,
        0.062706358730793,
        0.06572021543979645,
        0.06394076347351074,
        0.0637819916009903,
        0.06422115117311478,
        0.06345821917057037,
        0.06298443675041199,
        0.0625062957406044,
        0.06317579746246338,
        0.0614762082695961
    ],
    "train_r2": [
        -13.880702018737793,
        0.6386771202087402,
        0.7017494440078735,
        0.7338011264801025,
        0.7502003908157349,
        0.7692215442657471,
        0.7656759023666382,
        0.772055447101593,
        0.7742636799812317,
        0.7833663821220398,
        0.7906020283699036,
        0.769923210144043,
        0.7900873422622681,
        0.8037844300270081,
        0.7882611751556396,
        0.8014444708824158,
        0.8078494071960449,
        0.7901738882064819,
        0.8151596784591675,
        0.7969647645950317,
        0.8078107237815857,
        0.8087639808654785,
        0.8061214685440063,
        0.810700535774231,
        0.8135166168212891,
        0.8163372278213501,
        0.8123818039894104,
        0.8223407864570618
    ],
    "train_mape": [
        61.31501007080078,
        22.40433692932129,
        20.25535774230957,
        19.572715759277344,
        18.687814712524414,
        18.14726448059082,
        18.38930320739746,
        18.20539665222168,
        17.975248336791992,
        17.827842712402344,
        17.404048919677734,
        18.238656997680664,
        17.63643455505371,
        17.027755737304688,
        17.326961517333984,
        17.08659553527832,
        16.84821128845215,
        17.6868896484375,
        16.54099464416504,
        17.33173942565918,
        17.034147262573242,
        16.8327579498291,
        16.8548526763916,
        16.798336029052734,
        16.605844497680664,
        16.700288772583008,
        16.683794021606445,
        16.431955337524414
    ],
    "train_smape": [
        33.924137115478516,
        19.486156463623047,
        18.136484146118164,
        17.49433708190918,
        16.721240997314453,
        16.23771095275879,
        16.402639389038086,
        16.063064575195312,
        15.815872192382812,
        15.544586181640625,
        15.227371215820312,
        16.004230499267578,
        15.268412590026855,
        14.85555362701416,
        15.25561809539795,
        14.865652084350586,
        14.685249328613281,
        15.328290939331055,
        14.414654731750488,
        14.930562973022461,
        14.740864753723145,
        14.670353889465332,
        14.744872093200684,
        14.560627937316895,
        14.487777709960938,
        14.453347206115723,
        14.48983097076416,
        14.22861385345459
    ],
    "train_explained_variance": [
        -13.875669479370117,
        0.6386778354644775,
        0.7017548084259033,
        0.7338058352470398,
        0.7502007484436035,
        0.7692233324050903,
        0.7656892538070679,
        0.7720632553100586,
        0.7742644548416138,
        0.7833740711212158,
        0.7906028628349304,
        0.769942045211792,
        0.7900941371917725,
        0.8037846088409424,
        0.7882847189903259,
        0.8014485239982605,
        0.8078511953353882,
        0.7901747226715088,
        0.815159797668457,
        0.7969649434089661,
        0.8078106641769409,
        0.8087639808654785,
        0.8061219453811646,
        0.8107005953788757,
        0.8135167956352234,
        0.8163378834724426,
        0.8123842477798462,
        0.8223462104797363
    ],
    "train_peak_error": [
        8.104995727539062,
        0.5350213050842285,
        0.36500275135040283,
        0.37365657091140747,
        0.37398314476013184,
        0.37600624561309814,
        0.3501429557800293,
        0.36391717195510864,
        0.4216321110725403,
        0.3323770761489868,
        0.33393436670303345,
        0.30919820070266724,
        0.37443476915359497,
        0.3436243534088135,
        0.34834063053131104,
        0.348416805267334,
        0.32813459634780884,
        0.3300930857658386,
        0.3437262773513794,
        0.385765016078949,
        0.3035846948623657,
        0.314449667930603,
        0.3744853734970093,
        0.35598522424697876,
        0.3667563199996948,
        0.3068932294845581,
        0.29885005950927734,
        0.3269708752632141
    ],