{
    "train_loss": [
        0.02397361009058873,
        0.004645494246097158,
        0.003799421039961612,
        0.0035335596333627532,
        0.0033982158336277792,
        0.0033054595241006493,
        0.0032155510629364886,
        0.003165930188979642,
        0.003108523519259962,
        0.0030391957712241715,
        0.003019622814959364,
        0.002943504271482808,
        0.002921719349958693,
        0.0028744102293291702,
        0.0028422484430808705,
        0.0027786298214554075,
        0.002742510785430495,
        0.0027045881951677743,
        0.0026411428309461283,
        0.0026138487942347455,
        0.002596791334750789,
        0.002562603627977125
    ],
    "train_mae": [
        0.10353701561689377,
        0.05337172746658325,
        0.04798014834523201,
        0.04617370292544365,
        0.04530894011259079,
        0.044632695615291595,
        0.04398886859416962,
        0.04371434450149536,
        0.04319479316473007,
        0.042694225907325745,
        0.04236701875925064,
        0.04201410338282585,
        0.0418543703854084,
        0.04144032299518585,
        0.04124002158641815,
        0.040694355964660645,
        0.0403156578540802,
        0.040204960852861404,
        0.03966890275478363,
        0.039553459733724594,
        0.039419595152139664,
        0.038990456610918045
    ],
    "train_mse": [
        0.023973610252141953,
        0.004645494278520346,
        0.003799421014264226,
        0.0035335596185177565,
        0.003398215863853693,
        0.00330545986071229,
        0.003215550910681486,
        0.0031659300439059734,
        0.003108523553237319,
        0.003039195667952299,
        0.003019622527062893,
        0.0029435046017169952,
        0.00292171910405159,
        0.002874410478398204,
        0.0028422484174370766,
        0.0027786295395344496,
        0.0027425107546150684,
        0.0027045882306993008,
        0.0026411425787955523,
        0.0026138487737625837,
        0.002596791135147214,
        0.002562603447586298
    ],
    "train_rmse": [
        0.15483413636684418,
        0.0681578665971756,
        0.061639443039894104,
        0.05944375321269035,
        0.05829421803355217,
        0.05749312788248062,
        0.05670582875609398,
        0.05626659840345383,
        0.05575413629412651,
        0.055128902196884155,
        0.05495109036564827,
        0.05425407364964485,
        0.0540529303252697,
        0.05361352860927582,
        0.053312741219997406,
        0.052712708711624146,
        0.05236898735165596,
        0.05200565606355667,
        0.051392048597335815,
        0.05112581327557564,
        0.05095871910452843,
        0.05062216520309448
    ],
    "train_r2": [
        -0.12695610523223877,
        0.7816237211227417,
        0.8213961124420166,
        0.8338937759399414,
        0.8402559757232666,
        0.8446162939071655,
        0.8488427400588989,
        0.8511753678321838,
        0.8538739085197449,
        0.8571329116821289,
        0.8580529689788818,
        0.8616311550140381,
        0.8626552820205688,
        0.8648791313171387,
        0.8663910627365112,
        0.8693816661834717,
        0.8710795044898987,
        0.8728622198104858,
        0.8758446574211121,
        0.8771277070045471,
        0.8779295682907104,
        0.8795366287231445
    ],
    "train_mape": [
        32.060760498046875,
        17.89066505432129,
        16.281143188476562,
        15.630454063415527,
        15.304036140441895,
        15.01891803741455,
        14.797060012817383,
        14.622139930725098,
        14.552825927734375,
        14.19029712677002,
        14.118359565734863,
        13.980247497558594,
        13.894054412841797,
        13.636040687561035,
        13.523975372314453,
        13.415190696716309,
        13.200823783874512,
        13.160443305969238,
        12.945741653442383,
        12.81619930267334,
        12.729851722717285,
        12.692030906677246
    ],
    "train_smape": [
        32.31434631347656,
        15.526348114013672,
        14.121156692504883,
        13.615371704101562,
        13.354061126708984,
        13.17796516418457,
        12.966791152954102,
        12.893854141235352,
        12.741863250732422,
        12.582050323486328,
        12.49482536315918,
        12.38292121887207,
        12.356093406677246,
        12.169068336486816,
        12.154958724975586,
        11.976847648620605,
        11.865596771240234,
        11.831600189208984,
        11.661783218383789,
        11.613943099975586,
        11.543590545654297,
        11.455984115600586
    ],
    "train_explained_variance": [
        -0.06969702243804932,
        0.7816238403320312,
        0.8213980197906494,
        0.8338950872421265,
        0.8402560353279114,
        0.8446165919303894,
        0.8488427400588989,
        0.8511753082275391,
        0.8538739085197449,
        0.8571334481239319,
        0.858058750629425,
        0.8616313934326172,
        0.8626552820205688,
        0.8648803234100342,
        0.8663942217826843,
        0.869382917881012,
        0.871080219745636,
        0.8728622198104858,
        0.8758462071418762,
        0.877128005027771,
        0.8779295682907104,
        0.8795368671417236
    ],
    "train_peak_error": [
        0.9847056865692139,
        0.41226726770401,
        0.35308510065078735,
        0.34565281867980957,
        0.3543282747268677,
        0.34155088663101196,
        0.3249322175979614,
        0.3289410471916199,
        0.30809903144836426,
        0.31774938106536865,
        0.3224538564682007,
        0.3177698850631714,
        0.32266008853912354,
        0.28975772857666016,
        0.3126046657562256,
        0.2886667847633362,
        0.2955130338668823,
        0.27191704511642456,
        0.2963913679122925,
        0.2841717600822449,
        0.2690622806549072,
        0.2858274579048157
    ],
    "val_loss": [
        0.005126787706432368,
        0.0038703411314368464,
        0.003783591627176824,
        0.003624900711814223,
        0.00338051772622807,
        0.0033716310389849138,
        0.0033898867495867203,
        0.0034553769889803564,
        0.003715621795197078,
        0.003557509811286875,
        0.0033001589551300025,
        0.0031856242968305516,
        0.0033287954926088776,
        0.003447386652579625,
        0.003282392175881554,
        0.0032249114386362137,
        0.0032188607138253266,
        0.0032531879193035606,
        0.0033814313433890185,
        0.003487759875937653,
        0.0033482868858217764,
        0.003304330808974856
    ],
    "val_mae": [
        0.05679340288043022,
        0.04930230975151062,
        0.04873406141996384,
        0.04770440608263016,
        0.04600507766008377,
        0.04580064117908478,
        0.04609115049242973,
        0.046453628689050674,
        0.048356082290410995,
        0.047569260001182556,
        0.04569019749760628,
        0.04482964426279068,
        0.045660365372896194,
        0.04608277231454849,
        0.04559217393398285,
        0.044889092445373535,
        0.04523759335279465,
        0.045482534915208817,
        0.04593178629875183,
        0.04721192270517349,
        0.04603215306997299,
        0.04601790010929108
    ],