{
    "train_loss": [
        0.009504273577471828,
        0.004144452403418806,
        0.003748489165542925,
        0.003562249375390619,
        0.0034284298615276107,
        0.0033426547656344873,
        0.0033171340051555247,
        0.0032174292609529883,
        0.003160589250053926,
        0.0031168127834620266,
        0.003057690187162184,
        0.003054534344105287,
        0.003023791383800344,
        0.0029897231683443724,
        0.002965565022639137,
        0.002922952219514595,
        0.0028967861405431554,
        0.0028949779466007643,
        0.0028742961293713007
    ],
    "train_mae": [
        0.07287591695785522,
        0.04983493313193321,
        0.047246698290109634,
        0.046125736087560654,
        0.045198213309049606,
        0.04477124661207199,
        0.04448910057544708,
        0.043779630213975906,
        0.04332534968852997,
        0.043097659945487976,
        0.042768049985170364,
        0.04270394891500473,
        0.04252085089683533,
        0.04225096106529236,
        0.04212184622883797,
        0.04178282618522644,
        0.04175630211830139,
        0.04156104847788811,
        0.04153446853160858
    ],
    "train_mse": [
        0.009504273533821106,
        0.004144452512264252,
        0.0037484890781342983,
        0.0035622494760900736,
        0.0034284298308193684,
        0.003342655021697283,
        0.0033171342220157385,
        0.003217429155483842,
        0.0031605891417711973,
        0.0031168130226433277,
        0.003057690104469657,
        0.0030545343179255724,
        0.0030237913597375154,
        0.0029897228814661503,
        0.0029655650723725557,
        0.0029229524079710245,
        0.0028967862017452717,
        0.002894977806136012,
        0.00287429615855217
    ],
    "train_rmse": [
        0.0974898636341095,
        0.06437741965055466,
        0.06122490391135216,
        0.05968458205461502,
        0.05855279415845871,
        0.05781569704413414,
        0.05759456753730774,
        0.05672238767147064,
        0.05621911585330963,
        0.05582842603325844,
        0.055296383798122406,
        0.05526784062385559,
        0.054989010095596313,
        0.054678358137607574,
        0.05445700138807297,
        0.05406433716416359,
        0.05382180213928223,
        0.053804997354745865,
        0.05361246317625046
    ],
    "train_r2": [
        0.5532212257385254,
        0.8051767349243164,
        0.8237903118133545,
        0.8325451016426086,
        0.8388357162475586,
        0.8428678512573242,
        0.8440675139427185,
        0.8487544655799866,
        0.8514264225959778,
        0.8534842729568481,
        0.8562635183334351,
        0.856411874294281,
        0.8578570485115051,
        0.8594585061073303,
        0.8605941534042358,
        0.8625972867012024,
        0.8638272881507874,
        0.8639123439788818,
        0.8648844957351685
    ],
    "train_mape": [
        23.5443115234375,
        16.577945709228516,
        15.862478256225586,
        15.440797805786133,
        15.179536819458008,
        15.038834571838379,
        14.865756034851074,
        14.61805534362793,
        14.481351852416992,
        14.415578842163086,
        14.20609188079834,
        14.209725379943848,
        14.063243865966797,
        14.035266876220703,
        14.025714874267578,
        13.811882972717285,
        13.821416854858398,
        13.78123950958252,
        13.736839294433594
    ],
    "train_smape": [
        20.582365036010742,
        14.581866264343262,
        13.913726806640625,
        13.56778621673584,
        13.307365417480469,
        13.189156532287598,
        13.112812042236328,
        12.9229097366333,
        12.82157039642334,
        12.734322547912598,
        12.674813270568848,
        12.668778419494629,
        12.575270652770996,
        12.530875205993652,
        12.481658935546875,
        12.390230178833008,
        12.407694816589355,
        12.335434913635254,
        12.348637580871582
    ],
    "train_explained_variance": [
        0.5550887584686279,
        0.8051799535751343,
        0.823792040348053,
        0.8325505256652832,
        0.838836669921875,
        0.8428701162338257,
        0.8440675735473633,
        0.8487544655799866,
        0.8514264822006226,
        0.8534843325614929,
        0.8562638759613037,
        0.856411874294281,
        0.8578569889068604,
        0.8594588041305542,
        0.8605977296829224,
        0.8625980019569397,
        0.8638273477554321,
        0.8639123439788818,
        0.8648854494094849
    ],
    "train_peak_error": [
        0.563935399055481,
        0.4206773638725281,
        0.3420064449310303,
        0.3598891496658325,
        0.3423634171485901,
        0.3245221972465515,
        0.30237990617752075,
        0.33337610960006714,
        0.33210813999176025,
        0.301824688911438,
        0.3079599142074585,
        0.3070603013038635,
        0.3022552728652954,
        0.2948704957962036,
        0.33192014694213867,
        0.2921639084815979,
        0.27802854776382446,
        0.2949215769767761,
        0.29252809286117554
    ],
    "val_loss": [
        0.004249861509599488,
        0.0035989596114808812,
        0.003429606026842547,
        0.0037597682008774377,
        0.0031364195750316058,
        0.003393241553064838,
        0.0030064369336092215,
        0.003187799372562884,
        0.0029057915017625196,
        0.0029670788819077527,
        0.0029759363123557443,
        0.00298359317694985,
        0.0030919787022385668,
        0.003027408740469824,
        0.0030996538941889143,
        0.0029197149947553657,
        0.003014381695203751,
        0.003051695426550808,
        0.0029104293367269336
    ],
    "val_mae": [
        0.05178717151284218,
        0.048249244689941406,
        0.04693777859210968,
        0.04909193888306618,
        0.044841572642326355,
        0.04655414819717407,
        0.04374028742313385,
        0.04454273357987404,
        0.04272494465112686,
        0.0431431420147419,
        0.04292480647563934,
        0.04340268671512604,
        0.043934088200330734,
        0.04362855479121208,
        0.043851811438798904,
        0.042695265263319016,
        0.04347541928291321,
        0.04333186149597168,
        0.042703595012426376
    ],
    "val_mse": [
        0.004249861463904381,
        0.0035989596508443356,
        0.0034296060912311077,
        0.0037597680930048227,
        0.00313641969114542,
        0.0033932412043213844,
        0.0030064370948821306,
        0.003187799360603094,
        0.002905791625380516,
        0.0029670787043869495,
        0.0029759365133941174,
        0.0029835933819413185,
        0.003091978607699275,
        0.003027408616617322,
        0.003099653869867325,
        0.0029197148978710175,
        0.003014381742104888,
        0.003051695181056857,
        0.0029104293789714575
    ],
    "val_rmse": [
        0.06519096344709396,
        0.05999132990837097,
        0.05856283754110336,
        0.061316948384046555,
        0.05600374564528465,
        0.05825153365731239,
        0.05483098700642586,
        0.05646060034632683,
        0.05390539392828941,
        0.05447089672088623,
        0.054552145302295685,
        0.05462227761745453,
        0.05560556426644325,
        0.05502189323306084,
        0.055674534291028976,
        0.054034385830163956,
        0.054903384298086166,
        0.0552421510219574,
        0.05394839495420456
    ],