{
    "train_loss": [
        0.055396478746199115,
        0.004461766982547332,
        0.004029396551155606,
        0.004039318068756871,
        0.0037267580668053192,
        0.0037919864845386577,
        0.0035536075427841846,
        0.003686546155211154,
        0.003594439825358096,
        0.0036083456561698635,
        0.003380188704048684,
        0.003479800062235421,
        0.003331571918526262,
        0.0034294124764063056,
        0.0035466474071698126,
        0.0035194975781329607,
        0.003062744447951803,
        0.0030890638511675075,
        0.0031667474170359805,
        0.0030985772658747414
    ],
    "train_mae": [
        0.0797933042049408,
        0.052394088357686996,
        0.049676526337862015,
        0.04972635209560394,
        0.04745187982916832,
        0.04793039336800575,
        0.046464961022138596,
        0.047316256910562515,
        0.0469486378133297,
        0.04643191024661064,
        0.04495106264948845,
        0.04585384204983711,
        0.04471985623240471,
        0.04539968818426132,
        0.04637354239821434,
        0.04611491039395332,
        0.04274286329746246,
        0.04295650124549866,
        0.04359805956482887,
        0.043294403702020645
    ],
    "train_mse": [
        0.05539648234844208,
        0.0044617666862905025,
        0.004029396455734968,
        0.004039317835122347,
        0.0037267578300088644,
        0.0037919869646430016,
        0.0035536072682589293,
        0.0036865463480353355,
        0.003594439709559083,
        0.0036083455197513103,
        0.003380188485607505,
        0.0034798001870512962,
        0.003331572050228715,
        0.0034294126089662313,
        0.003546647261828184,
        0.0035194975789636374,
        0.003062744392082095,
        0.0030890638008713722,
        0.0031667472794651985,
        0.0030985772609710693
    ],
    "train_rmse": [
        0.23536457121372223,
        0.06679645925760269,
        0.063477523624897,
        0.06355562806129456,
        0.06104717776179314,
        0.06157911196351051,
        0.05961214005947113,
        0.060716934502124786,
        0.05995364487171173,
        0.060069505125284195,
        0.058139387518167496,
        0.05898983031511307,
        0.057719770818948746,
        0.058561187237501144,
        0.059553734958171844,
        0.05932535231113434,
        0.055342067033052444,
        0.05557934567332268,
        0.05627385899424553,
        0.05566486716270447
    ],
    "train_r2": [
        -1.604088544845581,
        0.7902604341506958,
        0.8105853796005249,
        0.8101189136505127,
        0.8248118162155151,
        0.8217455148696899,
        0.8329513072967529,
        0.8267021179199219,
        0.8310319185256958,
        0.8303781747817993,
        0.8411034345626831,
        0.8364208936691284,
        0.8433887958526611,
        0.8387895226478577,
        0.8332785367965698,
        0.8345547914505005,
        0.8560259342193604,
        0.8547886610031128,
        0.8511369228363037,
        0.854341447353363
    ],
    "train_mape": [
        26.14125633239746,
        17.458784103393555,
        16.765348434448242,
        16.610681533813477,
        15.928509712219238,
        15.988106727600098,
        15.61751651763916,
        15.666994094848633,
        15.59641170501709,
        15.501038551330566,
        14.978875160217285,
        15.196673393249512,
        14.981822967529297,
        15.24455738067627,
        15.386229515075684,
        15.276205062866211,
        14.129534721374512,
        14.141881942749023,
        14.37228775024414,
        14.26530647277832
    ],
    "train_smape": [
        19.794580459594727,
        15.34593391418457,
        14.67895221710205,
        14.58853816986084,
        13.981090545654297,
        14.08735466003418,
        13.72248649597168,
        13.933425903320312,
        13.786736488342285,
        13.667146682739258,
        13.201122283935547,
        13.519927978515625,
        13.228544235229492,
        13.347679138183594,
        13.616159439086914,
        13.567571640014648,
        12.64175796508789,
        12.650558471679688,
        12.854763984680176,
        12.749290466308594
    ],
    "train_explained_variance": [
        -1.6003508567810059,
        0.7902622818946838,
        0.8105869293212891,
        0.8101240396499634,
        0.8248121738433838,
        0.8217504024505615,
        0.832952618598938,
        0.8267059326171875,
        0.8310331106185913,
        0.8303815722465515,
        0.8411034345626831,
        0.8364228010177612,
        0.8433903455734253,
        0.8387908935546875,
        0.8332785367965698,
        0.8345571160316467,
        0.8560261726379395,
        0.8547889590263367,
        0.8511370420455933,
        0.8543437719345093
    ],
    "train_peak_error": [
        4.209731578826904,
        0.38360798358917236,
        0.3683885335922241,
        0.33325380086898804,
        0.3373943567276001,
        0.3333841562271118,
        0.29880470037460327,
        0.35642868280410767,
        0.2855270504951477,
        0.36555010080337524,
        0.3137487769126892,
        0.3199189305305481,
        0.4043811559677124,
        0.34534475207328796,
        0.33468204736709595,
        0.31440436840057373,
        0.3204957842826843,
        0.3073277473449707,
        0.33583903312683105,
        0.30758750438690186
    ],
    "val_loss": [
        0.0037527378684030378,
        0.003681683656056043,
        0.003776694485120368,
        0.003440772449302909,
        0.002949478693721856,
        0.0033048199512493268,
        0.0033299963344424533,
        0.0035194980006048576,
        0.003055089456565249,
        0.0032061893167309196,
        0.003405573294404224,
        0.0031925179302799618,
        0.003269836177057821,
        0.0032501644231111024,
        0.003918382498375375,
        0.0030278553035137036,
        0.0030290400478050865,
        0.0033241674503338317,
        0.0031663666897044657,
        0.003472812212836131
    ],
    "val_mae": [
        0.048268936574459076,
        0.047402072697877884,
        0.048686884343624115,
        0.04609180614352226,
        0.043118420988321304,
        0.045363083481788635,
        0.04614093527197838,
        0.04759812727570534,
        0.04380083084106445,
        0.044685833156108856,
        0.046177253127098083,
        0.04482853785157204,
        0.04541661962866783,
        0.04534332454204559,
        0.05006842687726021,
        0.04375370964407921,
        0.043989263474941254,
        0.046350229531526566,
        0.0446055606007576,
        0.04625806212425232
    ],
    "val_mse": [
        0.003752737771719694,
        0.0036816836800426245,
        0.0037766944151371717,
        0.0034407724160701036,
        0.0029494785703718662,
        0.0033048198092728853,
        0.0033299962524324656,
        0.0035194980446249247,
        0.0030550893861800432,
        0.003206189488992095,
        0.003405573545023799,
        0.0031925179064273834,
        0.003269836073741317,
        0.003250164445489645,
        0.003918382339179516,
        0.0030278554186224937,
        0.0030290400609374046,
        0.0033241675700992346,
        0.0031663666013628244,
        0.003472812008112669
    ],
    "val_rmse": [
        0.061259593814611435,
        0.060676880180835724,
        0.06145481765270233,
        0.05865809693932533,
        0.05430910363793373,
        0.05748756229877472,
        0.05770612135529518,
        0.05932535603642464,
        0.05527286231517792,
        0.056623224169015884,
        0.05835729092359543,
        0.05650237202644348,
        0.05718247964978218,
        0.057010214775800705,
        0.06259698420763016,
        0.05502595379948616,
        0.05503671616315842,
        0.05765559524297714,
        0.056270476430654526,
        0.058930568397045135
    ],