{
    "train_loss": [
        0.029747286826101615,
        0.004903860991060329,
        0.00461710311669849,
        0.004537331770426195,
        0.003941891076890431,
        0.004149451503818041,
        0.003931030353297794,
        0.0038102286826960235,
        0.0038583896210549417,
        0.0037754940359734984,
        0.0037248548632760974,
        0.00391400573279553,
        0.0036165329386742863,
        0.0036401446434262004,
        0.0036636016133242107,
        0.003679095483346976,
        0.00372564167559549,
        0.003640710392227082,
        0.0037113331645338725,
        0.0037369422180693226,
        0.003677256180481321,
        0.0036321597137153046,
        0.0035594992411102843,
        0.0036875051560142117,
        0.003746907202035381,
        0.0036770818775502794,
        0.0036187449915297924,
        0.003572525510032599,
        0.003462396824834462,
        0.0035165216082839743,
        0.003512895776864387,
        0.0035704933109578863,
        0.003466200009537163,
        0.003588777945119369
    ],
    "train_mae": [
        0.07901565730571747,
        0.054853007197380066,
        0.0532526858150959,
        0.05263487622141838,
        0.048840221017599106,
        0.050180599093437195,
        0.04873775318264961,
        0.04769834503531456,
        0.0484040342271328,
        0.04783184081315994,
        0.04748557135462761,
        0.04873819276690483,
        0.04684494435787201,
        0.04670978710055351,
        0.04703590273857117,
        0.04729240760207176,
        0.04751749709248543,
        0.04687727242708206,
        0.047067273408174515,
        0.047445688396692276,
        0.047181177884340286,
        0.04691306874155998,
        0.04629765450954437,
        0.04722943156957626,
        0.047572240233421326,
        0.04712402820587158,
        0.0466892309486866,
        0.04651044309139252,
        0.04576271399855614,
        0.04627922922372818,
        0.04602624475955963,
        0.04620924964547157,
        0.04549020156264305,
        0.046366628259420395
    ],
    "train_mse": [
        0.029747286811470985,
        0.004903861321508884,
        0.004617102909833193,
        0.004537331871688366,
        0.00394189078360796,
        0.0041494513861835,
        0.003931030165404081,
        0.003810228779911995,
        0.003858389565721154,
        0.0037754939403384924,
        0.003724854439496994,
        0.003914006054401398,
        0.0036165330093353987,
        0.0036401445977389812,
        0.0036636015865951777,
        0.003679095534607768,
        0.0037256416399031878,
        0.003640710609033704,
        0.0037113334983587265,
        0.003736942308023572,
        0.0036772561725229025,
        0.003632159670814872,
        0.003559499280527234,
        0.003687505377456546,
        0.003746907226741314,
        0.0036770820152014494,
        0.003618745133280754,
        0.003572525456547737,
        0.0034623967949301004,
        0.0035165215376764536,
        0.0035128958988934755,
        0.003570493310689926,
        0.0034662000834941864,
        0.003588777966797352
    ],
    "train_rmse": [
        0.17247401177883148,
        0.07002757489681244,
        0.06794926524162292,
        0.06735972315073013,
        0.06278447806835175,
        0.06441623717546463,
        0.06269792467355728,
        0.06172705069184303,
        0.06211593747138977,
        0.061445049941539764,
        0.061031587421894073,
        0.0625620186328888,
        0.06013761833310127,
        0.06033360958099365,
        0.06052769348025322,
        0.06065554916858673,
        0.06103803589940071,
        0.060338299721479416,
        0.06092071533203125,
        0.06113053485751152,
        0.06064038351178169,
        0.06026739999651909,
        0.059661541134119034,
        0.060724832117557526,
        0.06121198460459709,
        0.060638949275016785,
        0.06015600636601448,
        0.0597706064581871,
        0.05884213373064995,
        0.059300266206264496,
        0.05926968902349472,
        0.05975360423326492,
        0.05887444317340851,
        0.05990641191601753
    ],
    "train_r2": [
        -0.39836621284484863,
        0.7694783210754395,
        0.7829583287239075,
        0.7867082357406616,
        0.8146988153457642,
        0.8049417734146118,
        0.8152093887329102,
        0.8208880424499512,
        0.8186240792274475,
        0.8225208520889282,
        0.8249013423919678,
        0.8160096406936646,
        0.8299933075904846,
        0.8288834095001221,
        0.8277807235717773,
        0.8270523548126221,
        0.8248643279075623,
        0.8288567662239075,
        0.8255369067192078,
        0.8243330717086792,
        0.8271388411521912,
        0.8292587399482727,
        0.8326743841171265,
        0.8266570568084717,
        0.8238646388053894,
        0.8271470069885254,
        0.8298893570899963,
        0.8320620059967041,
        0.8372389674186707,
        0.8346946835517883,
        0.8348650932312012,
        0.832157552242279,
        0.8370602130889893,
        0.8312980532646179
    ],
    "train_mape": [
        25.34402084350586,
        18.375776290893555,
        17.804319381713867,
        17.573596954345703,
        16.54245376586914,
        16.766521453857422,
        16.469751358032227,
        15.847691535949707,
        16.06632423400879,
        15.99415397644043,
        15.891530990600586,
        16.308094024658203,
        15.67880630493164,
        15.667876243591309,
        15.67965030670166,
        15.84927749633789,
        15.9694242477417,
        15.598408699035645,
        15.831750869750977,
        16.04395294189453,
        15.759878158569336,
        15.676318168640137,
        15.448384284973145,
        16.025470733642578,
        16.02706527709961,
        15.921415328979492,
        15.682770729064941,
        15.779335975646973,
        15.508421897888184,
        15.728425979614258,
        15.51689624786377,
        15.580911636352539,
        15.240880966186523,
        15.681303977966309
    ],
    "train_smape": [
        20.90587043762207,
        15.997264862060547,
        15.5217866897583,
        15.381468772888184,
        14.427639961242676,
        14.714611053466797,
        14.327558517456055,
        14.014707565307617,
        14.18886661529541,
        14.145487785339355,
        13.928656578063965,
        14.271378517150879,
        13.795357704162598,
        13.800581932067871,
        13.888181686401367,
        13.968997955322266,
        14.02141284942627,
        13.771512031555176,
        13.892440795898438,
        14.034110069274902,
        13.922450065612793,
        13.890947341918945,
        13.743851661682129,
        13.999448776245117,
        14.076748847961426,
        13.963213920593262,
        13.829151153564453,
        13.780538558959961,
        13.571922302246094,
        13.727407455444336,
        13.628606796264648,
        13.693658828735352,
        13.489124298095703,
        13.753284454345703
    ],