{
    "train_loss": [
        0.01665565089195828,
        0.005100532641317295,
        0.004467224499393143,
        0.0040763769051625365,
        0.0039862162026908215,
        0.0038286358009024233,
        0.003776798884390015,
        0.0036338302310314364,
        0.003580731633705046,
        0.0035243845866414917,
        0.0035107082884054727,
        0.0034695192808683007,
        0.0033618293182277213,
        0.003325991961862371,
        0.0033152907843897583,
        0.003225683237659966,
        0.0032116886048682443,
        0.0031489713917287974,
        0.0031053636922775524,
        0.0030777275847181694,
        0.0030641675810878935,
        0.003048028488301443,
        0.0029990046899204086,
        0.003042918273637607,
        0.002942125548949768
    ],
    "train_mae": [
        0.09058324992656708,
        0.056020043790340424,
        0.05237026885151863,
        0.05007819086313248,
        0.049414120614528656,
        0.048384469002485275,
        0.047993287444114685,
        0.047066714614629745,
        0.04672922194004059,
        0.046315502375364304,
        0.046101294457912445,
        0.045808371156454086,
        0.04519765451550484,
        0.04485536739230156,
        0.04488897696137428,
        0.04433992877602577,
        0.0440690778195858,
        0.0436876155436039,
        0.043498482555150986,
        0.04327385500073433,
        0.043081242591142654,
        0.042965225875377655,
        0.04254394769668579,
        0.04294127598404884,
        0.04222303256392479
    ],
    "train_mse": [
        0.01665564812719822,
        0.005100532900542021,
        0.004467224236577749,
        0.004076376557350159,
        0.003986216615885496,
        0.0038286354392766953,
        0.0037767987232655287,
        0.0036338302306830883,
        0.0035807318054139614,
        0.003524384694173932,
        0.0035107082221657038,
        0.0034695190843194723,
        0.00336182932369411,
        0.0033259920310229063,
        0.003315290668979287,
        0.0032256830018013716,
        0.0032116887159645557,
        0.0031489713583141565,
        0.0031053635757416487,
        0.003077727509662509,
        0.0030641674529761076,
        0.003048028564080596,
        0.002999004675075412,
        0.003042918397113681,
        0.002942125778645277
    ],
    "train_rmse": [
        0.12905676662921906,
        0.07141801714897156,
        0.06683729588985443,
        0.06384650617837906,
        0.0631364956498146,
        0.06187596917152405,
        0.06145566329360008,
        0.06028125807642937,
        0.059839215129613876,
        0.05936652794480324,
        0.05925123021006584,
        0.05890262499451637,
        0.057981282472610474,
        0.05767141282558441,
        0.05757855996489525,
        0.05679509788751602,
        0.05667176470160484,
        0.05611569434404373,
        0.055725790560245514,
        0.05547726899385452,
        0.055354923009872437,
        0.0552089549601078,
        0.05476316809654236,
        0.05516265332698822,
        0.0542413666844368
    ],
    "train_r2": [
        0.2170480489730835,
        0.7602331638336182,
        0.7900038361549377,
        0.8083769083023071,
        0.812615156173706,
        0.8200227618217468,
        0.8224595189094543,
        0.8291802406311035,
        0.8316762447357178,
        0.8343250751495361,
        0.8349679708480835,
        0.8369041681289673,
        0.841966450214386,
        0.8436511158943176,
        0.8441541790962219,
        0.8483664989471436,
        0.8490242958068848,
        0.8519725203514099,
        0.8540225028991699,
        0.8553215861320496,
        0.8559589982032776,
        0.8567177057266235,
        0.8590222001075745,
        0.8569579124450684,
        0.8616960048675537
    ],
    "train_mape": [
        28.46141815185547,
        18.68022346496582,
        17.32168197631836,
        16.836654663085938,
        16.47224235534668,
        16.384973526000977,
        16.253849029541016,
        15.81458568572998,
        15.681888580322266,
        15.589435577392578,
        15.449078559875488,
        15.233977317810059,
        15.129798889160156,
        15.015641212463379,
        14.905062675476074,
        14.843052864074707,
        14.629003524780273,
        14.569671630859375,
        14.361410140991211,
        14.345438957214355,
        14.364364624023438,
        14.268192291259766,
        14.036276817321777,
        14.208724021911621,
        13.984264373779297
    ],
    "train_smape": [
        27.42357635498047,
        16.35834503173828,
        15.367563247680664,
        14.797046661376953,
        14.55038833618164,
        14.276835441589355,
        14.213274002075195,
        13.910478591918945,
        13.844038963317871,
        13.705855369567871,
        13.629984855651855,
        13.536660194396973,
        13.409911155700684,
        13.28548526763916,
        13.307147026062012,
        13.172144889831543,
        13.049400329589844,
        12.926816940307617,
        12.895181655883789,
        12.836448669433594,
        12.79875373840332,
        12.780671119689941,
        12.622440338134766,
        12.729377746582031,
        12.536115646362305
    ],
    "train_explained_variance": [
        0.23497545719146729,
        0.7602417469024658,
        0.790007472038269,
        0.8083770275115967,
        0.8126181960105896,
        0.8200234174728394,
        0.8224596977233887,
        0.8291801810264587,
        0.8316767811775208,
        0.8343251347541809,
        0.8349683284759521,
        0.8369042277336121,
        0.8419665098190308,
        0.8436511754989624,
        0.8441557288169861,
        0.8483668565750122,
        0.8490259051322937,
        0.8519725799560547,
        0.854022741317749,
        0.8553217053413391,
        0.8559591174125671,
        0.8567180633544922,
        0.8590253591537476,
        0.8569583892822266,
        0.8616960644721985
    ],
    "train_peak_error": [
        1.0005955696105957,
        0.4666828513145447,
        0.3659747838973999,
        0.3920741081237793,
        0.33816051483154297,
        0.37971508502960205,
        0.3563738465309143,
        0.3391401171684265,
        0.33514291048049927,
        0.3514478802680969,
        0.3643168807029724,
        0.3599070906639099,
        0.37192171812057495,
        0.32364797592163086,
        0.3478167653083801,
        0.33996766805648804,
        0.33730244636535645,
        0.32621514797210693,
        0.27310025691986084,
        0.31909823417663574,
        0.29902827739715576,
        0.28801995515823364,
        0.29480981826782227,
        0.29102402925491333,
        0.276001513004303
    ],
    "val_loss": [
        0.005318688808290436,
        0.003945272096714152,
        0.0034656361260337475,
        0.0032504841033369303,
        0.0036338861584797395,
        0.0032700018519569163,
        0.0031855745696656996,
        0.003246496704812396,
        0.0031895176941033106,
        0.0031851314986124633,
        0.003166389428112629,
        0.003169914323136398,
        0.0031098738370677658,
        0.0032002769215635474,
        0.0030909375901997304,
        0.0032226783615744692,
        0.003438016759171385,
        0.0031666355372051433,
        0.00317801692720717,
        0.003204586278251875,
        0.00323819918206243,
        0.003298285651529918,
        0.00335228504824097,
        0.0034215871769291677,
        0.003354707191942809
    ],