{
    "train_loss": [
        1.0959023370166678,
        0.01073903782991612,
        0.007156400749827933,
        0.00690879888216475,
        0.006195742114289389,
        0.006032287198209865,
        0.006273368154643306,
        0.006100812600700478,
        0.00590672094115188,
        0.005505760792620966,
        0.005292696241935268,
        0.005069472067832384,
        0.005068783550546802,
        0.004786191457851011,
        0.005419687922224651,
        0.00540019426377899,
        0.005057565971601457,
        0.0049473830999947795,
        0.005119475317446457,
        0.005828664171663682,
        0.012675455510607728
    ],
    "train_mae": [
        0.35062167048454285,
        0.08079202473163605,
        0.06662566214799881,
        0.0655360296368599,
        0.062056589871644974,
        0.06105981767177582,
        0.06227108836174011,
        0.0614498071372509,
        0.06005251780152321,
        0.05837356299161911,
        0.057236261665821075,
        0.055912528187036514,
        0.05623264238238335,
        0.05448194965720177,
        0.057162027806043625,
        0.05740172788500786,
        0.0558776780962944,
        0.055333469063043594,
        0.05594080686569214,
        0.05817175284028053,
        0.07813040912151337
    ],
    "train_mse": [
        1.095902442932129,
        0.01073903776705265,
        0.007156400475651026,
        0.006908799055963755,
        0.006195741705596447,
        0.006032287143170834,
        0.006273368373513222,
        0.006100811995565891,
        0.005906721111387014,
        0.005505760665982962,
        0.005292696412652731,
        0.005069471895694733,
        0.005068783648312092,
        0.0047861915081739426,
        0.005419687833636999,
        0.0054001943208277225,
        0.005057565867900848,
        0.00494738295674324,
        0.005119475536048412,
        0.005828664172440767,
        0.012675455771386623
    ],
    "train_rmse": [
        1.0468535423278809,
        0.10362932831048965,
        0.08459550887346268,
        0.08311918377876282,
        0.07871303707361221,
        0.07766780257225037,
        0.07920459657907486,
        0.07810769230127335,
        0.07685519754886627,
        0.0742008164525032,
        0.07275091856718063,
        0.07120022177696228,
        0.07119539380073547,
        0.06918230652809143,
        0.07361853122711182,
        0.07348601520061493,
        0.07111656665802002,
        0.07033763825893402,
        0.07155051082372665,
        0.07634568959474564,
        0.11258532851934433
    ],
    "train_r2": [
        -50.51639175415039,
        0.4951772093772888,
        0.6635905504226685,
        0.6752297878265381,
        0.7087494134902954,
        0.716433048248291,
        0.7051002979278564,
        0.7132118344306946,
        0.722335696220398,
        0.7411841154098511,
        0.7511999011039734,
        0.7616932392120361,
        0.761725664138794,
        0.7750097513198853,
        0.7452302575111389,
        0.7461466193199158,
        0.762252926826477,
        0.767432451248169,
        0.7593426704406738,
        0.7260050177574158,
        0.40414977073669434
    ],
    "train_mape": [
        117.1547622680664,
        27.507888793945312,
        21.702369689941406,
        21.186107635498047,
        20.1893253326416,
        19.8450984954834,
        20.265636444091797,
        20.081893920898438,
        19.78980827331543,
        19.168046951293945,
        18.99795150756836,
        18.573711395263672,
        18.515195846557617,
        18.03927993774414,
        19.01576042175293,
        19.10626220703125,
        18.386415481567383,
        18.29610252380371,
        18.519166946411133,
        18.74175453186035,
        25.90127944946289
    ],
    "train_smape": [
        48.77103042602539,
        22.38096046447754,
        19.18785285949707,
        18.98277473449707,
        17.937124252319336,
        17.634422302246094,
        17.921499252319336,
        17.778606414794922,
        17.386911392211914,
        16.95753288269043,
        16.700483322143555,
        16.287044525146484,
        16.343015670776367,
        15.861390113830566,
        16.715993881225586,
        16.64263916015625,
        16.24673843383789,
        15.976134300231934,
        16.17656707763672,
        16.732250213623047,
        22.819229125976562
    ],
    "train_explained_variance": [
        -50.46171188354492,
        0.49517732858657837,
        0.6635921001434326,
        0.6752303838729858,
        0.7087497711181641,
        0.7164331674575806,
        0.7051030397415161,
        0.7132134437561035,
        0.7223411798477173,
        0.7411843538284302,
        0.7512035369873047,
        0.7616941928863525,
        0.7617335319519043,
        0.7750098705291748,
        0.7452422380447388,
        0.7461478114128113,
        0.7622566819190979,
        0.7674376964569092,
        0.7593460083007812,
        0.7260215878486633,
        0.40655773878097534
    ],
    "train_peak_error": [
        17.97875213623047,
        0.5896518230438232,
        0.4789051413536072,
        0.4779580533504486,
        0.4421806335449219,
        0.5050140023231506,
        0.43470871448516846,
        0.4691755175590515,
        0.4870249927043915,
        0.4604511857032776,
        0.4619761109352112,
        0.40336018800735474,
        0.4496155381202698,
        0.4754786491394043,
        0.4132956862449646,
        0.48327213525772095,
        0.491180956363678,
        0.375108003616333,
        0.42315804958343506,
        0.42258286476135254,
        0.6962018013000488
    ],
    "val_loss": [
        0.016353104475671225,
        0.0090638088739122,
        0.004987217530393772,
        0.005574188929774779,
        0.007381279075638853,
        0.008429121115117622,
        0.004448512985953968,
        0.015742051279802115,
        0.0056679970486987405,
        0.004212247633355127,
        0.003787310148904221,
        0.004820433434219562,
        0.004889043336801177,
        0.005676679787420326,
        0.04155325388200849,
        0.0038925428426549802,
        0.004669980351819838,
        0.004490046995229644,
        0.004428301104377928,
        0.0045093875382390385,
        0.005800952367993782
    ],
    "val_mae": [
        0.10658702254295349,
        0.07796809822320938,
        0.05598750337958336,
        0.0601411871612072,
        0.07015138119459152,
        0.07633286714553833,
        0.052978962659835815,
        0.11148836463689804,
        0.06010640412569046,
        0.05108090117573738,
        0.048592206090688705,
        0.054796136915683746,
        0.056094951927661896,
        0.06072348728775978,
        0.19221755862236023,
        0.049393344670534134,
        0.05425455421209335,
        0.05313997343182564,
        0.05258069932460785,
        0.05309538170695305,
        0.06012897193431854
    ],
    "val_mse": [
        0.016353106126189232,
        0.009063808247447014,
        0.004987217951565981,
        0.005574188660830259,
        0.007381279021501541,
        0.008429121226072311,
        0.00444851303473115,
        0.015742050483822823,
        0.005667997058480978,
        0.004212247673422098,
        0.0037873098626732826,
        0.004820433910936117,
        0.004889043513685465,
        0.005676679313182831,
        0.041553251445293427,
        0.0038925427943468094,
        0.004669979680329561,
        0.004490046761929989,
        0.004428301006555557,
        0.0045093875378370285,
        0.005800952669233084
    ],