{
    "train_loss": [
        0.0149629749413972,
        0.005330324132960472,
        0.004478829080154906,
        0.004979036668637511,
        0.004557803339869494,
        0.004440123640362941,
        0.004358549031895993,
        0.004374212772372262,
        0.004562554469925684,
        0.004406329387144439,
        0.00440313465343843,
        0.004393234854228155,
        0.00428494097584457,
        0.004529074601870747,
        0.004461156330096578,
        0.004256009663462584,
        0.00434440398849877,
        0.004387753218523228,
        0.0042632181042899,
        0.004208696011223635,
        0.004433842008822597,
        0.004262451521172521
    ],
    "train_mae": [
        0.07445253431797028,
        0.057573605328798294,
        0.05216435343027115,
        0.05498596653342247,
        0.052744824439287186,
        0.05190495029091835,
        0.05179654061794281,
        0.05178072303533554,
        0.052953895181417465,
        0.051974255591630936,
        0.05194946750998497,
        0.05180603638291359,
        0.05108189582824707,
        0.05302209407091141,
        0.052445583045482635,
        0.05085887387394905,
        0.051417622715234756,
        0.05193186178803444,
        0.05097361281514168,
        0.05069141089916229,
        0.05204278603196144,
        0.050915446132421494
    ],
    "train_mse": [
        0.014962974935770035,
        0.005330324172973633,
        0.004478828981518745,
        0.004979036748409271,
        0.004557803738862276,
        0.0044401236809790134,
        0.004358549602329731,
        0.004374212585389614,
        0.004562554880976677,
        0.004406329710036516,
        0.004403134807944298,
        0.004393234848976135,
        0.004284940659999847,
        0.004529074300080538,
        0.004461156670004129,
        0.004256009589880705,
        0.0043444037437438965,
        0.004387753549963236,
        0.004263218026608229,
        0.004208696540445089,
        0.004433841910213232,
        0.00426245154812932
    ],
    "train_rmse": [
        0.12232323735952377,
        0.07300906628370285,
        0.06692405045032501,
        0.07056228816509247,
        0.06751150637865067,
        0.06663425266742706,
        0.06601931154727936,
        0.06613782793283463,
        0.06754668802022934,
        0.06638018786907196,
        0.0663561224937439,
        0.06628148257732391,
        0.06545946002006531,
        0.06729839742183685,
        0.06679189205169678,
        0.0652380958199501,
        0.06591209024190903,
        0.06624011695384979,
        0.0652933195233345,
        0.06487447023391724,
        0.06658709794282913,
        0.06528745591640472
    ],
    "train_r2": [
        0.2966175675392151,
        0.7494311332702637,
        0.7894583344459534,
        0.7659444808959961,
        0.7857459187507629,
        0.7912778258323669,
        0.7951124906539917,
        0.7943761348724365,
        0.7855225205421448,
        0.7928664088249207,
        0.7930165529251099,
        0.7934819459915161,
        0.7985726594924927,
        0.787096381187439,
        0.790289044380188,
        0.7999326586723328,
        0.795777440071106,
        0.7937396168708801,
        0.7995938062667847,
        0.8021568059921265,
        0.7915730476379395,
        0.799629807472229
    ],
    "train_mape": [
        24.2896728515625,
        19.149507522583008,
        17.496976852416992,
        18.409738540649414,
        17.79827308654785,
        17.480361938476562,
        17.77517318725586,
        17.74539566040039,
        18.145061492919922,
        17.70332908630371,
        17.91752815246582,
        17.845884323120117,
        17.449764251708984,
        18.140926361083984,
        18.14318084716797,
        17.429595947265625,
        17.821277618408203,
        17.904237747192383,
        17.466854095458984,
        17.471622467041016,
        17.791561126708984,
        17.799833297729492
    ],
    "train_smape": [
        20.78476905822754,
        16.719539642333984,
        15.26490592956543,
        15.960391998291016,
        15.42364501953125,
        15.160696029663086,
        15.293994903564453,
        15.243792533874512,
        15.541237831115723,
        15.274182319641113,
        15.271711349487305,
        15.272876739501953,
        15.084193229675293,
        15.565593719482422,
        15.472369194030762,
        15.054966926574707,
        15.236918449401855,
        15.36130428314209,
        15.048086166381836,
        14.99509048461914,
        15.311673164367676,
        15.114471435546875
    ],
    "train_explained_variance": [
        0.29675084352493286,
        0.749477744102478,
        0.7894613742828369,
        0.7659817337989807,
        0.7857480049133301,
        0.7912830114364624,
        0.7951142191886902,
        0.7943764925003052,
        0.7855285406112671,
        0.7928669452667236,
        0.7930166125297546,
        0.7934821844100952,
        0.7985735535621643,
        0.7870973348617554,
        0.7902894616127014,
        0.7999335527420044,
        0.795777440071106,
        0.7937400341033936,
        0.7995938658714294,
        0.8021572828292847,
        0.7915745973587036,
        0.7996298670768738
    ],
    "train_peak_error": [
        1.635896921157837,
        0.3679272532463074,
        0.3504899740219116,
        0.3656141757965088,
        0.39910614490509033,
        0.3476443886756897,
        0.38275378942489624,
        0.34173017740249634,
        0.36492258310317993,
        0.3867795467376709,
        0.355729341506958,
        0.3810502290725708,
        0.3459970951080322,
        0.35058683156967163,
        0.38155287504196167,
        0.35865652561187744,
        0.38432788848876953,
        0.40777063369750977,
        0.3993692398071289,
        0.35456734895706177,
        0.3539963960647583,
        0.3962284326553345
    ],
    "val_loss": [
        0.005581514584369582,
        0.005085116804865517,
        0.004053743411954358,
        0.0036014816691603163,
        0.0035804362093574175,
        0.0036272853935847608,
        0.004810006776221579,
        0.004299269125079937,
        0.00420369813761426,
        0.004125372255857525,
        0.0038618773619289236,
        0.0034816126167948403,
        0.005891558244395599,
        0.0038450880010156697,
        0.004033471772366826,
        0.004104107738934833,
        0.004357918335841767,
        0.003862235545542547,
        0.003513849788452599,
        0.004119284096636254,
        0.004246852277416281,
        0.003908515713418827
    ],
    "val_mae": [
        0.059723805636167526,
        0.05715157836675644,
        0.05030845105648041,
        0.048081766813993454,
        0.047106776386499405,
        0.04784629866480827,
        0.054634347558021545,
        0.05134405568242073,
        0.05124814808368683,
        0.05081644281744957,
        0.04875742644071579,
        0.04628834128379822,
        0.061671771109104156,
        0.04873249679803848,
        0.050745680928230286,
        0.05111386254429817,
        0.05266847833991051,
        0.04915371537208557,
        0.04642859101295471,
        0.050173066556453705,
        0.050427839159965515,
        0.048887643963098526
    ],
    "val_mse": [
        0.005581514444202185,
        0.005085116717964411,
        0.004053743090480566,
        0.0036014816723763943,
        0.0035804363433271646,
        0.003627285361289978,
        0.004810006823390722,
        0.0042992690578103065,
        0.004203698132187128,
        0.004125372041016817,
        0.003861877368763089,
        0.003481612540781498,
        0.0058915577828884125,
        0.003845087718218565,
        0.0040334719233214855,
        0.004104107618331909,
        0.004357918165624142,
        0.003862235462293029,
        0.0035138495732098818,
        0.004119283985346556,
        0.004246852360665798,
        0.0039085159078240395
    ],