{
    "train_loss": [
        0.013502400502887719,
        0.004250819953841261,
        0.0038018836143023263,
        0.0036249622327829394,
        0.0035102430155265177,
        0.0034307598440285907,
        0.003371622359242073,
        0.003338899001934038,
        0.0032436687535780926,
        0.0032575606270247894,
        0.0031289414016118116,
        0.0031189374976817916,
        0.003083585435996193,
        0.0030312664221188927,
        0.003035691205796083,
        0.002953521736880057,
        0.0029387665046836644,
        0.0028997967405539893,
        0.002893558000275493,
        0.0028262523563950866,
        0.0028137288477869025,
        0.0028293111840354546,
        0.0027832336250211563,
        0.002737225729074779,
        0.0027645570636528733,
        0.0027378021823509196,
        0.0027364960150609483,
        0.0026543720128194325,
        0.002526508702236603,
        0.002512124943199567,
        0.002510160071303064,
        0.002507512767497797
    ],
    "train_mae": [
        0.08146072179079056,
        0.05087919160723686,
        0.04788637161254883,
        0.04669169336557388,
        0.04583737254142761,
        0.045481231063604355,
        0.0449441522359848,
        0.04480801895260811,
        0.04397381842136383,
        0.04415168985724449,
        0.043148238211870193,
        0.043134063482284546,
        0.042908091098070145,
        0.042438287287950516,
        0.04256805405020714,
        0.041910089552402496,
        0.041887443512678146,
        0.04158349707722664,
        0.04153307154774666,
        0.04091988503932953,
        0.04092385619878769,
        0.04095141962170601,
        0.040647950023412704,
        0.04050081595778465,
        0.04059671238064766,
        0.04031096026301384,
        0.0402940958738327,
        0.039629921317100525,
        0.03850420191884041,
        0.03844622150063515,
        0.03839960694313049,
        0.03837459906935692
    ],
    "train_mse": [
        0.013502401299774647,
        0.00425081979483366,
        0.0038018838968127966,
        0.0036249621771275997,
        0.003510243259370327,
        0.0034307597670704126,
        0.0033716224133968353,
        0.003338898764923215,
        0.0032436689361929893,
        0.003257560543715954,
        0.0031289411708712578,
        0.0031189376022666693,
        0.0030835852958261967,
        0.003031266387552023,
        0.0030356913339346647,
        0.0029535216744989157,
        0.002938766498118639,
        0.0028997967019677162,
        0.002893557772040367,
        0.0028262522537261248,
        0.0028137287590652704,
        0.0028293111827224493,
        0.002783233765512705,
        0.0027372257318347692,
        0.0027645567897707224,
        0.0027378022205084562,
        0.002736496040597558,
        0.002654372015967965,
        0.002526508644223213,
        0.002512125065550208,
        0.002510160207748413,
        0.002507512690499425
    ],
    "train_rmse": [
        0.11619983613491058,
        0.06519830971956253,
        0.06165941804647446,
        0.060207657516002655,
        0.05924730747938156,
        0.058572687208652496,
        0.05806567147374153,
        0.057783205062150955,
        0.05695321783423424,
        0.05707504227757454,
        0.055936940014362335,
        0.05584745109081268,
        0.055530037730932236,
        0.05505693703889847,
        0.05509710684418678,
        0.05434631183743477,
        0.05421039089560509,
        0.05384976044297218,
        0.053791798651218414,
        0.053162507712841034,
        0.05304459109902382,
        0.05319127067923546,
        0.05275636166334152,
        0.052318502217531204,
        0.05257905274629593,
        0.05232401192188263,
        0.052311528474092484,
        0.05152059718966484,
        0.0502643883228302,
        0.05012110248208046,
        0.05010150000452995,
        0.050075069069862366
    ],
    "train_r2": [
        0.3652764558792114,
        0.8001766204833984,
        0.821280300617218,
        0.8295970559120178,
        0.8349897861480713,
        0.8387261629104614,
        0.8415061235427856,
        0.8430444002151489,
        0.8475210070610046,
        0.8468679785728455,
        0.8529140949249268,
        0.8533843755722046,
        0.8550462126731873,
        0.8575056791305542,
        0.8572976589202881,
        0.8611602783203125,
        0.8618538975715637,
        0.8636857867240906,
        0.8639790415763855,
        0.8671429753303528,
        0.8677316904067993,
        0.8669992089271545,
        0.8691651821136475,
        0.8713279962539673,
        0.870043158531189,
        0.8713008761405945,
        0.8713622689247131,
        0.8752227425575256,
        0.8812333941459656,
        0.8819095492362976,
        0.8820018768310547,
        0.8821263313293457
    ],
    "train_mape": [
        25.522855758666992,
        17.148731231689453,
        16.16974449157715,
        15.7582368850708,
        15.433120727539062,
        15.262222290039062,
        15.003259658813477,
        14.983569145202637,
        14.71878719329834,
        14.694811820983887,
        14.330513954162598,
        14.345553398132324,
        14.215099334716797,
        14.007133483886719,
        14.024357795715332,
        13.807008743286133,
        13.744410514831543,
        13.688034057617188,
        13.61070442199707,
        13.383133888244629,
        13.378985404968262,
        13.37379264831543,
        13.246968269348145,
        13.18030071258545,
        13.161757469177246,
        13.038579940795898,
        13.020235061645508,
        12.875957489013672,
        12.447027206420898,
        12.442915916442871,
        12.471331596374512,
        12.409242630004883
    ],
    "train_smape": [
        24.886611938476562,
        14.874317169189453,
        14.075435638427734,
        13.753003120422363,
        13.51762866973877,
        13.403515815734863,
        13.244649887084961,
        13.194687843322754,
        12.979314804077148,
        13.00520133972168,
        12.727339744567871,
        12.733048439025879,
        12.656681060791016,
        12.520903587341309,
        12.540689468383789,
        12.36449146270752,
        12.352563858032227,
        12.30129623413086,
        12.24770736694336,
        12.07889175415039,
        12.064282417297363,
        12.065585136413574,
        11.979944229125977,
        11.933764457702637,
        11.964143753051758,
        11.834344863891602,
        11.830413818359375,
        11.658795356750488,
        11.31075382232666,
        11.295736312866211,
        11.291309356689453,
        11.266830444335938
    ],
    "train_explained_variance": [
        0.3769988417625427,
        0.8001781105995178,
        0.8212804794311523,
        0.8295978307723999,
        0.8349900245666504,
        0.8387263417243958,
        0.8415061235427856,
        0.8430445194244385,
        0.8475213646888733,
        0.8468680381774902,
        0.8529160618782043,
        0.8533869981765747,
        0.8550466299057007,
        0.8575061559677124,
        0.8572986721992493,
        0.8611602783203125,
        0.8618548512458801,
        0.8636858463287354,
        0.8639791011810303,
        0.8671430349349976,
        0.8677316904067993,
        0.8669993877410889,
        0.8691651821136475,
        0.8713279962539673,
        0.8700432181358337,
        0.8713046312332153,
        0.8713630437850952,
        0.8752228021621704,
        0.8812335729598999,
        0.8819097280502319,
        0.882002055644989,
        0.8821263909339905
    ],