{
    "train_loss": [
        0.006836178286865204,
        0.004181401382025388,
        0.0036688358549211704,
        0.0034636524442138725,
        0.0032600606644564924,
        0.0032314852618625534,
        0.0030954647938691835,
        0.0030830218597364665,
        0.002962669005772059,
        0.0029264166261449872,
        0.0029443391012236335,
        0.0028489320657912385,
        0.002840674928439759,
        0.0028365579056611957,
        0.0027338816377933776,
        0.002696871754747334,
        0.0026916142992599416,
        0.0026144959557844786,
        0.002603591949969319
    ],
    "train_mae": [
        0.06369276344776154,
        0.05026111751794815,
        0.04697329178452492,
        0.04541812092065811,
        0.044124457985162735,
        0.043964873999357224,
        0.043030768632888794,
        0.04307286813855171,
        0.04209592938423157,
        0.04195345193147659,
        0.04202613607048988,
        0.041342850774526596,
        0.041396815329790115,
        0.04124758392572403,
        0.040520790964365005,
        0.040341876447200775,
        0.04023226723074913,
        0.03969847038388252,
        0.03960731625556946
    ],
    "train_mse": [
        0.006836178712546825,
        0.004181401804089546,
        0.0036688356194645166,
        0.0034636524505913258,
        0.0032600604463368654,
        0.0032314853742718697,
        0.0030954647809267044,
        0.0030830218456685543,
        0.0029626688919961452,
        0.002926416462287307,
        0.0029443390667438507,
        0.002848932286724448,
        0.00284067471511662,
        0.002836558036506176,
        0.0027338815852999687,
        0.0026968717575073242,
        0.00269161444157362,
        0.0026144960429519415,
        0.0026035918854177
    ],
    "train_rmse": [
        0.08268118649721146,
        0.06466376036405563,
        0.060570914298295975,
        0.05885280296206474,
        0.0570969395339489,
        0.05684615671634674,
        0.055636901408433914,
        0.05552496761083603,
        0.05443040281534195,
        0.05409636348485947,
        0.05426176264882088,
        0.05337538942694664,
        0.0532979816198349,
        0.05325934663414955,
        0.052286531776189804,
        0.051931414753198624,
        0.05188077315688133,
        0.051132142543792725,
        0.051025405526161194
    ],
    "train_r2": [
        0.6786435842514038,
        0.8034398555755615,
        0.8275346755981445,
        0.837179958820343,
        0.8467504382133484,
        0.8480936884880066,
        0.8544877767562866,
        0.8550727367401123,
        0.8607302904129028,
        0.862434446811676,
        0.8615919351577759,
        0.8660768270492554,
        0.8664650321006775,
        0.8666585683822632,
        0.87148517370224,
        0.8732249140739441,
        0.8734720945358276,
        0.8770972490310669,
        0.8776098489761353
    ],
    "train_mape": [
        20.82430076599121,
        16.828102111816406,
        15.783148765563965,
        15.21743106842041,
        14.779999732971191,
        14.616039276123047,
        14.301544189453125,
        14.330644607543945,
        13.94377613067627,
        13.832877159118652,
        13.846924781799316,
        13.570136070251465,
        13.699155807495117,
        13.602230072021484,
        13.329564094543457,
        13.250639915466309,
        13.260857582092285,
        13.074403762817383,
        12.992349624633789
    ],
    "train_smape": [
        18.095937728881836,
        14.6937255859375,
        13.819299697875977,
        13.342449188232422,
        12.989059448242188,
        12.916906356811523,
        12.699462890625,
        12.738600730895996,
        12.412762641906738,
        12.394254684448242,
        12.415990829467773,
        12.21341323852539,
        12.26340389251709,
        12.189788818359375,
        11.971030235290527,
        11.931785583496094,
        11.91554069519043,
        11.738719940185547,
        11.725140571594238
    ],
    "train_explained_variance": [
        0.6787855625152588,
        0.803449273109436,
        0.8275351524353027,
        0.837179958820343,
        0.846750795841217,
        0.8480939269065857,
        0.854487955570221,
        0.8550734519958496,
        0.8607306480407715,
        0.8624349236488342,
        0.8615966439247131,
        0.8660793304443359,
        0.8664660453796387,
        0.8666585683822632,
        0.87148517370224,
        0.8732249140739441,
        0.8734724521636963,
        0.8770973086357117,
        0.8776114583015442
    ],
    "train_peak_error": [
        0.4742058515548706,
        0.3704671263694763,
        0.36047637462615967,
        0.36212480068206787,
        0.34690946340560913,
        0.31822043657302856,
        0.3032836318016052,
        0.3262478709220886,
        0.3147051930427551,
        0.3080939054489136,
        0.3071250915527344,
        0.289428174495697,
        0.31165480613708496,
        0.2934873104095459,
        0.2685112953186035,
        0.30065518617630005,
        0.2752535343170166,
        0.27760839462280273,
        0.2979678511619568
    ],
    "val_loss": [
        0.004196118464586224,
        0.004271990203854742,
        0.0033297379705183906,
        0.0032348285595008687,
        0.0031099523946964483,
        0.0031412744406851935,
        0.0031238401901620113,
        0.0031135478823130828,
        0.0030647673196554613,
        0.0031129132526115976,
        0.0031499703832158295,
        0.003249127104570218,
        0.0032627080347415786,
        0.0032849371007127727,
        0.0034176169868505046,
        0.003641814240086958,
        0.0031892642422358124,
        0.0031796282935525767,
        0.0031121812443577236
    ],
    "val_mae": [
        0.051066797226667404,
        0.051972754299640656,
        0.045798514038324356,
        0.04483046010136604,
        0.04417520761489868,
        0.044463761150836945,
        0.04451623186469078,
        0.044291406869888306,
        0.04377618059515953,
        0.04421815276145935,
        0.04418383166193962,
        0.04496760666370392,
        0.04514768719673157,
        0.04569661617279053,
        0.04638326168060303,
        0.04829345643520355,
        0.045210547745227814,
        0.04491213709115982,
        0.044474340975284576
    ],
    "val_mse": [
        0.00419611856341362,
        0.004271990619599819,
        0.0033297380432486534,
        0.0032348285894840956,
        0.003109952434897423,
        0.0031412742100656033,
        0.003123840317130089,
        0.003113547572866082,
        0.00306476722471416,
        0.0031129131093621254,
        0.0031499704346060753,
        0.003249127184972167,
        0.00326270773075521,
        0.0032849370036274195,
        0.003417616942897439,
        0.0036418139934539795,
        0.0031892640981823206,
        0.0031796281691640615,
        0.003112180856987834
    ],
    "val_rmse": [
        0.06477745622396469,
        0.06536046415567398,
        0.057703882455825806,
        0.056875552982091904,
        0.05576694756746292,
        0.056047070771455765,
        0.05589132755994797,
        0.05579917132854462,
        0.0553603395819664,
        0.055793486535549164,
        0.056124597787857056,
        0.05700111389160156,
        0.05712011829018593,
        0.057314369827508926,
        0.05846038833260536,
        0.06034744530916214,
        0.056473568081855774,
        0.056388191878795624,
        0.055786922574043274
    ],