{
    "train_loss": [
        0.007648850754660108,
        0.004174993504807722,
        0.003687326090572414,
        0.003462588284053196,
        0.003302409918673336,
        0.0032267776493783555,
        0.0031576523500926506,
        0.0031468059108167583,
        0.0030671825807913325,
        0.0030617389135771823,
        0.0030574741181543953,
        0.003016200753816123,
        0.002990900764363683,
        0.0029440125808379587,
        0.002965995299778103,
        0.0029303320843886314,
        0.0029066362718510584,
        0.002912927439874914,
        0.0028675347951931424,
        0.002853544709311376,
        0.002837710602320229,
        0.0028202738405623006,
        0.0028428539306517885
    ],
    "train_mae": [
        0.06547537446022034,
        0.05007215216755867,
        0.04686698690056801,
        0.04543663188815117,
        0.04433605447411537,
        0.04376412183046341,
        0.043333474546670914,
        0.0432412251830101,
        0.04280385747551918,
        0.042602941393852234,
        0.04259011894464493,
        0.04226389899849892,
        0.042134206742048264,
        0.04191962257027626,
        0.042059022933244705,
        0.04192155972123146,
        0.04177670553326607,
        0.041855305433273315,
        0.04146833345293999,
        0.04130562022328377,
        0.041149627417325974,
        0.041118279099464417,
        0.041196633130311966
    ],
    "train_mse": [
        0.007648850325495005,
        0.004174993839114904,
        0.003687325632199645,
        0.0034625879488885403,
        0.003302409779280424,
        0.003226777771487832,
        0.0031576522160321474,
        0.0031468060333281755,
        0.003067182842642069,
        0.003061738796532154,
        0.00305747427046299,
        0.0030162008479237556,
        0.002990901004523039,
        0.0029440124053508043,
        0.002965995343402028,
        0.0029303322080522776,
        0.0029066363349556923,
        0.002912927186116576,
        0.0028675347566604614,
        0.002853544894605875,
        0.0028377105481922626,
        0.0028202736284583807,
        0.0028428540099412203
    ],
    "train_rmse": [
        0.08745770901441574,
        0.0646141916513443,
        0.060723353177309036,
        0.05884375795722008,
        0.057466596364974976,
        0.05680473521351814,
        0.05619299039244652,
        0.056096401065588,
        0.055382151156663895,
        0.055332981050014496,
        0.05529443174600601,
        0.054919950664043427,
        0.054689131677150726,
        0.05425875261425972,
        0.054460953921079636,
        0.05413254350423813,
        0.05391322821378708,
        0.0539715401828289,
        0.05354936793446541,
        0.05341858044266701,
        0.053270164877176285,
        0.05310624837875366,
        0.05331842228770256
    ],
    "train_r2": [
        0.640441358089447,
        0.8037410974502563,
        0.826665461063385,
        0.8372299671173096,
        0.8447597026824951,
        0.8483150005340576,
        0.8515644669532776,
        0.8520743250846863,
        0.8558172583580017,
        0.8560732007026672,
        0.8562736511230469,
        0.8582138419151306,
        0.859403133392334,
        0.8616073131561279,
        0.8605738878250122,
        0.8622503876686096,
        0.8633642792701721,
        0.8630685806274414,
        0.8652023673057556,
        0.8658599853515625,
        0.8666043281555176,
        0.8674240112304688,
        0.8663625717163086
    ],
    "train_mape": [
        21.261484146118164,
        16.665048599243164,
        15.687569618225098,
        15.238059997558594,
        14.820258140563965,
        14.598772048950195,
        14.485923767089844,
        14.426986694335938,
        14.230841636657715,
        14.189253807067871,
        14.15296745300293,
        14.054121017456055,
        13.98789119720459,
        14.00103759765625,
        13.986878395080566,
        13.907630920410156,
        13.860595703125,
        13.92031478881836,
        13.754328727722168,
        13.784025192260742,
        13.665602684020996,
        13.626543998718262,
        13.637818336486816
    ],
    "train_smape": [
        18.590269088745117,
        14.619123458862305,
        13.751949310302734,
        13.360032081604004,
        13.07058334350586,
        12.913820266723633,
        12.811775207519531,
        12.760093688964844,
        12.665194511413574,
        12.591064453125,
        12.606578826904297,
        12.50654411315918,
        12.474924087524414,
        12.443475723266602,
        12.459568977355957,
        12.417498588562012,
        12.398476600646973,
        12.397965431213379,
        12.305815696716309,
        12.263822555541992,
        12.200309753417969,
        12.205216407775879,
        12.20900821685791
    ],
    "train_explained_variance": [
        0.6413490772247314,
        0.8037413358688354,
        0.826668381690979,
        0.8372305631637573,
        0.8447615504264832,
        0.8483151197433472,
        0.851564884185791,
        0.8520750403404236,
        0.8558176755905151,
        0.8560736775398254,
        0.8562738299369812,
        0.8582166433334351,
        0.859404444694519,
        0.8616092801094055,
        0.8605742454528809,
        0.8622516989707947,
        0.8633650541305542,
        0.8630698323249817,
        0.8652044534683228,
        0.8658599853515625,
        0.8666045069694519,
        0.8674240112304688,
        0.8663631677627563
    ],
    "train_peak_error": [
        0.5300002694129944,
        0.40643244981765747,
        0.375535786151886,
        0.3901941180229187,
        0.35969460010528564,
        0.3350543975830078,
        0.34767693281173706,
        0.3325597643852234,
        0.327406644821167,
        0.30491024255752563,
        0.3367655873298645,
        0.3088185787200928,
        0.34100115299224854,
        0.30499738454818726,
        0.2975171208381653,
        0.2967158555984497,
        0.30982524156570435,
        0.3291148543357849,
        0.30576378107070923,
        0.2995133399963379,
        0.3238796591758728,
        0.3015974164009094,
        0.3038419485092163
    ],
    "val_loss": [
        0.004216279719668112,
        0.003503179038546497,
        0.0035943863182429144,
        0.003258012035901812,
        0.0030724662687401654,
        0.003173085875949896,
        0.003164230624394719,
        0.0031610608729366347,
        0.0032678839503016937,
        0.003198348602159418,
        0.0030017140336843916,
        0.0036547843325990354,
        0.002952261056094397,
        0.0032141841264950823,
        0.0030045667635410916,
        0.0032359290744425903,
        0.0034301341806116294,
        0.003308986127242553,
        0.003019722814423789,
        0.002970586405738706,
        0.0030044672263303783,
        0.0031973622425747433,
        0.0032572053675707295
    ],
    "val_mae": [
        0.05140385404229164,
        0.0465540885925293,
        0.04733256250619888,
        0.045266292989254,
        0.04383926838636398,
        0.04464777559041977,
        0.04466109350323677,
        0.044627852737903595,
        0.045423127710819244,
        0.044849544763565063,
        0.0434543713927269,
        0.04805337265133858,
        0.043113645166158676,
        0.04511693865060806,
        0.04354553669691086,
        0.045239098370075226,
        0.04651068150997162,
        0.04549321532249451,
        0.04378407076001167,
        0.04336615651845932,
        0.043590299785137177,
        0.04502264782786369,
        0.04536121338605881
    ],