{
    "train_loss": [
        0.00851826688265309,
        0.003754561443473693,
        0.003421904873792097,
        0.0032028442720633604,
        0.003066382932078296,
        0.003006957504865726,
        0.0029198040029139918,
        0.00280718752541015,
        0.0027789886868581867,
        0.002669319159190835,
        0.0026284154486155512,
        0.0025397472307100996,
        0.002468261454084609,
        0.0023130903894640997,
        0.0022421649807301165,
        0.0020908568499144434,
        0.002110243307105341,
        0.0019865449461050565,
        0.0019009815323222177
    ],
    "train_mae": [
        0.06558796018362045,
        0.04754437506198883,
        0.04550999030470848,
        0.043786656111478806,
        0.042726363986730576,
        0.042494770139455795,
        0.04181521013379097,
        0.041228022426366806,
        0.04093414545059204,
        0.04026413336396217,
        0.039718467742204666,
        0.03915540501475334,
        0.038568295538425446,
        0.037359569221735,
        0.036811258643865585,
        0.03544938564300537,
        0.03560212254524231,
        0.034586384892463684,
        0.033731088042259216
    ],
    "train_mse": [
        0.00851826649159193,
        0.0037545617669820786,
        0.0034219047520309687,
        0.003202844178304076,
        0.003066382836550474,
        0.0030069577042013407,
        0.0029198038391768932,
        0.0028071876149624586,
        0.0027789887972176075,
        0.0026693190447986126,
        0.0026284155901521444,
        0.0025397473946213722,
        0.0024682614021003246,
        0.002313090255483985,
        0.0022421651519834995,
        0.002090856898576021,
        0.002110243309289217,
        0.001986545277759433,
        0.0019009814132004976
    ],
    "train_rmse": [
        0.09229445457458496,
        0.06127448007464409,
        0.058497048914432526,
        0.056593675166368484,
        0.05537492781877518,
        0.0548357330262661,
        0.054035209119319916,
        0.05298290029168129,
        0.05271611362695694,
        0.051665451377630234,
        0.0512680746614933,
        0.0503959059715271,
        0.04968160018324852,
        0.04809459671378136,
        0.04735150560736656,
        0.04572588950395584,
        0.04593738541007042,
        0.0445706769824028,
        0.04360024631023407
    ],
    "train_r2": [
        0.599571704864502,
        0.8235048055648804,
        0.8391424417495728,
        0.8494400978088379,
        0.855854868888855,
        0.8586483597755432,
        0.8627452850341797,
        0.8680391907691956,
        0.8693647384643555,
        0.8745201230049133,
        0.8764429092407227,
        0.8806110620498657,
        0.8839715123176575,
        0.8912658095359802,
        0.8945998549461365,
        0.9017125964164734,
        0.9008013010025024,
        0.9066160917282104,
        0.9106382727622986
    ],
    "train_mape": [
        21.646303176879883,
        16.089649200439453,
        15.395766258239746,
        14.745214462280273,
        14.310603141784668,
        14.22885799407959,
        13.854747772216797,
        13.659286499023438,
        13.433751106262207,
        13.1364164352417,
        12.991863250732422,
        12.773948669433594,
        12.396228790283203,
        12.107868194580078,
        11.878278732299805,
        11.405904769897461,
        11.334717750549316,
        11.050360679626465,
        10.67091178894043
    ],
    "train_smape": [
        19.08755874633789,
        14.010159492492676,
        13.4829740524292,
        12.982026100158691,
        12.696255683898926,
        12.639793395996094,
        12.412579536437988,
        12.253080368041992,
        12.134879112243652,
        11.89464282989502,
        11.763632774353027,
        11.568853378295898,
        11.359495162963867,
        11.021379470825195,
        10.854817390441895,
        10.436585426330566,
        10.479642868041992,
        10.201679229736328,
        9.915548324584961
    ],
    "train_explained_variance": [
        0.6003058552742004,
        0.8235073089599609,
        0.8391425609588623,
        0.8494400978088379,
        0.85585618019104,
        0.8586483597755432,
        0.8627467155456543,
        0.8680397272109985,
        0.8693647980690002,
        0.8745211362838745,
        0.8764432668685913,
        0.8806114792823792,
        0.8839715123176575,
        0.8912658095359802,
        0.8946000337600708,
        0.9017128348350525,
        0.900802493095398,
        0.9066168665885925,
        0.9106386303901672
    ],
    "train_peak_error": [
        0.8028594851493835,
        0.32626181840896606,
        0.344743013381958,
        0.29412686824798584,
        0.3278942108154297,
        0.2975327968597412,
        0.29874682426452637,
        0.30040204524993896,
        0.2614009976387024,
        0.2754606008529663,
        0.2787993550300598,
        0.23867905139923096,
        0.25505298376083374,
        0.23959565162658691,
        0.24077656865119934,
        0.24541765451431274,
        0.24777212738990784,
        0.23004767298698425,
        0.25549405813217163
    ],
    "val_loss": [
        0.004604875623858232,
        0.004630801699345382,
        0.0033767195571240763,
        0.0033930947265768652,
        0.0030937698261356717,
        0.003254245983456804,
        0.0031505176670876124,
        0.003390919715568102,
        0.003020127259844767,
        0.0034509275316280856,
        0.003264945635082964,
        0.003716937900259555,
        0.003524304995206084,
        0.003487461659682097,
        0.0033490240936361842,
        0.0036616674032089094,
        0.003665188475873777,
        0.004096528947832425,
        0.004240314719039384
    ],
    "val_mae": [
        0.05418833717703819,
        0.05481585115194321,
        0.045835401862859726,
        0.04613432660698891,
        0.04415116086602211,
        0.04534020274877548,
        0.044639743864536285,
        0.04595096409320831,
        0.04368269070982933,
        0.04642072692513466,
        0.0454612597823143,
        0.048617273569107056,
        0.04746351018548012,
        0.04745035246014595,
        0.046071115881204605,
        0.04854310303926468,
        0.04773497208952904,
        0.051403895020484924,
        0.05238345265388489
    ],
    "val_mse": [
        0.004604875110089779,
        0.004630802199244499,
        0.003376719541847706,
        0.003393094753846526,
        0.003093770006671548,
        0.0032542459666728973,
        0.0031505178194493055,
        0.0033909198828041553,
        0.003020127071067691,
        0.003450927557423711,
        0.003264945698902011,
        0.003716937731951475,
        0.003524304833263159,
        0.003487461945042014,
        0.0033490241039544344,
        0.003661667462438345,
        0.0036651885602623224,
        0.004096528980880976,
        0.004240314941853285
    ],
    "val_rmse": [
        0.0678592324256897,
        0.06804999709129333,
        0.058109547942876816,
        0.05825027823448181,
        0.0556216686964035,
        0.05704599991440773,
        0.05612947419285774,
        0.05823160707950592,
        0.05495568364858627,
        0.05874459445476532,
        0.05713970214128494,
        0.06096669286489487,
        0.059365857392549515,
        0.05905473604798317,
        0.05787075310945511,
        0.06051171198487282,
        0.06054079905152321,
        0.06400413066148758,
        0.06511770188808441
    ],