{
    "train_loss": [
        0.007952985630034869,
        0.004487320701705821,
        0.004301797151294376,
        0.004176520967535784,
        0.0042769004576500265,
        0.0041563775624744595,
        0.004179748699231086,
        0.004198781818315251,
        0.004303972611447312,
        0.004109770919228785,
        0.003922617935699557,
        0.004027109307400211,
        0.003947508388416174,
        0.00397490791225413,
        0.003967121802616081,
        0.0037978842810232785,
        0.0037995998346563938,
        0.004006348512751647,
        0.0038632214318730243
    ],
    "train_mae": [
        0.06408809870481491,
        0.052426598966121674,
        0.051038432866334915,
        0.050555869936943054,
        0.05088172107934952,
        0.05035719275474548,
        0.05053717643022537,
        0.05072672665119171,
        0.0513184517621994,
        0.04991534352302551,
        0.04890958219766617,
        0.04924306273460388,
        0.04900214076042175,
        0.04900570213794708,
        0.04872574284672737,
        0.04798024520277977,
        0.04792190343141556,
        0.04918303340673447,
        0.048421625047922134
    ],
    "train_mse": [
        0.007952985353767872,
        0.004487320315092802,
        0.004301797598600388,
        0.004176521208137274,
        0.004276901017874479,
        0.004156377632170916,
        0.004179748706519604,
        0.004198781680315733,
        0.004303972702473402,
        0.004109770990908146,
        0.003922617994248867,
        0.004027109127491713,
        0.003947508987039328,
        0.003974908031523228,
        0.003967121243476868,
        0.0037978843320161104,
        0.003799600061029196,
        0.004006348550319672,
        0.003863221500068903
    ],
    "train_rmse": [
        0.08917950838804245,
        0.06698746234178543,
        0.0655880868434906,
        0.06462600827217102,
        0.06539802253246307,
        0.06446997821331024,
        0.06465097516775131,
        0.06479800492525101,
        0.06560467183589935,
        0.0641074925661087,
        0.06263080984354019,
        0.06345950812101364,
        0.06282920390367508,
        0.06304687261581421,
        0.06298508495092392,
        0.06162697821855545,
        0.061640895903110504,
        0.06329572200775146,
        0.06215481832623482
    ],
    "train_r2": [
        0.626144528388977,
        0.7890591621398926,
        0.7977802753448486,
        0.803669273853302,
        0.7989506125450134,
        0.8046162128448486,
        0.8035175800323486,
        0.8026228547096252,
        0.7976779937744141,
        0.8068071007728577,
        0.8156048059463501,
        0.8106929063796997,
        0.8144347667694092,
        0.8131467700004578,
        0.8135128021240234,
        0.8214683532714844,
        0.8213876485824585,
        0.8116688132286072,
        0.8183969259262085
    ],
    "train_mape": [
        21.13495445251465,
        17.591501235961914,
        17.23217010498047,
        17.165719985961914,
        17.430084228515625,
        17.15007209777832,
        17.001670837402344,
        17.355432510375977,
        17.54806137084961,
        17.19147491455078,
        16.67499542236328,
        16.704710006713867,
        16.64372444152832,
        16.730501174926758,
        16.487417221069336,
        16.345670700073242,
        16.259075164794922,
        16.565547943115234,
        16.41366195678711
    ],
    "train_smape": [
        18.486433029174805,
        15.309049606323242,
        14.946207046508789,
        14.8539457321167,
        14.988432884216309,
        14.797319412231445,
        14.784029006958008,
        14.960844993591309,
        15.066946029663086,
        14.74751091003418,
        14.467066764831543,
        14.478738784790039,
        14.451532363891602,
        14.45580005645752,
        14.34926700592041,
        14.19805908203125,
        14.14932918548584,
        14.49383544921875,
        14.272310256958008
    ],
    "train_explained_variance": [
        0.6263611316680908,
        0.7890700101852417,
        0.7977986335754395,
        0.8036710023880005,
        0.7989510893821716,
        0.8046166896820068,
        0.8035227656364441,
        0.8026228547096252,
        0.7976779937744141,
        0.8068078756332397,
        0.8156051635742188,
        0.8106928467750549,
        0.8144357800483704,
        0.8131467700004578,
        0.813512921333313,
        0.8214684724807739,
        0.8213878870010376,
        0.8116687536239624,
        0.8183975219726562
    ],
    "train_peak_error": [
        0.8827422261238098,
        0.4117123484611511,
        0.46810615062713623,
        0.3453211188316345,
        0.4169458746910095,
        0.33067822456359863,
        0.37861138582229614,
        0.35952210426330566,
        0.43252313137054443,
        0.3994502127170563,
        0.36288273334503174,
        0.3613187074661255,
        0.3513150215148926,
        0.3904772400856018,
        0.41456276178359985,
        0.39798039197921753,
        0.3944514989852905,
        0.3474041819572449,
        0.4314672350883484
    ],
    "val_loss": [
        0.004319528490556203,
        0.004711738838713697,
        0.004618381271875805,
        0.003740462368260399,
        0.005172383746051852,
        0.004014950056808244,
        0.003682540109474882,
        0.003687196947540418,
        0.003355061990919141,
        0.003737081238437149,
        0.003423072174157974,
        0.003631784195857618,
        0.003957805485672337,
        0.0038232952167058915,
        0.003806717859165703,
        0.003552221367537654,
        0.003481150501199978,
        0.004065884214846029,
        0.003383692926593232
    ],
    "val_mae": [
        0.05271506309509277,
        0.05405258387327194,
        0.054576531052589417,
        0.04895530268549919,
        0.05819745361804962,
        0.04990675672888756,
        0.04821023717522621,
        0.04800901561975479,
        0.04579690843820572,
        0.04835082218050957,
        0.046664170920848846,
        0.04787381738424301,
        0.05076024308800697,
        0.04909895360469818,
        0.048677410930395126,
        0.047429159283638,
        0.04656262695789337,
        0.05078302323818207,
        0.045992977917194366
    ],
    "val_mse": [
        0.004319528117775917,
        0.004711738787591457,
        0.004618381150066853,
        0.003740462474524975,
        0.00517238350585103,
        0.00401495024561882,
        0.003682540263980627,
        0.0036871968768537045,
        0.0033550618682056665,
        0.0037370810750871897,
        0.003423072164878249,
        0.003631784114986658,
        0.003957805689424276,
        0.00382329523563385,
        0.0038067176938056946,
        0.0035522214602679014,
        0.0034811506047844887,
        0.004065884277224541,
        0.0033836928196251392
    ],
    "val_rmse": [
        0.06572311371564865,
        0.06864210963249207,
        0.06795867532491684,
        0.061159320175647736,
        0.071919284760952,
        0.06336363404989243,
        0.06068393588066101,
        0.060722291469573975,
        0.05792289599776268,
        0.06113167107105255,
        0.05850702524185181,
        0.060264285653829575,
        0.06291109323501587,
        0.06183280050754547,
        0.06169860437512398,
        0.05960051715373993,
        0.05900127813220024,
        0.063764289021492,
        0.058169517666101456
    ],