{
    "train_loss": [
        0.00783315634359022,
        0.003998208478897457,
        0.003680541830654857,
        0.003418603253175469,
        0.00338526686769468,
        0.0028683472925724006,
        0.0028039361892321867,
        0.002556454296956851,
        0.002481647230187852,
        0.0023471700264569057,
        0.0020808800537121383,
        0.001929771153725549,
        0.0016639241474434186,
        0.001575330041871135,
        0.001410412436259216,
        0.0012506069639063784,
        0.0011853301012947502,
        0.0007221712025821583,
        0.0006261617678573388,
        0.0006207383918344532,
        0.0005958545339674389
    ],
    "train_mae": [
        0.06471037119626999,
        0.04981538653373718,
        0.04726318269968033,
        0.04589035362005234,
        0.045547086745500565,
        0.04177810996770859,
        0.04148055985569954,
        0.03950348123908043,
        0.039098214358091354,
        0.03809617459774017,
        0.035721007734537125,
        0.03462391719222069,
        0.03200322762131691,
        0.03110070340335369,
        0.029376519843935966,
        0.027741242200136185,
        0.027113355696201324,
        0.02096700854599476,
        0.01961303874850273,
        0.01952577754855156,
        0.01921069249510765
    ],
    "train_mse": [
        0.007833155803382397,
        0.003998208325356245,
        0.0036805416457355022,
        0.0034186034463346004,
        0.003385266987606883,
        0.0028683473356068134,
        0.0028039359021931887,
        0.0025564543902873993,
        0.0024816470686346292,
        0.0023471699096262455,
        0.002080880105495453,
        0.0019297710387036204,
        0.0016639240784570575,
        0.0015753299230709672,
        0.0014104123692959547,
        0.0012506069615483284,
        0.0011853300966322422,
        0.0007221711566671729,
        0.0006261617527343333,
        0.0006207383703440428,
        0.0005958545370958745
    ],
    "train_rmse": [
        0.08850511908531189,
        0.06323138624429703,
        0.06066746637225151,
        0.05846882611513138,
        0.05818304792046547,
        0.05355695262551308,
        0.052952203899621964,
        0.050561390817165375,
        0.049816131591796875,
        0.04844759777188301,
        0.04561666399240494,
        0.04392915964126587,
        0.04079122468829155,
        0.03969042748212814,
        0.03755545616149902,
        0.03536392003297806,
        0.03442862257361412,
        0.026873242110013962,
        0.02502322383224964,
        0.02491462230682373,
        0.024410132318735123
    ],
    "train_r2": [
        0.6317775249481201,
        0.8120514154434204,
        0.8269844055175781,
        0.8392976522445679,
        0.8408647179603577,
        0.8651641607284546,
        0.8681920170783997,
        0.8798257112503052,
        0.8833422660827637,
        0.8896637558937073,
        0.9021815657615662,
        0.9092849493026733,
        0.9217819571495056,
        0.9259465932846069,
        0.9336990714073181,
        0.9412112236022949,
        0.9442797899246216,
        0.9660520553588867,
        0.9705652594566345,
        0.9708201885223389,
        0.9719899296760559
    ],
    "train_mape": [
        21.574453353881836,
        16.662134170532227,
        15.928645133972168,
        15.179936408996582,
        15.052355766296387,
        13.79125690460205,
        13.643439292907715,
        13.056293487548828,
        12.976990699768066,
        12.71336555480957,
        11.8092622756958,
        11.659292221069336,
        10.578935623168945,
        10.087387084960938,
        9.531630516052246,
        8.72941780090332,
        8.577709197998047,
        6.463342189788818,
        5.975017547607422,
        5.943338394165039,
        6.015660762786865
    ],
    "train_smape": [
        18.657400131225586,
        14.626547813415527,
        13.978397369384766,
        13.524114608764648,
        13.47657585144043,
        12.456609725952148,
        12.373869895935059,
        11.814316749572754,
        11.745338439941406,
        11.48557186126709,
        10.749340057373047,
        10.573368072509766,
        9.706219673156738,
        9.293421745300293,
        8.866781234741211,
        8.29033374786377,
        8.162131309509277,
        6.26465368270874,
        5.856074333190918,
        5.829085826873779,
        5.835109710693359
    ],
    "train_explained_variance": [
        0.6318039894104004,
        0.8120514750480652,
        0.8269851207733154,
        0.8393027186393738,
        0.8408669829368591,
        0.8651660084724426,
        0.8681924343109131,
        0.8798258304595947,
        0.8833422660827637,
        0.889664351940155,
        0.9021819233894348,
        0.9092849493026733,
        0.9217819571495056,
        0.9259467124938965,
        0.9336992502212524,
        0.9412112236022949,
        0.9442797899246216,
        0.9660525918006897,
        0.9705652594566345,
        0.9708203077316284,
        0.9719899892807007
    ],
    "train_peak_error": [
        1.0584032535552979,
        0.3824113607406616,
        0.32958924770355225,
        0.32102930545806885,
        0.29538822174072266,
        0.24522799253463745,
        0.2790938913822174,
        0.24698686599731445,
        0.2388134002685547,
        0.23897260427474976,
        0.2133980393409729,
        0.19502443075180054,
        0.19551357626914978,
        0.21632322669029236,
        0.18398573994636536,
        0.19116605818271637,
        0.15819942951202393,
        0.1553732454776764,
        0.14073804020881653,
        0.16543474793434143,
        0.13791945576667786
    ],
    "val_loss": [
        0.004751544737176662,
        0.004248784259665195,
        0.0039014942892458583,
        0.003634860331440519,
        0.003534026799133892,
        0.0030872475546148185,
        0.0035840785085967334,
        0.0039902440256191244,
        0.0038727183130120844,
        0.0038398443011017584,
        0.004703317548905453,
        0.0046146847664465685,
        0.005078444570343164,
        0.00483493805648558,
        0.004535402795333389,
        0.004723451718781814,
        0.005318487400470449,
        0.005059600736235651,
        0.005224490656430344,
        0.005178281854060914,
        0.005336800441882915
    ],
    "val_mae": [
        0.05509787052869797,
        0.051952898502349854,
        0.049526508897542953,
        0.04884665086865425,
        0.04750754311680794,
        0.044802483171224594,
        0.0478597991168499,
        0.05094679072499275,
        0.049647487699985504,
        0.04973052442073822,
        0.054556380957365036,
        0.054211873561143875,
        0.05665485933423042,
        0.05619654431939125,
        0.05335480719804764,
        0.05456104874610901,
        0.058540619909763336,
        0.056683871895074844,
        0.057318441569805145,
        0.05750943347811699,
        0.05803091824054718
    ],
    "val_mse": [
        0.0047515444457530975,
        0.004248784389346838,
        0.003901494201272726,
        0.003634860273450613,
        0.003534026676788926,
        0.003087247721850872,
        0.0035840782802551985,
        0.0039902436546981335,
        0.003872718196362257,
        0.00383984437212348,
        0.004703317768871784,
        0.004614684730768204,
        0.005078444257378578,
        0.004834938328713179,
        0.00453540263697505,
        0.004723451565951109,
        0.005318487528711557,
        0.005059600342065096,
        0.005224491003900766,
        0.0051782820373773575,
        0.005336800590157509
    ],