{
    "train_loss": [
        0.012809679202846038,
        0.0038171423628492397,
        0.0034764679060098383,
        0.003404114784511866,
        0.0032689819449621235,
        0.003184275999453036,
        0.003097482507442611,
        0.0030346970641525715,
        0.0030277800895891064,
        0.0029489235427133703,
        0.0029469837413903335,
        0.00284213709177865,
        0.0027550097175168867,
        0.0028347978063998705,
        0.002738228168991074,
        0.0027034298301584284,
        0.002682466442195236,
        0.0025930003464187225,
        0.0025613092336806247,
        0.0025357547517197497,
        0.0025285401941106773,
        0.002477064482936959,
        0.0024067846331361667,
        0.002383547257061798,
        0.0021546836955497373,
        0.002117182157767791,
        0.0021127607755777574,
        0.0020997548487223065
    ],
    "train_mae": [
        0.07604186981916428,
        0.04828185588121414,
        0.045878853648900986,
        0.04540662094950676,
        0.044506024569272995,
        0.04383940249681473,
        0.04311305284500122,
        0.04278973489999771,
        0.04281563311815262,
        0.042169079184532166,
        0.04210410639643669,
        0.04142734780907631,
        0.04076940938830376,
        0.04143834114074707,
        0.040672220289707184,
        0.040488313883543015,
        0.04026879742741585,
        0.03952162712812424,
        0.0392974354326725,
        0.039073020219802856,
        0.039160534739494324,
        0.03861071914434433,
        0.03810744360089302,
        0.03768811747431755,
        0.03588587045669556,
        0.03560252860188484,
        0.03554931655526161,
        0.0355299636721611
    ],
    "train_mse": [
        0.012809679843485355,
        0.0038171422202140093,
        0.003476467914879322,
        0.0034041148610413074,
        0.0032689818181097507,
        0.0031842761673033237,
        0.003097482258453965,
        0.0030346971470862627,
        0.0030277802143245935,
        0.002948923734948039,
        0.002946983790025115,
        0.0028421368915587664,
        0.0027550100348889828,
        0.0028347978368401527,
        0.002738228300586343,
        0.002703429665416479,
        0.0026824665255844593,
        0.0025930004194378853,
        0.002561309142038226,
        0.0025357548147439957,
        0.002528540091589093,
        0.002477064495906234,
        0.0024067845661193132,
        0.0023835471365600824,
        0.0021546839270740747,
        0.0021171821281313896,
        0.0021127609070390463,
        0.0020997547544538975
    ],
    "train_rmse": [
        0.11317985504865646,
        0.06178302690386772,
        0.05896158143877983,
        0.05834479257464409,
        0.057175010442733765,
        0.056429389864206314,
        0.05565502867102623,
        0.05508808419108391,
        0.05502526834607124,
        0.05430399253964424,
        0.054286129772663116,
        0.05331169441342354,
        0.052488189190626144,
        0.053242821246385574,
        0.05232808366417885,
        0.05199451744556427,
        0.051792532205581665,
        0.05092151090502739,
        0.05060937628149986,
        0.05035628005862236,
        0.05028459057211876,
        0.04977011680603027,
        0.04905899241566658,
        0.0488215833902359,
        0.04641857370734215,
        0.04601284861564636,
        0.04596477746963501,
        0.04582308232784271
    ],
    "train_r2": [
        0.39784008264541626,
        0.8205630779266357,
        0.8365775346755981,
        0.8399786949157715,
        0.8463310599327087,
        0.8503129482269287,
        0.854392945766449,
        0.857344388961792,
        0.8576695322990417,
        0.8613764047622681,
        0.8614675998687744,
        0.8663962483406067,
        0.8704919815063477,
        0.8667412996292114,
        0.87128084897995,
        0.8729166388511658,
        0.8739020824432373,
        0.8781077265739441,
        0.8795974850654602,
        0.8807987570762634,
        0.8811379075050354,
        0.8835576772689819,
        0.8868613839149475,
        0.8879537582397461,
        0.8987122178077698,
        0.9004750847816467,
        0.9006829261779785,
        0.9012943506240845
    ],
    "train_mape": [
        24.437740325927734,
        16.434326171875,
        15.579962730407715,
        15.297518730163574,
        15.013077735900879,
        14.788976669311523,
        14.484082221984863,
        14.335624694824219,
        14.255392074584961,
        13.980896949768066,
        13.861944198608398,
        13.619043350219727,
        13.510656356811523,
        13.592137336730957,
        13.335527420043945,
        13.105056762695312,
        13.164848327636719,
        12.903794288635254,
        12.63624382019043,
        12.619577407836914,
        12.601950645446777,
        12.517687797546387,
        12.330605506896973,
        12.07260799407959,
        11.555718421936035,
        11.448755264282227,
        11.361055374145508,
        11.425575256347656
    ],
    "train_smape": [
        23.35979461669922,
        14.27643871307373,
        13.638641357421875,
        13.447943687438965,
        13.228721618652344,
        13.027958869934082,
        12.828996658325195,
        12.703451156616211,
        12.707517623901367,
        12.492198944091797,
        12.438543319702148,
        12.257040023803711,
        12.108299255371094,
        12.274362564086914,
        12.047503471374512,
        11.929247856140137,
        11.903753280639648,
        11.736310958862305,
        11.589515686035156,
        11.518600463867188,
        11.520792007446289,
        11.405012130737305,
        11.248244285583496,
        11.095362663269043,
        10.606815338134766,
        10.52373218536377,
        10.486230850219727,
        10.4904146194458
    ],
    "train_explained_variance": [
        0.407720148563385,
        0.820563554763794,
        0.8365776538848877,
        0.8399789333343506,
        0.8463313579559326,
        0.850313663482666,
        0.854392945766449,
        0.8573444485664368,
        0.8576698303222656,
        0.8613775372505188,
        0.8614693284034729,
        0.8663963675498962,
        0.8704921007156372,
        0.8667467832565308,
        0.871282696723938,
        0.8729183673858643,
        0.8739020824432373,
        0.8781100511550903,
        0.879597544670105,
        0.8808023929595947,
        0.8811492323875427,
        0.8835586905479431,
        0.8868644833564758,
        0.8879538178443909,
        0.8987165689468384,
        0.9004750847816467,
        0.900683581829071,
        0.901294469833374
    ],
    "train_peak_error": [
        0.8936998844146729,
        0.39387619495391846,
        0.3406715989112854,
        0.2872183322906494,
        0.31923913955688477,
        0.320631742477417,
        0.30079251527786255,
        0.3016575574874878,
        0.2783747911453247,
        0.304725706577301,
        0.28664422035217285,
        0.31585246324539185,
        0.31027811765670776,
        0.2887030243873596,
        0.31193143129348755,
        0.26051729917526245,
        0.299335777759552,
        0.26517969369888306,
        0.27560025453567505,
        0.2639150023460388,
        0.24799978733062744,
        0.25707805156707764,
        0.25598663091659546,
        0.2625057101249695,
        0.24978339672088623,
        0.24038541316986084,
        0.2386302947998047,
        0.2398943305015564
    ],