{
    "train_loss": [
        0.051712612642413884,
        0.004555284138082933,
        0.00420274130483629,
        0.003970300216298082,
        0.003959008910279391,
        0.003697481174368164,
        0.0036250725050361106,
        0.003610927059323398,
        0.0037504747416277464,
        0.003636890319143327,
        0.0037053366250529266,
        0.0036331188534557413,
        0.0035205028432343465,
        0.0035286495297371617,
        0.003591568534695395,
        0.0034022505703215095,
        0.0034515672008936654,
        0.0035864852741376743,
        0.0034989447226592024,
        0.002807281932006076,
        0.002706081922989116,
        0.0026652005153600653,
        0.0026070658703400977
    ],
    "train_mae": [
        0.0978429764509201,
        0.052562274038791656,
        0.050373151898384094,
        0.049196772277355194,
        0.04910892993211746,
        0.047372180968523026,
        0.04684888944029808,
        0.046572424471378326,
        0.04774598032236099,
        0.047033362090587616,
        0.047250896692276,
        0.0470353327691555,
        0.046165261417627335,
        0.04612359404563904,
        0.04668216034770012,
        0.04546318203210831,
        0.045649413019418716,
        0.04679594188928604,
        0.04596723988652229,
        0.04089155048131943,
        0.040210288017988205,
        0.03999463841319084,
        0.03954780101776123
    ],
    "train_mse": [
        0.05171261727809906,
        0.004555284045636654,
        0.004202741663902998,
        0.00397029984742403,
        0.003959008492529392,
        0.0036974807735532522,
        0.0036250725388526917,
        0.0036109271459281445,
        0.003750474890694022,
        0.0036368900910019875,
        0.00370533624663949,
        0.003633118700236082,
        0.0035205029416829348,
        0.0035286496859043837,
        0.003591568674892187,
        0.0034022508189082146,
        0.003451567143201828,
        0.003586485283449292,
        0.0034989449195563793,
        0.0028072819113731384,
        0.002706082072108984,
        0.002665200736373663,
        0.0026070657186210155
    ],
    "train_rmse": [
        0.22740408778190613,
        0.06749284267425537,
        0.0648285523056984,
        0.0630103126168251,
        0.06292065232992172,
        0.060806915163993835,
        0.06020857393741608,
        0.060090988874435425,
        0.06124112010002136,
        0.06030663475394249,
        0.06087147444486618,
        0.0602753572165966,
        0.05933382734656334,
        0.05940243974328041,
        0.05992969870567322,
        0.058328814804553986,
        0.05875004082918167,
        0.059887271374464035,
        0.05915188044309616,
        0.05298379063606262,
        0.05202001705765724,
        0.051625583320856094,
        0.051059432327747345
    ],
    "train_r2": [
        -1.4309167861938477,
        0.7858643531799316,
        0.8024367094039917,
        0.8133633732795715,
        0.8138941526412964,
        0.8261880874633789,
        0.8295918703079224,
        0.8302568197250366,
        0.8236969709396362,
        0.8290363550186157,
        0.8258188366889954,
        0.8292136788368225,
        0.8345075249671936,
        0.8341245651245117,
        0.8311668634414673,
        0.8400663137435913,
        0.8377480506896973,
        0.831405758857727,
        0.8355209231376648,
        0.8680347204208374,
        0.8727919459342957,
        0.8747137188911438,
        0.8774465322494507
    ],
    "train_mape": [
        31.892263412475586,
        17.67427635192871,
        17.036523818969727,
        16.45522117614746,
        16.389869689941406,
        15.767836570739746,
        15.614496231079102,
        15.561702728271484,
        15.761836051940918,
        15.618830680847168,
        15.685014724731445,
        15.537298202514648,
        15.300653457641602,
        15.38693904876709,
        15.434739112854004,
        15.153755187988281,
        15.197322845458984,
        15.320513725280762,
        15.162002563476562,
        13.557124137878418,
        13.25955581665039,
        13.10699462890625,
        12.862585067749023
    ],
    "train_smape": [
        24.650667190551758,
        15.37755012512207,
        14.834017753601074,
        14.480927467346191,
        14.424562454223633,
        13.962608337402344,
        13.804342269897461,
        13.74612045288086,
        14.011369705200195,
        13.845379829406738,
        13.854974746704102,
        13.820470809936523,
        13.587824821472168,
        13.586221694946289,
        13.747446060180664,
        13.428327560424805,
        13.497771263122559,
        13.732817649841309,
        13.579203605651855,
        12.156050682067871,
        11.974669456481934,
        11.882558822631836,
        11.774796485900879
    ],
    "train_explained_variance": [
        -1.4307312965393066,
        0.7858648300170898,
        0.8024377822875977,
        0.8133666515350342,
        0.8138962388038635,
        0.8261885643005371,
        0.8295983076095581,
        0.830257773399353,
        0.8237105011940002,
        0.8290400505065918,
        0.8258194327354431,
        0.8292241096496582,
        0.8345075249671936,
        0.8341258764266968,
        0.8311687707901001,
        0.8400673270225525,
        0.8377487063407898,
        0.831407904624939,
        0.8355215787887573,
        0.8680358529090881,
        0.8727937340736389,
        0.8747137784957886,
        0.877447247505188
    ],
    "train_peak_error": [
        3.234433650970459,
        0.3583986759185791,
        0.32093775272369385,
        0.31446969509124756,
        0.37758946418762207,
        0.3710249662399292,
        0.35783112049102783,
        0.32186150550842285,
        0.39559227228164673,
        0.3211492896080017,
        0.32716917991638184,
        0.33725059032440186,
        0.3310490846633911,
        0.3026697039604187,
        0.3186938166618347,
        0.3286871910095215,
        0.3319751024246216,
        0.3304275870323181,
        0.30070817470550537,
        0.2725036144256592,
        0.2823273539543152,
        0.2556656002998352,
        0.25118744373321533
    ],
    "val_loss": [
        0.0039285181972647095,
        0.0032604866564314035,
        0.003781257647779777,
        0.0030905766198880595,
        0.0034264597785156623,
        0.00348061965570765,
        0.003345938921041733,
        0.003020704889656614,
        0.004024320734235988,
        0.0035671964435161447,
        0.0032619415887249568,
        0.003422930525924019,
        0.00322886028787684,
        0.004763697812588309,
        0.003588343033242113,
        0.004390555723308981,
        0.0033787146338643574,
        0.003424685542813415,
        0.0041301731302624016,
        0.003098679599955196,
        0.003107684361781898,
        0.0031718485988006533,
        0.003337688408088502
    ],
    "val_mae": [
        0.04933328926563263,
        0.045357394963502884,
        0.048679422587156296,
        0.04394190385937691,
        0.04640683904290199,
        0.04669841006398201,
        0.04573139548301697,
        0.043205056339502335,
        0.050985220819711685,
        0.047264374792575836,
        0.045193593949079514,
        0.04690137133002281,
        0.045132748782634735,
        0.05584399402141571,
        0.0481402724981308,
        0.052602577954530716,
        0.046212419867515564,
        0.04671189934015274,
        0.051911357790231705,
        0.04454544931650162,
        0.0444931797683239,
        0.04480506852269173,
        0.046150438487529755
    ],