{
    "train_loss": [
        0.008130548326479735,
        0.0036279107084385693,
        0.0033808338973769377,
        0.0032362273723640115,
        0.0031098566163922496,
        0.0029900270484285833,
        0.0028854801177199073,
        0.0028143935721467923,
        0.002788633141553679,
        0.0027408825354643114,
        0.0026309390617241905,
        0.0025865832402755984,
        0.002559476645764348,
        0.002456814637802098,
        0.0024885119793427272,
        0.0023104278379982657,
        0.002233553667748809
    ],
    "train_mae": [
        0.06453069299459457,
        0.047007109969854355,
        0.04528209567070007,
        0.044119179248809814,
        0.04337050020694733,
        0.04262971132993698,
        0.041654374450445175,
        0.041107166558504105,
        0.041003499180078506,
        0.040810052305459976,
        0.03978949040174484,
        0.039413515478372574,
        0.03938183933496475,
        0.03842289745807648,
        0.0388665571808815,
        0.037250395864248276,
        0.03679664805531502
    ],
    "train_mse": [
        0.00813054759055376,
        0.0036279105115681887,
        0.0033808336593210697,
        0.0032362276688218117,
        0.0031098565086722374,
        0.002990027191117406,
        0.0028854801785200834,
        0.002814393723383546,
        0.0027886333409696817,
        0.0027408823370933533,
        0.002630939008668065,
        0.002586583374068141,
        0.00255947676487267,
        0.002456814516335726,
        0.0024885120801627636,
        0.002310427837073803,
        0.0022335536777973175
    ],
    "train_rmse": [
        0.09016954898834229,
        0.06023214012384415,
        0.058144938200712204,
        0.056887850165367126,
        0.055766087025403976,
        0.054681140929460526,
        0.053716666996479034,
        0.05305086076259613,
        0.0528075136244297,
        0.05235343798995018,
        0.05129268020391464,
        0.05085846409201622,
        0.05059127137064934,
        0.04956626519560814,
        0.049884989857673645,
        0.04806691035628319,
        0.04726048931479454
    ],
    "train_r2": [
        0.6177976131439209,
        0.829458475112915,
        0.8410730957984924,
        0.8478708267211914,
        0.8538112640380859,
        0.8594442009925842,
        0.8643587827682495,
        0.867700457572937,
        0.8689113855361938,
        0.8711560964584351,
        0.8763242959976196,
        0.8784093856811523,
        0.8796836137771606,
        0.8845095634460449,
        0.8830195665359497,
        0.8913909792900085,
        0.8950046896934509
    ],
    "train_mape": [
        21.142147064208984,
        15.881970405578613,
        15.176084518432617,
        14.697586059570312,
        14.453845977783203,
        14.196986198425293,
        13.784958839416504,
        13.582834243774414,
        13.4566650390625,
        13.424962997436523,
        12.959599494934082,
        12.890633583068848,
        12.76096248626709,
        12.401805877685547,
        12.504191398620605,
        11.993301391601562,
        11.81560230255127
    ],
    "train_smape": [
        18.905691146850586,
        13.865221977233887,
        13.354732513427734,
        13.035628318786621,
        12.85413932800293,
        12.636852264404297,
        12.351773262023926,
        12.202232360839844,
        12.152667999267578,
        12.0918550491333,
        11.81478214263916,
        11.700754165649414,
        11.645759582519531,
        11.35554027557373,
        11.431486129760742,
        11.031473159790039,
        10.861333847045898
    ],
    "train_explained_variance": [
        0.6185673475265503,
        0.829458475112915,
        0.8410733342170715,
        0.8478723764419556,
        0.853812575340271,
        0.8594447374343872,
        0.8643620014190674,
        0.8677031397819519,
        0.8689126968383789,
        0.8711576461791992,
        0.8763253092765808,
        0.8784101009368896,
        0.8796838521957397,
        0.8845115303993225,
        0.88302081823349,
        0.8913913369178772,
        0.89500492811203
    ],
    "train_peak_error": [
        0.8420495986938477,
        0.3392590880393982,
        0.33797240257263184,
        0.3070240616798401,
        0.3198520541191101,
        0.3087693452835083,
        0.3096732497215271,
        0.3175227642059326,
        0.2905375361442566,
        0.27762359380722046,
        0.3140580654144287,
        0.25265753269195557,
        0.2599470913410187,
        0.23711591958999634,
        0.2804819643497467,
        0.2333807349205017,
        0.22388333082199097
    ],
    "val_loss": [
        0.0036398000755890024,
        0.003146376425681783,
        0.00365697310312832,
        0.0032092200805895407,
        0.0036780925776487847,
        0.003208858557715476,
        0.003139690473548425,
        0.0037444818871457584,
        0.0035374259968830955,
        0.0037375479286683977,
        0.0037753880849416307,
        0.003756777763152294,
        0.003567500225462609,
        0.003531742961943257,
        0.0034111118519665313,
        0.0038116409072129847,
        0.003559483202951525
    ],
    "val_mae": [
        0.047715313732624054,
        0.04414428398013115,
        0.0482327900826931,
        0.04486376792192459,
        0.04765491932630539,
        0.044776540249586105,
        0.04463256523013115,
        0.04798330366611481,
        0.04702288657426834,
        0.0482175275683403,
        0.04944189265370369,
        0.049578968435525894,
        0.047275610268116,
        0.047356851398944855,
        0.046907830983400345,
        0.04891200736165047,
        0.04779445379972458
    ],
    "val_mse": [
        0.0036398000083863735,
        0.003146376460790634,
        0.003656972898170352,
        0.0032092202454805374,
        0.003678092733025551,
        0.003208858659490943,
        0.003139690263196826,
        0.0037444818299263716,
        0.003537425771355629,
        0.0037375481333583593,
        0.00377538800239563,
        0.003756777849048376,
        0.0035675002727657557,
        0.003531743073835969,
        0.0034111118875443935,
        0.0038116411305963993,
        0.0035594829823821783
    ],
    "val_rmse": [
        0.06033075600862503,
        0.05609257146716118,
        0.06047290936112404,
        0.05664997920393944,
        0.060647282749414444,
        0.056646790355443954,
        0.0560329407453537,
        0.06119216978549957,
        0.05947626382112503,
        0.061135489493608475,
        0.06144418567419052,
        0.061292558908462524,
        0.059728555381298065,
        0.05942847207188606,
        0.058404725044965744,
        0.06173849105834961,
        0.05966140329837799
    ],
    "val_r2": [
        0.7466962933540344,
        0.7810349464416504,
        0.7455011606216431,
        0.7766615152359009,
        0.7440314292907715,
        0.7766866683959961,
        0.7815003395080566,
        0.7394111752510071,
        0.7538207769393921,
        0.7398936748504639,
        0.7372603416442871,
        0.7385554313659668,
        0.751727819442749,
        0.7542162537574768,
        0.7626113295555115,
        0.7347373962402344,
        0.7522857785224915
    ],
    "val_mape": [
        26.920089721679688,
        22.106361389160156,
        21.237009048461914,
        21.27556037902832,
        22.377824783325195,
        20.236223220825195,
        21.943553924560547,
        19.668970108032227,
        19.8758487701416,
        21.374778747558594,
        25.00167465209961,
        25.491073608398438,
        20.869115829467773,
        21.954315185546875,
        23.23847198486328,
        23.433879852294922,
        23.362098693847656
    ],