{
    "train_loss": [
        0.014027251077080393,
        0.0048157819044601655,
        0.004110103786071628,
        0.0038046261420760065,
        0.003591650626187509,
        0.003494188521937992,
        0.0033173848612426714,
        0.0032643932959139656,
        0.003181138188431453,
        0.003159560348850572,
        0.0031056898948155017,
        0.0030684645857590362,
        0.0029931802188769446,
        0.00300229480607991,
        0.002966824261638729,
        0.0029337518621623663,
        0.00288206092708723,
        0.0028914671882098253,
        0.0028200526787425786,
        0.0027941339312300057,
        0.0027827590130984872,
        0.0027708014613623028,
        0.0026820510833401225,
        0.002735942407779242,
        0.002656521661837215,
        0.002659435153502912,
        0.002629957816095474,
        0.0026020697502213345
    ],
    "train_mae": [
        0.08530640602111816,
        0.05425260215997696,
        0.0498749315738678,
        0.04779587686061859,
        0.04657221585512161,
        0.04585970193147659,
        0.04472694918513298,
        0.044297102838754654,
        0.04376286268234253,
        0.04359498247504234,
        0.04320709779858589,
        0.042969804257154465,
        0.042443860322237015,
        0.04248354956507683,
        0.04229731112718582,
        0.041890475898981094,
        0.04154173284769058,
        0.04180284962058067,
        0.04116873815655708,
        0.04097333550453186,
        0.040937814861536026,
        0.04081859439611435,
        0.040139731019735336,
        0.0406123548746109,
        0.040034838020801544,
        0.04010043293237686,
        0.039866942912340164,
        0.039522819221019745
    ],
    "train_mse": [
        0.014027250930666924,
        0.004815781954675913,
        0.004110103938728571,
        0.003804625943303108,
        0.0035916506312787533,
        0.0034941884223371744,
        0.00331738474778831,
        0.0032643929589539766,
        0.003181138075888157,
        0.003159560263156891,
        0.0031056900043040514,
        0.003068464808166027,
        0.0029931804165244102,
        0.0030022950377315283,
        0.002966824220493436,
        0.0029337520245462656,
        0.0028820610605180264,
        0.002891467185690999,
        0.002820052672177553,
        0.0027941339649260044,
        0.0027827590238302946,
        0.002770801307633519,
        0.002682051155716181,
        0.002735942369326949,
        0.002656521974131465,
        0.0026594349183142185,
        0.002629957627505064,
        0.0026020698715001345
    ],
    "train_rmse": [
        0.11843669414520264,
        0.06939583271741867,
        0.06411009281873703,
        0.06168165057897568,
        0.059930380433797836,
        0.059111662209033966,
        0.05759674310684204,
        0.05713486671447754,
        0.056401576846838,
        0.05620996654033661,
        0.055728718638420105,
        0.055393725633621216,
        0.054709967225790024,
        0.05479320138692856,
        0.054468560963869095,
        0.05416412279009819,
        0.05368483066558838,
        0.05377236381173134,
        0.05310416966676712,
        0.05285956710577011,
        0.05275186151266098,
        0.052638400346040726,
        0.05178852379322052,
        0.05230623483657837,
        0.05154145881533623,
        0.051569707691669464,
        0.05128311365842819,
        0.05101048946380615
    ],
    "train_r2": [
        0.3406042456626892,
        0.773618757724762,
        0.8067914247512817,
        0.8211513757705688,
        0.8311629891395569,
        0.8357445001602173,
        0.844055712223053,
        0.8465467691421509,
        0.850460410118103,
        0.8514747619628906,
        0.8540071249008179,
        0.8557569980621338,
        0.8592959642410278,
        0.8588675260543823,
        0.8605349659919739,
        0.8620896339416504,
        0.8645195364952087,
        0.8640773296356201,
        0.8674344420433044,
        0.8686528205871582,
        0.8691875338554382,
        0.8697496652603149,
        0.8739216327667236,
        0.87138831615448,
        0.8751217126846313,
        0.8749847412109375,
        0.8763704299926758,
        0.8776813745498657
    ],
    "train_mape": [
        27.765460968017578,
        18.200101852416992,
        16.996227264404297,
        16.32782745361328,
        15.848596572875977,
        15.628756523132324,
        15.214106559753418,
        14.996015548706055,
        14.77668571472168,
        14.757129669189453,
        14.606383323669434,
        14.437894821166992,
        14.18013858795166,
        14.174985885620117,
        14.074437141418457,
        13.945761680603027,
        13.836100578308105,
        13.883757591247559,
        13.684834480285645,
        13.614728927612305,
        13.570170402526855,
        13.454869270324707,
        13.252019882202148,
        13.460406303405762,
        13.216440200805664,
        13.278643608093262,
        13.149307250976562,
        13.020445823669434
    ],
    "train_smape": [
        24.702388763427734,
        15.714417457580566,
        14.64726448059082,
        14.08981990814209,
        13.759289741516113,
        13.55929183959961,
        13.252724647521973,
        13.110499382019043,
        12.966069221496582,
        12.920466423034668,
        12.817788124084473,
        12.74605941772461,
        12.57895278930664,
        12.611939430236816,
        12.536173820495605,
        12.415518760681152,
        12.327898025512695,
        12.397869110107422,
        12.243964195251465,
        12.163236618041992,
        12.142098426818848,
        12.10261344909668,
        11.936626434326172,
        12.06020450592041,
        11.900291442871094,
        11.9067964553833,
        11.849899291992188,
        11.749271392822266
    ],
    "train_explained_variance": [
        0.34833186864852905,
        0.7736247777938843,
        0.806797981262207,
        0.8211552500724792,
        0.8311687707901001,
        0.8357516527175903,
        0.844056248664856,
        0.8465467691421509,
        0.8504630327224731,
        0.8514763116836548,
        0.8540071249008179,
        0.8557570576667786,
        0.8592965602874756,
        0.8588677644729614,
        0.8605366349220276,
        0.8620927929878235,
        0.8645195960998535,
        0.8640777468681335,
        0.8674367666244507,
        0.868652880191803,
        0.8691885471343994,
        0.8697509169578552,
        0.8739216327667236,
        0.8713886141777039,
        0.8751218318939209,
        0.874984860420227,
        0.8763704299926758,
        0.8776814937591553
    ],
    "train_peak_error": [
        0.8914712071418762,
        0.3666257858276367,
        0.36249399185180664,
        0.34705179929733276,
        0.32794320583343506,
        0.30805814266204834,
        0.32671982049942017,
        0.2994447350502014,
        0.3066714406013489,
        0.30448001623153687,
        0.292259156703949,
        0.28741276264190674,
        0.29265254735946655,
        0.30625057220458984,
        0.3074982166290283,
        0.282329261302948,
        0.29185324907302856,
        0.2873392105102539,
        0.2784731984138489,
        0.2757710814476013,
        0.2772262692451477,
        0.2580907344818115,
        0.2698599100112915,
        0.2657756805419922,
        0.25531119108200073,
        0.2506050765514374,
        0.2551031708717346,
        0.2576500177383423
    ],