{
    "train_loss": [
        0.009037959868340675,
        0.0045274597679899695,
        0.004159674002013055,
        0.004117336399644863,
        0.003988230108227832,
        0.003973083633597006,
        0.0040664236432105165,
        0.0039392966754148865,
        0.0040750579832603846,
        0.004177495448830052,
        0.004322153732866788,
        0.004055247841676636,
        0.003918985829669637,
        0.004075577391635436,
        0.003998487372011793,
        0.004052646544941274,
        0.0038282628243387993,
        0.0035440348861163463,
        0.0035234249414208777,
        0.003574513816149833,
        0.0035028328768808652
    ],
    "train_mae": [
        0.0676732137799263,
        0.052548330277204514,
        0.050374384969472885,
        0.050086610019207,
        0.04918040707707405,
        0.04907744750380516,
        0.049643319100141525,
        0.048957858234643936,
        0.049718596041202545,
        0.05036039277911186,
        0.05136328563094139,
        0.049555785953998566,
        0.04871436208486557,
        0.04978497698903084,
        0.0493558906018734,
        0.049622565507888794,
        0.048158321529626846,
        0.04603969678282738,
        0.04592598229646683,
        0.046328503638505936,
        0.04582352563738823
    ],
    "train_mse": [
        0.009037960320711136,
        0.004527459852397442,
        0.004159674048423767,
        0.0041173361241817474,
        0.003988230135291815,
        0.003973084036260843,
        0.00406642397865653,
        0.003939296584576368,
        0.004075057804584503,
        0.004177495837211609,
        0.004322153516113758,
        0.004055248107761145,
        0.003918985836207867,
        0.004075577016919851,
        0.003998487256467342,
        0.004052646923810244,
        0.0038282626774162054,
        0.0035440349020063877,
        0.003523424733430147,
        0.003574513830244541,
        0.0035028329584747553
    ],
    "train_rmse": [
        0.09506818652153015,
        0.0672864019870758,
        0.06449553370475769,
        0.06416647136211395,
        0.06315243244171143,
        0.06303240358829498,
        0.06376852095127106,
        0.06276381760835648,
        0.06383617967367172,
        0.06463354825973511,
        0.065743088722229,
        0.06368082761764526,
        0.06260180473327637,
        0.06384024769067764,
        0.06323359161615372,
        0.0636604055762291,
        0.06187295541167259,
        0.0595317967236042,
        0.059358444064855576,
        0.059787239879369736,
        0.059184737503528595
    ],
    "train_r2": [
        0.5751417875289917,
        0.7871723175048828,
        0.8044612407684326,
        0.8064514398574829,
        0.8125205039978027,
        0.8132325410842896,
        0.8088447451591492,
        0.8148207664489746,
        0.8084388971328735,
        0.8036234974861145,
        0.7968233823776245,
        0.8093701004981995,
        0.8157755732536316,
        0.8084144592285156,
        0.8120383024215698,
        0.8094923496246338,
        0.8200402855873108,
        0.8334013223648071,
        0.8343701362609863,
        0.8319685459136963,
        0.8353381752967834
    ],
    "train_mape": [
        22.378440856933594,
        17.641408920288086,
        16.977643966674805,
        16.863033294677734,
        16.58529281616211,
        16.578096389770508,
        16.85643768310547,
        16.627750396728516,
        16.814733505249023,
        16.98227882385254,
        17.196256637573242,
        16.764986038208008,
        16.339570999145508,
        16.782669067382812,
        16.53362464904785,
        16.795703887939453,
        16.243793487548828,
        15.626091003417969,
        15.487855911254883,
        15.604917526245117,
        15.450200080871582
    ],
    "train_smape": [
        19.114465713500977,
        15.387921333312988,
        14.760149955749512,
        14.679134368896484,
        14.472237586975098,
        14.435346603393555,
        14.597509384155273,
        14.447179794311523,
        14.60291862487793,
        14.761333465576172,
        15.009847640991211,
        14.587823867797852,
        14.324615478515625,
        14.610838890075684,
        14.496763229370117,
        14.595844268798828,
        14.180466651916504,
        13.629764556884766,
        13.604268074035645,
        13.684858322143555,
        13.569146156311035
    ],
    "train_explained_variance": [
        0.5751557946205139,
        0.7871866822242737,
        0.8044692277908325,
        0.8064533472061157,
        0.8125209808349609,
        0.8132332563400269,
        0.8088482618331909,
        0.8148229718208313,
        0.8084400296211243,
        0.8036234974861145,
        0.7968233823776245,
        0.8093703389167786,
        0.8157761693000793,
        0.8084145784378052,
        0.8120390176773071,
        0.8094930052757263,
        0.8200404047966003,
        0.8334019780158997,
        0.8343706130981445,
        0.831969678401947,
        0.8353384137153625
    ],
    "train_peak_error": [
        1.0807678699493408,
        0.3452432155609131,
        0.38817787170410156,
        0.361860990524292,
        0.35069215297698975,
        0.3410343527793884,
        0.37760239839553833,
        0.3449597954750061,
        0.38564181327819824,
        0.3678120970726013,
        0.40437400341033936,
        0.3901050090789795,
        0.36250805854797363,
        0.3821890950202942,
        0.4195880889892578,
        0.41001683473587036,
        0.3951526880264282,
        0.3465297818183899,
        0.3497777581214905,
        0.3653462529182434,
        0.3570725917816162
    ],
    "val_loss": [
        0.0035920583385397956,
        0.003687409881549291,
        0.004972125726530878,
        0.003497573765423551,
        0.004279583973957481,
        0.003299529961471131,
        0.003999290822154219,
        0.004642983171887856,
        0.0037088808913802286,
        0.0035475085651930824,
        0.003688215334504414,
        0.0037389421791320654,
        0.0056643090509682255,
        0.003814954534893279,
        0.0036908784327465746,
        0.0035110481478032663,
        0.003503707319853171,
        0.0034553392072000522,
        0.0033207597190902816,
        0.003447313045332436,
        0.0037638585447340453
    ],
    "val_mae": [
        0.048036471009254456,
        0.04850488901138306,
        0.05688609927892685,
        0.046635325998067856,
        0.05254112929105759,
        0.04501831531524658,
        0.05001320689916611,
        0.05420444533228874,
        0.048069000244140625,
        0.04683315381407738,
        0.047977276146411896,
        0.04799281433224678,
        0.06088509410619736,
        0.04881083220243454,
        0.04807857424020767,
        0.04682929068803787,
        0.04697984457015991,
        0.04637126997113228,
        0.04542310908436775,
        0.04605797305703163,
        0.04886245355010033
    ],
    "val_mse": [
        0.003592058317735791,
        0.0036874099168926477,
        0.004972125869244337,
        0.003497573547065258,
        0.0042795841582119465,
        0.003299530129879713,
        0.0039992909878492355,
        0.004642983432859182,
        0.0037088808603584766,
        0.00354750850237906,
        0.0036882152780890465,
        0.003738942090421915,
        0.005664309021085501,
        0.003814954310655594,
        0.0036908783949911594,
        0.0035110481549054384,
        0.0035037072375416756,
        0.0034553389996290207,
        0.0033207598607987165,
        0.003447313094511628,
        0.0037638586945831776
    ],