{
    "train_loss": [
        0.009555286942401426,
        0.004577686944679549,
        0.004308970800379825,
        0.004154692136172695,
        0.00393824892811304,
        0.0037288071282019536,
        0.003755248052145549,
        0.0035956283754576203,
        0.003438616186726162,
        0.003524744953613011,
        0.003296517050406077,
        0.0032138372514736034,
        0.003127457097817771,
        0.0031135273532302476,
        0.002895376568298179,
        0.00287001575423163,
        0.0024312839387719987,
        0.0023199812645002143,
        0.0023050817170298605,
        0.0022136033750466623,
        0.0021568233382961346,
        0.002131967259437405,
        0.0019952792341951984,
        0.0019875093872912613,
        0.0019909453156577513
    ],
    "train_mae": [
        0.07143719494342804,
        0.05311811342835426,
        0.05149693414568901,
        0.050370942801237106,
        0.04904012382030487,
        0.047669392079114914,
        0.04779974743723869,
        0.046789802610874176,
        0.04565735161304474,
        0.046227749437093735,
        0.04478415101766586,
        0.04432814568281174,
        0.04367152974009514,
        0.04349062964320183,
        0.04207977280020714,
        0.041840631514787674,
        0.03836217150092125,
        0.03748675435781479,
        0.037209417670965195,
        0.03642026707530022,
        0.036147430539131165,
        0.035945046693086624,
        0.0347464345395565,
        0.034596998244524,
        0.034660544246435165
    ],
    "train_mse": [
        0.009555286727845669,
        0.004577687010169029,
        0.004308971110731363,
        0.004154692403972149,
        0.003938248846679926,
        0.0037288072053343058,
        0.0037552479188889265,
        0.003595628309994936,
        0.003438616404309869,
        0.0035247448831796646,
        0.0032965170685201883,
        0.0032138372771441936,
        0.003127457108348608,
        0.0031135273166000843,
        0.0028953764121979475,
        0.002870015799999237,
        0.002431283937767148,
        0.0023199813440442085,
        0.00230508204549551,
        0.002213603351265192,
        0.00215682340785861,
        0.0021319673396646976,
        0.0019952792208641768,
        0.00198750919662416,
        0.0019909453112632036
    ],
    "train_rmse": [
        0.09775114804506302,
        0.06765860319137573,
        0.06564275175333023,
        0.06445690244436264,
        0.06275546550750732,
        0.06106396019458771,
        0.06128007918596268,
        0.05996355786919594,
        0.05863971635699272,
        0.059369560331106186,
        0.057415302842855453,
        0.05669071525335312,
        0.055923670530319214,
        0.05579898878931999,
        0.053808700293302536,
        0.053572528064250946,
        0.04930805042386055,
        0.0481661856174469,
        0.04801126942038536,
        0.04704894497990608,
        0.046441614627838135,
        0.04617323353886604,
        0.04466854780912399,
        0.04458148777484894,
        0.04462001100182533
    ],
    "train_r2": [
        0.5508232116699219,
        0.7848111987113953,
        0.7974430322647095,
        0.8046954274177551,
        0.8148700594902039,
        0.8247154951095581,
        0.8234725594520569,
        0.8309760093688965,
        0.8383568525314331,
        0.8343080878257751,
        0.8450366854667664,
        0.8489233255386353,
        0.8529838919639587,
        0.8536387085914612,
        0.8638936281204224,
        0.8650857210159302,
        0.8857097625732422,
        0.890941858291626,
        0.8916422724723816,
        0.8959425091743469,
        0.8986116051673889,
        0.8997800946235657,
        0.9062055349349976,
        0.9065707921981812,
        0.9064092636108398
    ],
    "train_mape": [
        23.31221580505371,
        17.703100204467773,
        17.388092041015625,
        16.862934112548828,
        16.528833389282227,
        15.897295951843262,
        15.835821151733398,
        15.511284828186035,
        15.009366035461426,
        15.299664497375488,
        14.823286056518555,
        14.469191551208496,
        14.330585479736328,
        14.090076446533203,
        13.694217681884766,
        13.711947441101074,
        12.20572280883789,
        11.911120414733887,
        11.72679615020752,
        11.463481903076172,
        11.28184986114502,
        11.254982948303223,
        10.724224090576172,
        10.784463882446289,
        10.859036445617676
    ],
    "train_smape": [
        20.598676681518555,
        15.562593460083008,
        15.154269218444824,
        14.847114562988281,
        14.505314826965332,
        14.104411125183105,
        14.120827674865723,
        13.831368446350098,
        13.452982902526855,
        13.716195106506348,
        13.281350135803223,
        13.114338874816895,
        12.919574737548828,
        12.794947624206543,
        12.465116500854492,
        12.435174942016602,
        11.26020336151123,
        11.044013977050781,
        10.880050659179688,
        10.705257415771484,
        10.626977920532227,
        10.577635765075684,
        10.169212341308594,
        10.150710105895996,
        10.190898895263672
    ],
    "train_explained_variance": [
        0.5511825084686279,
        0.7848144769668579,
        0.7974474430084229,
        0.8047004342079163,
        0.8148720264434814,
        0.8247186541557312,
        0.823474645614624,
        0.8309781551361084,
        0.8383568525314331,
        0.8343083262443542,
        0.8450385928153992,
        0.8489287495613098,
        0.8529850840568542,
        0.8536419868469238,
        0.8638937473297119,
        0.8650871515274048,
        0.8857124447822571,
        0.8909426927566528,
        0.8916433453559875,
        0.8959425091743469,
        0.8986124396324158,
        0.8997806310653687,
        0.9062055349349976,
        0.9065707921981812,
        0.9064101576805115
    ],
    "train_peak_error": [
        0.859531819820404,
        0.35865694284439087,
        0.3759644627571106,
        0.3519008755683899,
        0.3473578691482544,
        0.27521562576293945,
        0.3225349187850952,
        0.30890166759490967,
        0.2989426851272583,
        0.34488552808761597,
        0.2712481617927551,
        0.2597482204437256,
        0.2830062508583069,
        0.2511669993400574,
        0.2572214603424072,
        0.27417755126953125,
        0.2630954384803772,
        0.2409106194972992,
        0.2537255883216858,
        0.24045616388320923,
        0.22987884283065796,
        0.23965367674827576,
        0.2493617832660675,
        0.23330557346343994,
        0.24022188782691956
    ],
    "val_loss": [
        0.003712334799205067,
        0.00367047495265632,
        0.004640311706382379,
        0.0036009190310288567,
        0.003397152399051291,
        0.004326322205069897,
        0.0035464511835183814,
        0.003462416678432563,
        0.0036995898571079797,
        0.003335495796741368,
        0.004124782685284241,
        0.004719974060539532,
        0.0036797546020461073,
        0.004596539021121244,
        0.004230864904720417,
        0.005412603567803292,
        0.004332850555782106,
        0.004409161028393591,
        0.004414370563584748,
        0.004758308418363119,
        0.004602187156824649,
        0.0047793735789048,
        0.00515967441404493,
        0.005095027157376862,
        0.005113573464022266
    ],