{
    "train_loss": [
        0.006664851899562659,
        0.003717685266579999,
        0.0032992349191128157,
        0.0031911010163895026,
        0.0031131936382664807,
        0.002960865841550365,
        0.002845354312827725,
        0.0028014446810817814,
        0.002649099332783043,
        0.0024708931639844983,
        0.002406673951118212,
        0.0022955394154059753,
        0.0023280802604729806,
        0.0017829531581882877,
        0.0017209448189783225,
        0.0017005048545598572,
        0.001677586681446703
    ],
    "train_mae": [
        0.060887131839990616,
        0.04772740602493286,
        0.04470212385058403,
        0.044085122644901276,
        0.0434889942407608,
        0.04243497923016548,
        0.04163141921162605,
        0.04127313196659088,
        0.04013858735561371,
        0.03876364976167679,
        0.03833809122443199,
        0.037289511412382126,
        0.037682801485061646,
        0.03250936046242714,
        0.031918078660964966,
        0.03169699013233185,
        0.0315178819000721
    ],
    "train_mse": [
        0.006664851680397987,
        0.0037176853511482477,
        0.00329923490062356,
        0.0031911011319607496,
        0.003113193903118372,
        0.0029608658514916897,
        0.002845354378223419,
        0.002801444847136736,
        0.0026490993332117796,
        0.002470893319696188,
        0.002406673738732934,
        0.0022955392487347126,
        0.0023280801251530647,
        0.0017829532735049725,
        0.0017209448851644993,
        0.001700504799373448,
        0.0016775866970419884
    ],
    "train_rmse": [
        0.08163854479789734,
        0.060972824692726135,
        0.057438965886831284,
        0.05648983269929886,
        0.055796001106500626,
        0.05441384017467499,
        0.05334186181426048,
        0.052928678691387177,
        0.05146940052509308,
        0.04970807954668999,
        0.04905785992741585,
        0.047911785542964935,
        0.04825018346309662,
        0.042225033044815063,
        0.041484273970127106,
        0.041237179189920425,
        0.04095835238695145
    ],
    "train_r2": [
        0.6866973638534546,
        0.8252383470535278,
        0.8449089527130127,
        0.8499920964241028,
        0.8536543846130371,
        0.8608150482177734,
        0.8662450313568115,
        0.8683091402053833,
        0.8754706382751465,
        0.8838477730751038,
        0.8868666291236877,
        0.8920908570289612,
        0.8905611634254456,
        0.9161865711212158,
        0.9191014766693115,
        0.9200623035430908,
        0.921139657497406
    ],
    "train_mape": [
        20.011056900024414,
        16.060495376586914,
        14.883353233337402,
        14.75795841217041,
        14.412026405334473,
        14.162893295288086,
        13.650046348571777,
        13.625542640686035,
        13.224847793579102,
        12.821928977966309,
        12.55515193939209,
        12.197002410888672,
        12.198541641235352,
        10.446928024291992,
        10.240683555603027,
        10.106292724609375,
        10.033126831054688
    ],
    "train_smape": [
        17.585512161254883,
        14.086905479431152,
        13.173540115356445,
        13.074588775634766,
        12.816516876220703,
        12.593454360961914,
        12.30831527709961,
        12.231471061706543,
        11.869239807128906,
        11.52012825012207,
        11.383273124694824,
        11.03702163696289,
        11.146069526672363,
        9.594940185546875,
        9.414867401123047,
        9.34166145324707,
        9.28394889831543
    ],
    "train_explained_variance": [
        0.6867040395736694,
        0.8252383470535278,
        0.8449089527130127,
        0.8499941825866699,
        0.8536556959152222,
        0.8608152866363525,
        0.8662450313568115,
        0.8683105111122131,
        0.875470757484436,
        0.883849024772644,
        0.8868666887283325,
        0.8920921683311462,
        0.890566349029541,
        0.9161874651908875,
        0.919101893901825,
        0.9200624227523804,
        0.9211401343345642
    ],
    "train_peak_error": [
        0.49527084827423096,
        0.3711391091346741,
        0.3100404739379883,
        0.264187216758728,
        0.26284247636795044,
        0.26294511556625366,
        0.26357609033584595,
        0.2572653293609619,
        0.23531585931777954,
        0.23035752773284912,
        0.26999998092651367,
        0.243014395236969,
        0.2488713562488556,
        0.2256203293800354,
        0.21658241748809814,
        0.22153067588806152,
        0.21788299083709717
    ],
    "val_loss": [
        0.0035092833686432394,
        0.003398068640146592,
        0.0035670618291461856,
        0.004939649012743783,
        0.004325292057645836,
        0.0036135427615933604,
        0.0035719208984816677,
        0.0038795488296920876,
        0.0036028582064381283,
        0.004305961335298987,
        0.0039860746061275276,
        0.0037491755232067522,
        0.004320745664253402,
        0.003954792857411311,
        0.00417272452630183,
        0.004132882552355421,
        0.0041532297562405784
    ],
    "val_mae": [
        0.046764519065618515,
        0.045837029814720154,
        0.04745188355445862,
        0.05714242160320282,
        0.053232207894325256,
        0.047322943806648254,
        0.04654621705412865,
        0.04994857683777809,
        0.04792977496981621,
        0.05244499444961548,
        0.050064802169799805,
        0.04776737838983536,
        0.0526692196726799,
        0.05000818520784378,
        0.0514182448387146,
        0.05126497894525528,
        0.051196858286857605
    ],
    "val_mse": [
        0.003509283298626542,
        0.0033980687148869038,
        0.0035670618526637554,
        0.004939649254083633,
        0.004325292073190212,
        0.003613542765378952,
        0.003571920795366168,
        0.0038795487489551306,
        0.0036028583999723196,
        0.004305961076170206,
        0.003986074589192867,
        0.0037491756957024336,
        0.004320745822042227,
        0.003954792860895395,
        0.004172724671661854,
        0.004132882691919804,
        0.004153229296207428
    ],
    "val_rmse": [
        0.05923920497298241,
        0.05829295516014099,
        0.05972488597035408,
        0.07028263807296753,
        0.06576695293188095,
        0.06011275202035904,
        0.05976554751396179,
        0.062286023050546646,
        0.06002381443977356,
        0.0656198188662529,
        0.06313537061214447,
        0.06123051419854164,
        0.06573238223791122,
        0.06288714706897736,
        0.06459663063287735,
        0.06428749859333038,
        0.06444555521011353
    ],
    "val_r2": [
        0.7557792663574219,
        0.7635190486907959,
        0.751758337020874,
        0.6562361717224121,
        0.6989910006523132,
        0.7485235929489136,
        0.7514201998710632,
        0.7300114631652832,
        0.7492671608924866,
        0.7003363370895386,
        0.7225980758666992,
        0.7390845417976379,
        0.699307382106781,
        0.7247750759124756,
        0.7096086144447327,
        0.7123813033103943,
        0.7109652757644653
    ],
    "val_mape": [
        22.428836822509766,
        20.582134246826172,
        24.058992385864258,
        31.878826141357422,
        27.722063064575195,
        22.00709342956543,
        20.44403839111328,
        24.000774383544922,
        23.679988861083984,
        25.594276428222656,
        22.77949333190918,
        21.223194122314453,
        25.154813766479492,
        23.360740661621094,
        24.192216873168945,
        24.229000091552734,
        23.577802658081055
    ],