{
    "train_loss": [
        0.011818975847479634,
        0.005351975656118056,
        0.004738199064788474,
        0.004709704466030561,
        0.004589656033697989,
        0.0043768895047623865,
        0.004726071565319056,
        0.004368890707386107,
        0.0043817501548002,
        0.004551109912628299,
        0.004319223785910758,
        0.003989496425303107,
        0.004077955736536547,
        0.00408743690673186,
        0.0040530054677009415
    ],
    "train_mae": [
        0.07305192947387695,
        0.05750427395105362,
        0.05361653491854668,
        0.05377309024333954,
        0.05304466933012009,
        0.05186451971530914,
        0.05378888547420502,
        0.05167176201939583,
        0.051857247948646545,
        0.052477430552244186,
        0.051412519067525864,
        0.0491773784160614,
        0.04981997609138489,
        0.049836415797472,
        0.049523260444402695
    ],
    "train_mse": [
        0.011818977072834969,
        0.005351976025849581,
        0.004738199058920145,
        0.00470970431342721,
        0.0045896559022367,
        0.004376889672130346,
        0.004726071376353502,
        0.004368891008198261,
        0.0043817502446472645,
        0.004551109857857227,
        0.004319223575294018,
        0.0039894962683320045,
        0.004077955614775419,
        0.004087436944246292,
        0.0040530054830014706
    ],
    "train_rmse": [
        0.10871511697769165,
        0.07315719872713089,
        0.0688345804810524,
        0.06862728297710419,
        0.06774699687957764,
        0.06615806370973587,
        0.0687464252114296,
        0.06609758734703064,
        0.06619478762149811,
        0.06746191531419754,
        0.06572079658508301,
        0.06316246092319489,
        0.06385887414216995,
        0.06393306702375412,
        0.06366322189569473
    ],
    "train_r2": [
        0.4444112181663513,
        0.7484133243560791,
        0.7772657871246338,
        0.7786052823066711,
        0.7842485308647156,
        0.7942503094673157,
        0.7778359055519104,
        0.7946263551712036,
        0.7940218448638916,
        0.7860605716705322,
        0.7969610691070557,
        0.8124610185623169,
        0.808302640914917,
        0.8078569769859314,
        0.8094755411148071
    ],
    "train_mape": [
        23.587438583374023,
        19.05152130126953,
        17.875436782836914,
        18.189823150634766,
        17.98781394958496,
        17.58964729309082,
        18.188291549682617,
        17.679746627807617,
        17.631248474121094,
        18.058029174804688,
        17.534130096435547,
        16.942771911621094,
        17.018396377563477,
        16.996551513671875,
        16.966089248657227
    ],
    "train_smape": [
        21.112075805664062,
        16.591230392456055,
        15.57177448272705,
        15.748969078063965,
        15.5122652053833,
        15.26970100402832,
        15.771251678466797,
        15.244269371032715,
        15.314909934997559,
        15.494515419006348,
        15.20988941192627,
        14.606467247009277,
        14.744470596313477,
        14.791661262512207,
        14.71144962310791
    ],
    "train_explained_variance": [
        0.4451197385787964,
        0.748528242111206,
        0.7773262858390808,
        0.7786332964897156,
        0.7842683792114258,
        0.7942587733268738,
        0.7778605222702026,
        0.7946290373802185,
        0.7940390706062317,
        0.7860605716705322,
        0.7969681024551392,
        0.812466025352478,
        0.8083027601242065,
        0.807860255241394,
        0.8094755411148071
    ],
    "train_peak_error": [
        1.1702932119369507,
        0.3815652132034302,
        0.35841596126556396,
        0.4273672103881836,
        0.39201390743255615,
        0.35900455713272095,
        0.3768351078033447,
        0.3630184531211853,
        0.3047698736190796,
        0.4355579614639282,
        0.30177247524261475,
        0.3636831045150757,
        0.37039291858673096,
        0.3404231667518616,
        0.33200979232788086
    ],
    "val_loss": [
        0.005116479343754782,
        0.004724028592111824,
        0.004066023831691245,
        0.00482742671647089,
        0.0035969918190414526,
        0.0041406689289448075,
        0.004085873219774192,
        0.0039003909927317133,
        0.005739355015320529,
        0.0055898724827352616,
        0.004174384517936881,
        0.003842815353582017,
        0.0039041573553607405,
        0.00385096930610619,
        0.0036565335696603324
    ],
    "val_mae": [
        0.057273149490356445,
        0.05390458181500435,
        0.0506407804787159,
        0.05467627942562103,
        0.04723665490746498,
        0.050313010811805725,
        0.050021711736917496,
        0.049501851201057434,
        0.059717919677495956,
        0.060056477785110474,
        0.05143038183450699,
        0.04864298552274704,
        0.04954720661044121,
        0.04875718057155609,
        0.047613903880119324
    ],
    "val_mse": [
        0.005116479471325874,
        0.0047240289859473705,
        0.004066023975610733,
        0.0048274267464876175,
        0.0035969919990748167,
        0.004140669014304876,
        0.004085873253643513,
        0.0039003908168524504,
        0.005739355459809303,
        0.005589872598648071,
        0.004174384754151106,
        0.003842815523967147,
        0.0039041570853441954,
        0.0038509692531079054,
        0.003656533546745777
    ],
    "val_rmse": [
        0.0715295672416687,
        0.06873156875371933,
        0.06376538425683975,
        0.06947968900203705,
        0.059974927455186844,
        0.06434802711009979,
        0.06392083317041397,
        0.06245310977101326,
        0.07575853168964386,
        0.07476545125246048,
        0.06460947543382645,
        0.06199044734239578,
        0.062483254820108414,
        0.062056176364421844,
        0.06046927720308304
    ],
    "val_r2": [
        0.6439300775527954,
        0.671241819858551,
        0.7170342206954956,
        0.664046049118042,
        0.7496753931045532,
        0.7118394374847412,
        0.7156528234481812,
        0.7285610437393188,
        0.600582480430603,
        0.6109853982925415,
        0.7094930410385132,
        0.7325679063796997,
        0.7282989025115967,
        0.732000470161438,
        0.7455317378044128
    ],
    "val_mape": [
        23.77733039855957,
        26.237178802490234,
        26.874797821044922,
        25.88813591003418,
        22.779964447021484,
        24.379329681396484,
        24.892610549926758,
        26.08085823059082,
        29.492712020874023,
        25.484207153320312,
        28.52507209777832,
        22.81064224243164,
        27.038562774658203,
        24.92922592163086,
        23.061264038085938
    ],
    "val_smape": [
        22.332073211669922,
        20.457862854003906,
        19.683225631713867,
        20.212810516357422,
        18.539268493652344,
        19.60689353942871,
        19.708433151245117,
        19.33540153503418,
        21.672895431518555,
        23.41180992126465,
        20.184898376464844,
        19.389915466308594,
        19.45477294921875,
        19.041759490966797,
        18.71868896484375
    ],
    "val_explained_variance": [
        0.7267024517059326,
        0.6812057495117188,
        0.7368499040603638,
        0.6966345310211182,
        0.7535719871520996,
        0.7121655344963074,
        0.7190296053886414,
        0.7309088706970215,
        0.6775434017181396,
        0.7332572937011719,
        0.7160996794700623,
        0.7326912879943848,
        0.7463545799255371,
        0.7481021285057068,
        0.7517273426055908
    ],