{
    "train_loss": [
        0.007857796370349451,
        0.0037535386158301116,
        0.0034656423484459168,
        0.003368314248052565,
        0.0032484355398940067,
        0.0031263318259771907,
        0.0030769801795144363,
        0.0030539537088542282,
        0.0029398223294054737,
        0.0029639217480624818,
        0.0028832147381526647,
        0.002835090953283486,
        0.0027878269274398686,
        0.0027501882947934195,
        0.002701726393887874,
        0.002703653824451759,
        0.0026040073095747207,
        0.002560024534131646,
        0.0025590837980873624,
        0.0025504717150553443,
        0.0025095773256508277,
        0.0024175359895515025,
        0.0024223270045098406,
        0.002359466311154294,
        0.0021080178522591363,
        0.0020858251058229324,
        0.0020787940677977814,
        0.002070925191387743
    ],
    "train_mae": [
        0.06413450092077255,
        0.047691404819488525,
        0.045650411397218704,
        0.04506904259324074,
        0.04416031390428543,
        0.04317076504230499,
        0.04301013797521591,
        0.0429176464676857,
        0.04194464534521103,
        0.04230906441807747,
        0.041581183671951294,
        0.04120932146906853,
        0.04096436873078346,
        0.04068075492978096,
        0.04020923376083374,
        0.0406448170542717,
        0.039568305015563965,
        0.03923162817955017,
        0.03919219970703125,
        0.03932284191250801,
        0.03901780769228935,
        0.03830287605524063,
        0.0382675975561142,
        0.03776688873767853,
        0.03559018671512604,
        0.03535894304513931,
        0.035297513008117676,
        0.035234324634075165
    ],
    "train_mse": [
        0.007857796736061573,
        0.0037535387091338634,
        0.0034656424541026354,
        0.003368314355611801,
        0.003248435677960515,
        0.003126331837847829,
        0.00307698012329638,
        0.0030539538711309433,
        0.0029398223850876093,
        0.0029639219865202904,
        0.0028832147363573313,
        0.0028350907377898693,
        0.0027878268156200647,
        0.0027501878794282675,
        0.0027017262764275074,
        0.002703653648495674,
        0.0026040072552859783,
        0.0025600246153771877,
        0.0025590837467461824,
        0.002550471806898713,
        0.002509577199816704,
        0.002417535986751318,
        0.0024223269429057837,
        0.0023594661615788937,
        0.0021080176811665297,
        0.0020858249627053738,
        0.002078793942928314,
        0.002070925198495388
    ],
    "train_rmse": [
        0.08864421397447586,
        0.061266131699085236,
        0.05886970832943916,
        0.058037180453538895,
        0.056995049118995667,
        0.05591361224651337,
        0.055470533668994904,
        0.05526259168982506,
        0.05422012880444527,
        0.0544419139623642,
        0.05369557440280914,
        0.05324557051062584,
        0.052799876779317856,
        0.05244223400950432,
        0.051978133618831635,
        0.05199667066335678,
        0.051029473543167114,
        0.050596684217453,
        0.05058738589286804,
        0.050502195954322815,
        0.050095681101083755,
        0.04916844516992569,
        0.049217142164707184,
        0.048574335873126984,
        0.045913152396678925,
        0.04567083343863487,
        0.04559379443526268,
        0.04550741985440254
    ],
    "train_r2": [
        0.6306191682815552,
        0.8235529065132141,
        0.8370863795280457,
        0.8416616320610046,
        0.8472968935966492,
        0.8530367612838745,
        0.8553566932678223,
        0.8564391136169434,
        0.8618042469024658,
        0.8606714010238647,
        0.8644652962684631,
        0.8667274713516235,
        0.868949294090271,
        0.8707185983657837,
        0.8729967474937439,
        0.8729061484336853,
        0.8775903582572937,
        0.8796578645706177,
        0.879702091217041,
        0.8801069259643555,
        0.8820292949676514,
        0.886355996131897,
        0.8861307501792908,
        0.8890857696533203,
        0.9009059071540833,
        0.9019491672515869,
        0.9022796750068665,
        0.9026495218276978
    ],
    "train_mape": [
        21.275569915771484,
        15.996559143066406,
        15.459318161010742,
        15.038344383239746,
        14.759990692138672,
        14.400238037109375,
        14.355094909667969,
        14.221104621887207,
        13.80450439453125,
        13.930424690246582,
        13.553155899047852,
        13.50125503540039,
        13.355657577514648,
        13.280548095703125,
        13.081796646118164,
        13.282516479492188,
        12.900670051574707,
        12.702380180358887,
        12.726005554199219,
        12.756803512573242,
        12.673236846923828,
        12.449682235717773,
        12.357966423034668,
        12.211627960205078,
        11.452165603637695,
        11.368081092834473,
        11.356585502624512,
        11.339762687683105
    ],
    "train_smape": [
        18.38172149658203,
        14.003686904907227,
        13.503016471862793,
        13.315939903259277,
        13.053976058959961,
        12.75622844696045,
        12.740399360656738,
        12.684404373168945,
        12.392535209655762,
        12.528030395507812,
        12.2644624710083,
        12.18498420715332,
        12.124969482421875,
        12.020502090454102,
        11.86618423461914,
        12.059478759765625,
        11.70208740234375,
        11.56567668914795,
        11.561976432800293,
        11.629670143127441,
        11.502102851867676,
        11.332904815673828,
        11.27860164642334,
        11.167707443237305,
        10.507111549377441,
        10.441880226135254,
        10.417866706848145,
        10.394782066345215
    ],
    "train_explained_variance": [
        0.6310564279556274,
        0.8235548138618469,
        0.8370864391326904,
        0.8416648507118225,
        0.8472970724105835,
        0.8530375957489014,
        0.8553591966629028,
        0.8564411401748657,
        0.8618062734603882,
        0.8606718182563782,
        0.8644672632217407,
        0.8667283058166504,
        0.8689493536949158,
        0.870720624923706,
        0.8729967474937439,
        0.872906506061554,
        0.8775909543037415,
        0.8796578645706177,
        0.8797023296356201,
        0.8801079988479614,
        0.8820292949676514,
        0.8863564729690552,
        0.8861323595046997,
        0.889086127281189,
        0.9009059071540833,
        0.9019492268562317,
        0.9022797346115112,
        0.9026495218276978
    ],
    "train_peak_error": [
        0.7099298238754272,
        0.3565368056297302,
        0.3545519709587097,
        0.35367584228515625,
        0.35189366340637207,
        0.3112907409667969,
        0.3102138638496399,
        0.3042617440223694,
        0.2907615303993225,
        0.31071627140045166,
        0.3332746624946594,
        0.2969568371772766,
        0.29051417112350464,
        0.26123613119125366,
        0.29997920989990234,
        0.2849677801132202,
        0.26758843660354614,
        0.29264014959335327,
        0.26320838928222656,
        0.2581101655960083,
        0.30120837688446045,
        0.2905484437942505,
        0.2610921859741211,
        0.2572500705718994,
        0.2443113923072815,
        0.24428880214691162,
        0.23926103115081787,
        0.2369624376296997
    ],