{
    "train_loss": [
        0.010160933571751565,
        0.0045173080957566815,
        0.0041283682760012855,
        0.004031665713544208,
        0.0037564545577643436,
        0.0036465790703042096,
        0.0035742182696287678,
        0.0034862100912273247,
        0.0034014909104121997,
        0.003214985794293543,
        0.003219923507790922,
        0.0031243532036211085,
        0.003054761343117062,
        0.002970791208319943,
        0.002622109320452455,
        0.0025302219852907605,
        0.0025065556144680955,
        0.002436464332608556,
        0.002390464071009901,
        0.0023012999641346854,
        0.0021158711422733824,
        0.0020011760308666095,
        0.0019849873890047526
    ],
    "train_mae": [
        0.07136411219835281,
        0.052763063460588455,
        0.05021357908844948,
        0.049863602966070175,
        0.04792581871151924,
        0.047213662415742874,
        0.046513475477695465,
        0.045858003199100494,
        0.04554978385567665,
        0.04400095343589783,
        0.04411947354674339,
        0.043469108641147614,
        0.04293665662407875,
        0.042385563254356384,
        0.03966354951262474,
        0.03912116959691048,
        0.03895966336131096,
        0.03845737874507904,
        0.03804164007306099,
        0.03717415779829025,
        0.03558216989040375,
        0.034728486090898514,
        0.03443575277924538
    ],
    "train_mse": [
        0.010160933248698711,
        0.004517307970672846,
        0.004128368105739355,
        0.004031665623188019,
        0.0037564546801149845,
        0.0036465793382376432,
        0.0035742183681577444,
        0.0034862100146710873,
        0.003401491092517972,
        0.003214985830709338,
        0.003219923237338662,
        0.0031243532430380583,
        0.003054761327803135,
        0.002970791421830654,
        0.0026221091393381357,
        0.0025302220601588488,
        0.002506555523723364,
        0.0024364644195884466,
        0.0023904640693217516,
        0.0023013001773506403,
        0.0021158712916076183,
        0.0020011758897453547,
        0.0019849874079227448
    ],
    "train_rmse": [
        0.10080145299434662,
        0.06721092015504837,
        0.06425237655639648,
        0.06349539756774902,
        0.06128992140293121,
        0.060386914759874344,
        0.05978476628661156,
        0.059044137597084045,
        0.058322302997112274,
        0.05670084431767464,
        0.05674436688423157,
        0.055895913392305374,
        0.05526989698410034,
        0.05450496822595596,
        0.05120653286576271,
        0.050301313400268555,
        0.05006551370024681,
        0.04936055466532707,
        0.048892371356487274,
        0.04797186702489853,
        0.045998599380254745,
        0.04473450407385826,
        0.04455319792032242
    ],
    "train_r2": [
        0.5223528146743774,
        0.7876495122909546,
        0.805932879447937,
        0.810478687286377,
        0.8234158754348755,
        0.828580915927887,
        0.831982433795929,
        0.836119532585144,
        0.8401020765304565,
        0.8488693237304688,
        0.8486372232437134,
        0.8531298041343689,
        0.8564012050628662,
        0.8603484630584717,
        0.8767393827438354,
        0.8810588121414185,
        0.8821713328361511,
        0.8854662179946899,
        0.8876286149024963,
        0.8918200135231018,
        0.9005367159843445,
        0.9059283137321472,
        0.9066893458366394
    ],
    "train_mape": [
        23.667028427124023,
        17.70972442626953,
        17.00318145751953,
        16.771331787109375,
        16.003223419189453,
        15.885215759277344,
        15.488578796386719,
        15.180049896240234,
        15.10313606262207,
        14.790266990661621,
        14.577645301818848,
        14.297890663146973,
        13.926088333129883,
        13.816346168518066,
        12.894481658935547,
        12.553956031799316,
        12.49891185760498,
        12.236809730529785,
        11.975812911987305,
        11.81757640838623,
        11.312568664550781,
        10.94267749786377,
        10.85200309753418
    ],
    "train_smape": [
        20.698396682739258,
        15.557022094726562,
        14.871172904968262,
        14.690274238586426,
        14.134929656982422,
        13.953171730041504,
        13.761019706726074,
        13.60331916809082,
        13.483028411865234,
        13.04930305480957,
        13.084972381591797,
        12.879487991333008,
        12.713390350341797,
        12.521761894226074,
        11.739752769470215,
        11.539719581604004,
        11.462042808532715,
        11.367368698120117,
        11.161116600036621,
        10.9306640625,
        10.482940673828125,
        10.241104125976562,
        10.110007286071777
    ],
    "train_explained_variance": [
        0.5231154561042786,
        0.7876495718955994,
        0.8059377670288086,
        0.8104797005653381,
        0.8234196901321411,
        0.8285841941833496,
        0.8319830894470215,
        0.8361205458641052,
        0.840107798576355,
        0.8488694429397583,
        0.8486411571502686,
        0.8531298041343689,
        0.8564027547836304,
        0.8603492379188538,
        0.8767393827438354,
        0.881058931350708,
        0.8821722269058228,
        0.8854665756225586,
        0.8876286149024963,
        0.8918200731277466,
        0.9005367159843445,
        0.905928373336792,
        0.9066901206970215
    ],
    "train_peak_error": [
        0.9190204739570618,
        0.39694881439208984,
        0.317571222782135,
        0.3798861503601074,
        0.2916753888130188,
        0.30325180292129517,
        0.40073537826538086,
        0.3207123875617981,
        0.3040894865989685,
        0.29579490423202515,
        0.32787472009658813,
        0.2599838972091675,
        0.30302441120147705,
        0.2553648352622986,
        0.2506864666938782,
        0.24112346768379211,
        0.24351009726524353,
        0.23342490196228027,
        0.26251575350761414,
        0.2544132471084595,
        0.23925426602363586,
        0.23932236433029175,
        0.21575665473937988
    ],
    "val_loss": [
        0.0041378861190684195,
        0.0035728096354605376,
        0.003609051323268,
        0.003755086986113527,
        0.003629476586490762,
        0.003544544309257067,
        0.0033164456457891265,
        0.0030994351904021855,
        0.0039562171446025475,
        0.0032628884084067115,
        0.0033666911001297103,
        0.003691859535534578,
        0.004934258011685644,
        0.0034317189053022605,
        0.003965344165984487,
        0.003644369908310339,
        0.0036955582737761864,
        0.0041271496666662345,
        0.004447434716355458,
        0.0046827126950990386,
        0.004340579502967943,
        0.004258943195421276,
        0.004500555371490421
    ],
    "val_mae": [
        0.051094092428684235,
        0.0473845936357975,
        0.04861833155155182,
        0.04821326211094856,
        0.04758446663618088,
        0.0477326326072216,
        0.04542376846075058,
        0.044317007064819336,
        0.05025550350546837,
        0.04563517868518829,
        0.046573977917432785,
        0.047550421208143234,
        0.057326048612594604,
        0.04649508371949196,
        0.04958731308579445,
        0.04855500906705856,
        0.04871704801917076,
        0.051454536616802216,
        0.05337216332554817,
        0.055693816393613815,
        0.05278525874018669,
        0.05228770151734352,
        0.05341929569840431
    ],