{
    "train_loss": [
        0.011804639083254104,
        0.003704370261024307,
        0.003431190728392233,
        0.003233717067540378,
        0.0031656045527220463,
        0.0031059449514472103,
        0.0029763688378430246,
        0.002989882542407133,
        0.0028666909512634884,
        0.002858759138692633,
        0.0027210927923262593,
        0.002666342378815745,
        0.002612671026144773,
        0.0025000579309555336,
        0.0021969169839547377,
        0.0021779185717494334,
        0.002160696649075237,
        0.002143465158465698
    ],
    "train_mae": [
        0.07283864915370941,
        0.0471791997551918,
        0.04554479196667671,
        0.0440337136387825,
        0.04370277374982834,
        0.043270282447338104,
        0.04230016469955444,
        0.0423908606171608,
        0.04135368391871452,
        0.041494354605674744,
        0.040447648614645004,
        0.04004797339439392,
        0.039680298417806625,
        0.03889358043670654,
        0.036225296556949615,
        0.03598080947995186,
        0.035891227424144745,
        0.03571310639381409
    ],
    "train_mse": [
        0.011804638430476189,
        0.0037043699994683266,
        0.0034311909694224596,
        0.003233717055991292,
        0.003165604779496789,
        0.0031059447210282087,
        0.0029763688798993826,
        0.002989882370457053,
        0.00286669097840786,
        0.002858759369701147,
        0.0027210928965359926,
        0.002666342305019498,
        0.0026126711163669825,
        0.0025000579189509153,
        0.00219691707752645,
        0.0021779185626655817,
        0.002160696778446436,
        0.0021434652153402567
    ],
    "train_rmse": [
        0.10864914953708649,
        0.06086353585124016,
        0.05857636779546738,
        0.05686578154563904,
        0.05626370757818222,
        0.05573100224137306,
        0.05455610901117325,
        0.05467981845140457,
        0.05354148894548416,
        0.053467366844415665,
        0.052164096385240555,
        0.05163663625717163,
        0.051114294677972794,
        0.05000057816505432,
        0.046871282160282135,
        0.04666817560791969,
        0.046483296900987625,
        0.046297572553157806
    ],
    "train_r2": [
        0.4450852870941162,
        0.8258642554283142,
        0.8387058973312378,
        0.8479888439178467,
        0.8511906266212463,
        0.853995144367218,
        0.8600862622261047,
        0.8594510555267334,
        0.8652420043945312,
        0.8656148910522461,
        0.8720863461494446,
        0.874660074710846,
        0.8771830797195435,
        0.882476806640625,
        0.8967269062995911,
        0.8976199626922607,
        0.8984295129776001,
        0.8992395997047424
    ],
    "train_mape": [
        23.82731819152832,
        15.999399185180664,
        15.500678062438965,
        14.864969253540039,
        14.710721015930176,
        14.50050163269043,
        14.195474624633789,
        14.214974403381348,
        13.76653003692627,
        13.729331970214844,
        13.376541137695312,
        13.262012481689453,
        13.132627487182617,
        12.799257278442383,
        12.020739555358887,
        11.905356407165527,
        11.872447967529297,
        11.802812576293945
    ],
    "train_smape": [
        21.43436622619629,
        13.953253746032715,
        13.52244758605957,
        13.061644554138184,
        12.963984489440918,
        12.859423637390137,
        12.57906436920166,
        12.589160919189453,
        12.277681350708008,
        12.266008377075195,
        12.028858184814453,
        11.927833557128906,
        11.77107048034668,
        11.557533264160156,
        10.770563125610352,
        10.70456314086914,
        10.683528900146484,
        10.625992774963379
    ],
    "train_explained_variance": [
        0.44782543182373047,
        0.8258677124977112,
        0.8387081623077393,
        0.8479902148246765,
        0.8511922359466553,
        0.853995144367218,
        0.8600875735282898,
        0.8594518303871155,
        0.8652437925338745,
        0.8656168580055237,
        0.8720868825912476,
        0.8746601939201355,
        0.8771848082542419,
        0.8824768662452698,
        0.8967269659042358,
        0.8976210355758667,
        0.898431122303009,
        0.8992400765419006
    ],
    "train_peak_error": [
        0.836085319519043,
        0.3371698260307312,
        0.35550546646118164,
        0.3329118490219116,
        0.32834094762802124,
        0.3059883713722229,
        0.3418191075325012,
        0.295779287815094,
        0.27986133098602295,
        0.27105826139450073,
        0.2700697183609009,
        0.2585081458091736,
        0.2686500549316406,
        0.24635958671569824,
        0.23893558979034424,
        0.24204331636428833,
        0.2365730106830597,
        0.24720579385757446
    ],
    "val_loss": [
        0.0035622446820233688,
        0.0039031811735237673,
        0.003120501244561278,
        0.004003595730236216,
        0.0033932827305879526,
        0.003201657285538616,
        0.003267714844165678,
        0.003200706555005565,
        0.003432650787340437,
        0.0033082400131702635,
        0.003204660995816477,
        0.0031556002757170323,
        0.0033070735287979887,
        0.0033171506336615456,
        0.003231839382444783,
        0.003224758739154384,
        0.003159714691481627,
        0.003261944595054328
    ],
    "val_mae": [
        0.04726630076766014,
        0.04951975494623184,
        0.044311195611953735,
        0.050209298729896545,
        0.04589888080954552,
        0.044744525104761124,
        0.045249342918395996,
        0.045353587716817856,
        0.04599408432841301,
        0.04540985822677612,
        0.04507260024547577,
        0.044944629073143005,
        0.04588097706437111,
        0.04564988985657692,
        0.04518184810876846,
        0.04524347931146622,
        0.04471001401543617,
        0.04538899287581444
    ],
    "val_mse": [
        0.003562244353815913,
        0.003903181292116642,
        0.003120501060038805,
        0.004003595560789108,
        0.003393282648175955,
        0.0032016572076827288,
        0.0032677147537469864,
        0.00320070656016469,
        0.0034326505847275257,
        0.003308239858597517,
        0.0032046609558165073,
        0.0031556005124002695,
        0.0033070736099034548,
        0.0033171505201607943,
        0.003231839509680867,
        0.0032247586641460657,
        0.003159714862704277,
        0.0032619445119053125
    ],
    "val_rmse": [
        0.05968454107642174,
        0.06247544661164284,
        0.055861447006464005,
        0.06327397376298904,
        0.058251891285181046,
        0.056583188474178314,
        0.05716392770409584,
        0.05657478794455528,
        0.05858882516622543,
        0.05751730129122734,
        0.05660972371697426,
        0.056174732744693756,
        0.05750716105103493,
        0.05759470909833908,
        0.056849271059036255,
        0.05678695812821388,
        0.05621134117245674,
        0.05711343511939049
    ],
    "val_r2": [
        0.7520935535430908,
        0.7283668518066406,
        0.7828357219696045,
        0.721378743648529,
        0.7638521194458008,
        0.7771878242492676,
        0.7725907564163208,
        0.7772539854049683,
        0.7611123919487,
        0.7697704434394836,
        0.7769787907600403,
        0.7803930640220642,
        0.7698516249656677,
        0.7691503763198853,
        0.7750873565673828,
        0.7755801677703857,
        0.7801067233085632,
        0.7729922533035278
    ],