{
    "train_loss": [
        0.008383224442086078,
        0.0037002067401789114,
        0.003413804871856434,
        0.003236129219643879,
        0.0032439144078068908,
        0.003217510088825047,
        0.0031099796954026627,
        0.0030905303363431584,
        0.003045004325644355,
        0.0029444926651382266,
        0.0029571456664519136,
        0.002950480271896952,
        0.0029460195630865117
    ],
    "train_mae": [
        0.06530258804559708,
        0.047224823385477066,
        0.04524439573287964,
        0.04427444934844971,
        0.04422701150178909,
        0.04422227293252945,
        0.0432855598628521,
        0.043026506900787354,
        0.04280990734696388,
        0.04200539365410805,
        0.042264219373464584,
        0.042041510343551636,
        0.04213783144950867
    ],
    "train_mse": [
        0.008383222855627537,
        0.0037002067547291517,
        0.003413804806768894,
        0.003236129181459546,
        0.003243914572522044,
        0.0032175101805478334,
        0.0031099794432520866,
        0.003090530401095748,
        0.003045004326850176,
        0.0029444927349686623,
        0.002957145683467388,
        0.002950480207800865,
        0.0029460196383297443
    ],
    "train_rmse": [
        0.09155993908643723,
        0.06082932651042938,
        0.05842777341604233,
        0.05688698589801788,
        0.05695537477731705,
        0.05672309920191765,
        0.05576718971133232,
        0.05559254065155983,
        0.055181559175252914,
        0.05426318198442459,
        0.054379645735025406,
        0.054318323731422424,
        0.05427724868059158
    ],
    "train_r2": [
        0.6059198379516602,
        0.8260599374771118,
        0.839523196220398,
        0.8478754162788391,
        0.8475094437599182,
        0.848750650882721,
        0.8538054823875427,
        0.8547197580337524,
        0.8568598628044128,
        0.8615847229957581,
        0.8609899282455444,
        0.8613032698631287,
        0.8615128993988037
    ],
    "train_mape": [
        20.793495178222656,
        15.735444068908691,
        15.064704895019531,
        14.782093048095703,
        14.656414031982422,
        14.652092933654785,
        14.334511756896973,
        14.363265037536621,
        14.178226470947266,
        13.906143188476562,
        14.029915809631348,
        13.991251945495605,
        13.939598083496094
    ],
    "train_smape": [
        19.021848678588867,
        13.904306411743164,
        13.321520805358887,
        13.078064918518066,
        13.043792724609375,
        13.047148704528809,
        12.818479537963867,
        12.728801727294922,
        12.664892196655273,
        12.438665390014648,
        12.485872268676758,
        12.451184272766113,
        12.475432395935059
    ],
    "train_explained_variance": [
        0.6066265106201172,
        0.8260599970817566,
        0.8395235538482666,
        0.8478796482086182,
        0.847509503364563,
        0.8487555384635925,
        0.853805661201477,
        0.8547219038009644,
        0.8568602800369263,
        0.8615878224372864,
        0.8609899282455444,
        0.8613051176071167,
        0.861513614654541
    ],
    "train_peak_error": [
        0.7621786594390869,
        0.3536393642425537,
        0.3559846878051758,
        0.3228137493133545,
        0.3690969944000244,
        0.3275336027145386,
        0.35566866397857666,
        0.3324252963066101,
        0.3123623728752136,
        0.334608256816864,
        0.3109278082847595,
        0.3257230520248413,
        0.3102927803993225
    ],
    "val_loss": [
        0.0037541838758122577,
        0.0035548074317345623,
        0.0030114664266006554,
        0.0032378859423342152,
        0.0031643144177648124,
        0.0036595022713886106,
        0.0031812259809469146,
        0.0030725888767876,
        0.0030582993145589882,
        0.0032830109383589286,
        0.0032104725720655683,
        0.003118688028721179,
        0.0034114788567124726
    ],
    "val_mae": [
        0.048335496336221695,
        0.047315940260887146,
        0.04357093572616577,
        0.04491809010505676,
        0.04427901282906532,
        0.04825620353221893,
        0.045185789465904236,
        0.04400966688990593,
        0.04399067535996437,
        0.045822568237781525,
        0.04480297863483429,
        0.04447856545448303,
        0.046220581978559494
    ],
    "val_mse": [
        0.0037541836500167847,
        0.003554807510226965,
        0.003011466469615698,
        0.0032378858886659145,
        0.0031643144320696592,
        0.003659502137452364,
        0.0031812258530408144,
        0.0030725887045264244,
        0.003058299422264099,
        0.003283010795712471,
        0.0032104726415127516,
        0.0031186880078166723,
        0.003411478828638792
    ],
    "val_rmse": [
        0.061271391808986664,
        0.059622205793857574,
        0.05487683042883873,
        0.05690242350101471,
        0.056252241134643555,
        0.060493819415569305,
        0.056402355432510376,
        0.05543093755841255,
        0.05530189350247383,
        0.057297565042972565,
        0.056661032140254974,
        0.055845215916633606,
        0.05840786546468735
    ],
    "val_r2": [
        0.7387360334396362,
        0.7526111602783203,
        0.7904237508773804,
        0.7746666073799133,
        0.7797866463661194,
        0.7453251481056213,
        0.7786097526550293,
        0.7861700654029846,
        0.7871645092964172,
        0.7715262174606323,
        0.7765743732452393,
        0.782961905002594,
        0.7625857591629028
    ],
    "val_mape": [
        25.44114875793457,
        24.464698791503906,
        21.445249557495117,
        23.02570343017578,
        20.776763916015625,
        25.130704879760742,
        23.81987953186035,
        21.84387969970703,
        22.642253875732422,
        24.161022186279297,
        20.472557067871094,
        22.06974983215332,
        23.23103904724121
    ],
    "val_smape": [
        19.109840393066406,
        18.508956909179688,
        17.31349754333496,
        17.78937530517578,
        17.52553939819336,
        18.867860794067383,
        18.04521942138672,
        17.381031036376953,
        17.52167320251465,
        18.149425506591797,
        17.673423767089844,
        17.579439163208008,
        18.195791244506836
    ],
    "val_explained_variance": [
        0.7405819892883301,
        0.7653483152389526,
        0.7911655902862549,
        0.78594970703125,
        0.7849183082580566,
        0.7914303541183472,
        0.7921032309532166,
        0.7907214164733887,
        0.794162929058075,
        0.7863208055496216,
        0.7766373753547668,
        0.7837017178535461,
        0.77680504322052
    ],
    "val_peak_error": [
        0.2411988377571106,
        0.22902405261993408,
        0.20663410425186157,
        0.18398785591125488,
        0.18484967947006226,
        0.19914019107818604,
        0.21038392186164856,
        0.21527177095413208,
        0.20761120319366455,
        0.22094297409057617,
        0.207518070936203,
        0.22113901376724243,
        0.20072969794273376
    ],
    "lr": [
        0.0001,
        0.0001,
        0.0001,
        0.0001,
        0.0001,
        0.0001,
        0.0001,
        0.0001,
        0.0001,
        0.0001,
        0.0001,
        0.0001,
        0.0001
    ]
}