{
    "train_loss": [
        0.02397428818310934,
        0.005209308081399875,
        0.004362138246309018,
        0.003980329888087678,
        0.0037556409056372715,
        0.003593419413442976,
        0.00345811589054218,
        0.0033835978439084808,
        0.003313018194789817,
        0.003238165864929092,
        0.0031793923657428224,
        0.0031928797194328844,
        0.0031001657811974763,
        0.003058265463530199,
        0.0030048475877314015,
        0.002980512118245474,
        0.0029454413484005966,
        0.002980790502181782,
        0.002918363694076491,
        0.0028984495165985816,
        0.002878360979810798,
        0.002851123561046071,
        0.0028179537398852765,
        0.0027996840126997243,
        0.0027766129803068963,
        0.0027948665117349964,
        0.0027455533394575658,
        0.002729947363837931,
        0.002724844999792519,
        0.0027108483527705464,
        0.002682413830937313,
        0.002662716178790066,
        0.0026674470143959257
    ],
    "train_mae": [
        0.1093176081776619,
        0.05611676350235939,
        0.05133518576622009,
        0.048886653035879135,
        0.04742196574807167,
        0.046430304646492004,
        0.04543121159076691,
        0.04498303681612015,
        0.044436391443014145,
        0.04391167312860489,
        0.043520595878362656,
        0.04380030930042267,
        0.04298374429345131,
        0.042692769318819046,
        0.04237118735909462,
        0.04219302907586098,
        0.042001109570264816,
        0.0424027144908905,
        0.041809242218732834,
        0.04177124425768852,
        0.041505321860313416,
        0.04139630123972893,
        0.041060060262680054,
        0.04098168760538101,
        0.040886957198381424,
        0.04092897102236748,
        0.04052296280860901,
        0.04059711843729019,
        0.04042636603116989,
        0.040320366621017456,
        0.0401911661028862,
        0.039976708590984344,
        0.040110137313604355
    ],
    "train_mse": [
        0.023974288254976273,
        0.0052093081176280975,
        0.004362138919532299,
        0.003980329725891352,
        0.0037556407041847706,
        0.0035934194456785917,
        0.0034581157378852367,
        0.003383598057553172,
        0.0033130182418972254,
        0.0032381657510995865,
        0.003179392544552684,
        0.0031928797252476215,
        0.0031001658644527197,
        0.003058265196159482,
        0.003004847327247262,
        0.002980512101203203,
        0.002945441287010908,
        0.0029807903338223696,
        0.002918363781645894,
        0.002898449543863535,
        0.002878360915929079,
        0.0028511234559118748,
        0.002817953936755657,
        0.0027996839489787817,
        0.0027766129933297634,
        0.0027948664501309395,
        0.002745553618296981,
        0.0027299474459141493,
        0.0027248451951891184,
        0.002710848581045866,
        0.00268241367302835,
        0.0026627162005752325,
        0.0026674470864236355
    ],
    "train_rmse": [
        0.15483632683753967,
        0.0721755400300026,
        0.06604649126529694,
        0.06308985501527786,
        0.061283282935619354,
        0.059945136308670044,
        0.05880574509501457,
        0.05816870182752609,
        0.057558823376894,
        0.056904882192611694,
        0.05638610199093819,
        0.05650557205080986,
        0.05567913129925728,
        0.05530158430337906,
        0.054816488176584244,
        0.05459406599402428,
        0.05427192151546478,
        0.054596614092588425,
        0.05402188375592232,
        0.05383725091814995,
        0.05365035682916641,
        0.05339591205120087,
        0.05308440327644348,
        0.052912041544914246,
        0.052693575620651245,
        0.05286649614572525,
        0.05239802971482277,
        0.05224889889359474,
        0.05220004916191101,
        0.052065808326005936,
        0.051792021840810776,
        0.05160151422023773,
        0.051647335290908813
    ],
    "train_r2": [
        -0.12698793411254883,
        0.755119800567627,
        0.7949436902999878,
        0.8128919005393982,
        0.8234541416168213,
        0.8310798406600952,
        0.8374402523040771,
        0.8409431576728821,
        0.8442609906196594,
        0.8477796912193298,
        0.8505424857139587,
        0.8499084711074829,
        0.8542668223381042,
        0.856236457824707,
        0.8587475419044495,
        0.8598915338516235,
        0.8615401387214661,
        0.859878420829773,
        0.8628129959106445,
        0.8637491464614868,
        0.8646934628486633,
        0.8659738302230835,
        0.8675330877304077,
        0.8683919310569763,
        0.8694764375686646,
        0.868618369102478,
        0.8709365129470825,
        0.871670126914978,
        0.8719099760055542,
        0.872567892074585,
        0.8739045858383179,
        0.8748305439949036,
        0.8746080994606018
    ],
    "train_mape": [
        33.618465423583984,
        18.169139862060547,
        17.027860641479492,
        16.422550201416016,
        16.040302276611328,
        15.756349563598633,
        15.437614440917969,
        15.259485244750977,
        15.094616889953613,
        14.86182975769043,
        14.754737854003906,
        14.715300559997559,
        14.477421760559082,
        14.339362144470215,
        14.187773704528809,
        14.08401107788086,
        14.023578643798828,
        14.055154800415039,
        13.885725021362305,
        13.876398086547852,
        13.774887084960938,
        13.733145713806152,
        13.582648277282715,
        13.64295768737793,
        13.517629623413086,
        13.492663383483887,
        13.397855758666992,
        13.459980010986328,
        13.252962112426758,
        13.299870491027832,
        13.209709167480469,
        13.153873443603516,
        13.193710327148438
    ],
    "train_smape": [
        33.08814239501953,
        16.160259246826172,
        15.059718132019043,
        14.444091796875,
        14.053043365478516,
        13.775909423828125,
        13.487966537475586,
        13.350839614868164,
        13.195721626281738,
        13.019811630249023,
        12.911341667175293,
        12.972005844116211,
        12.726746559143066,
        12.674151420593262,
        12.55093765258789,
        12.498053550720215,
        12.437560081481934,
        12.54006290435791,
        12.357259750366211,
        12.37812328338623,
        12.301919937133789,
        12.223793983459473,
        12.138284683227539,
        12.148710250854492,
        12.12464714050293,
        12.098222732543945,
        11.988767623901367,
        12.034102439880371,
        11.942350387573242,
        11.928940773010254,
        11.905421257019043,
        11.83946704864502,
        11.895308494567871
    ],
    "train_explained_variance": [
        -0.053444504737854004,
        0.7552134394645691,
        0.7949501872062683,
        0.8128933310508728,
        0.8234541416168213,
        0.8310798406600952,
        0.8374404311180115,
        0.8409432172775269,
        0.8442618250846863,
        0.8477802872657776,
        0.8505425453186035,
        0.8499088287353516,
        0.854266881942749,
        0.8562397360801697,
        0.858747661113739,
        0.8598915934562683,
        0.8615407943725586,
        0.8598819375038147,
        0.8628133535385132,
        0.863749623298645,
        0.8646936416625977,
        0.8659745454788208,
        0.8675336241722107,
        0.8683921098709106,
        0.8694765567779541,
        0.8686186671257019,
        0.8709369897842407,
        0.871670663356781,
        0.8719100952148438,
        0.8725681304931641,
        0.8739045858383179,
        0.8748316168785095,
        0.8746082782745361
    ],