{
    "train_loss": [
        0.017592279234111552,
        0.004097888405400596,
        0.003959216081506973,
        0.003943406210795117,
        0.0037787080291602475,
        0.0036299914731612475,
        0.003570240609616209,
        0.0036257002559755354,
        0.0035182460776506303,
        0.0034614897285174247,
        0.0035138540533709434,
        0.003511824948165044
    ],
    "train_mae": [
        0.07118334621191025,
        0.05002598464488983,
        0.048949915915727615,
        0.04922528192400932,
        0.047824323177337646,
        0.04665781557559967,
        0.04656866565346718,
        0.0468469001352787,
        0.04597460851073265,
        0.04583758860826492,
        0.046055953949689865,
        0.04603263735771179
    ],
    "train_mse": [
        0.017592279240489006,
        0.004097888246178627,
        0.003959215711802244,
        0.003943406045436859,
        0.003778708167374134,
        0.003629991551861167,
        0.003570240456610918,
        0.0036257002502679825,
        0.003518246114253998,
        0.0034614899195730686,
        0.003513854229822755,
        0.0035118248779326677
    ],
    "train_rmse": [
        0.13263589143753052,
        0.0640147477388382,
        0.06292229890823364,
        0.06279654800891876,
        0.06147119775414467,
        0.060249410569667816,
        0.0597514882683754,
        0.06021378934383392,
        0.05931480601429939,
        0.05883442983031273,
        0.05927777290344238,
        0.05926065146923065
    ],
    "train_r2": [
        0.1730186939239502,
        0.8073656558990479,
        0.813884437084198,
        0.8146275877952576,
        0.8223697543144226,
        0.8293606638908386,
        0.8321694731712341,
        0.8295623660087585,
        0.8346136212348938,
        0.8372815847396851,
        0.834820032119751,
        0.8349154591560364
    ],
    "train_mape": [
        23.283790588378906,
        16.939922332763672,
        16.39276123046875,
        16.424354553222656,
        15.994585037231445,
        15.537982940673828,
        15.381611824035645,
        15.525666236877441,
        15.313582420349121,
        15.273811340332031,
        15.338665008544922,
        15.207050323486328
    ],
    "train_smape": [
        19.648801803588867,
        14.699530601501465,
        14.411084175109863,
        14.456883430480957,
        14.092737197875977,
        13.733160018920898,
        13.705323219299316,
        13.781634330749512,
        13.591645240783691,
        13.530288696289062,
        13.551955223083496,
        13.524033546447754
    ],
    "train_explained_variance": [
        0.17329007387161255,
        0.8073678612709045,
        0.8138877749443054,
        0.8146301507949829,
        0.8223702907562256,
        0.8293648958206177,
        0.8321737051010132,
        0.8295629620552063,
        0.834614098072052,
        0.8372840881347656,
        0.8348234295845032,
        0.8349177241325378
    ],
    "train_peak_error": [
        2.303919792175293,
        0.4453507661819458,
        0.38202571868896484,
        0.34190934896469116,
        0.351528525352478,
        0.30299025774002075,
        0.30558550357818604,
        0.3290870487689972,
        0.3535095453262329,
        0.28820890188217163,
        0.3454691767692566,
        0.39882493019104004
    ],
    "val_loss": [
        0.004563682091375478,
        0.0031478741431521695,
        0.0032465165891356284,
        0.003390439059501581,
        0.0033558330267815174,
        0.0033975187190238842,
        0.004241087057044823,
        0.003682459999485571,
        0.003481236562910054,
        0.003475923087488083,
        0.0036772709337847052,
        0.003184450308745392
    ],
    "val_mae": [
        0.05393960326910019,
        0.04438651353120804,
        0.04529104009270668,
        0.045897144824266434,
        0.046007562428712845,
        0.04623064398765564,
        0.05192919075489044,
        0.047910887748003006,
        0.04637836664915085,
        0.04670485109090805,
        0.04874097928404808,
        0.04472711682319641
    ],
    "val_mse": [
        0.004563682246953249,
        0.003147874027490616,
        0.003246516454964876,
        0.0033904393203556538,
        0.003355833003297448,
        0.0033975187689065933,
        0.004241087008267641,
        0.00368246017023921,
        0.0034812367521226406,
        0.003475923091173172,
        0.0036772710736840963,
        0.003184450324624777
    ],
    "val_rmse": [
        0.0675550326704979,
        0.05610591918230057,
        0.05697821080684662,
        0.058227479457855225,
        0.05792955309152603,
        0.05828823894262314,
        0.06512362509965897,
        0.06068327650427818,
        0.05900200456380844,
        0.05895695835351944,
        0.06064050644636154,
        0.056430935859680176
    ],
    "val_r2": [
        0.6824008226394653,
        0.780930757522583,
        0.7740659713745117,
        0.7640500068664551,
        0.7664583325386047,
        0.7635573148727417,
        0.7048510313034058,
        0.743727445602417,
        0.7577311396598816,
        0.7581009268760681,
        0.7440885305404663,
        0.77838534116745
    ],
    "val_mape": [
        23.774497985839844,
        21.2170467376709,
        22.8033504486084,
        20.651939392089844,
        25.01060676574707,
        23.02168083190918,
        25.82744598388672,
        20.833148956298828,
        21.51007843017578,
        22.91132354736328,
        25.532299041748047,
        22.181140899658203
    ],
    "val_smape": [
        21.3751277923584,
        17.57339096069336,
        17.843385696411133,
        18.11442756652832,
        18.41421127319336,
        18.03965950012207,
        19.835372924804688,
        19.005571365356445,
        18.334121704101562,
        18.41495132446289,
        19.16086769104004,
        17.737533569335938
    ],
    "val_explained_variance": [
        0.7319116592407227,
        0.7853619456291199,
        0.7743594646453857,
        0.7700302600860596,
        0.7908231616020203,
        0.7690654993057251,
        0.7692607641220093,
        0.7553960084915161,
        0.7577393054962158,
        0.7620413303375244,
        0.7777336239814758,
        0.7791918516159058
    ],
    "val_peak_error": [
        0.24163818359375,
        0.2417997419834137,
        0.2206721305847168,
        0.24657204747200012,
        0.20653581619262695,
        0.22814956307411194,
        0.2233414649963379,
        0.22253622114658356,
        0.21642878651618958,
        0.21299982070922852,
        0.20330476760864258,
        0.21578621864318848
    ],
    "lr": [
        0.01,
        0.01,
        0.01,
        0.01,
        0.01,
        0.01,
        0.01,
        0.01,
        0.01,
        0.01,
        0.01,
        0.01
    ]
}