{
    "train_loss": [
        0.012175047834613786,
        0.004542616563189433,
        0.004044579159660701,
        0.0037750345502852185,
        0.0036493109862632783,
        0.003501970888265416,
        0.0034130978199627283,
        0.003327735716206182,
        0.003261193907551192,
        0.0032124579223991854,
        0.003200950531281693,
        0.0031306050638085694,
        0.00306593157716086,
        0.003013081063444303,
        0.0030307322672090973,
        0.0030127160963593254,
        0.002927515094164947,
        0.0029382364772322783,
        0.0028788971773412307,
        0.0028507185985119526,
        0.002828476952375163,
        0.0028197813713076877,
        0.002764806867835342,
        0.0027589574708633442,
        0.0027766879059261573,
        0.00272979051776557,
        0.002690736417440936,
        0.002659217526802114,
        0.0026266086567750626
    ],
    "train_mae": [
        0.08065874874591827,
        0.05302596837282181,
        0.0496363565325737,
        0.04785284027457237,
        0.046920046210289,
        0.045907001942396164,
        0.04538629576563835,
        0.044745173305273056,
        0.04437689855694771,
        0.0439881905913353,
        0.043883342295885086,
        0.043368298560380936,
        0.04287320002913475,
        0.04253440722823143,
        0.042767733335494995,
        0.04263583570718765,
        0.0418989360332489,
        0.04208880662918091,
        0.04166325554251671,
        0.0412854328751564,
        0.04129817336797714,
        0.041130371391773224,
        0.040845077484846115,
        0.040720053017139435,
        0.04090962931513786,
        0.0404084213078022,
        0.040262818336486816,
        0.04007035866379738,
        0.039577972143888474
    ],
    "train_mse": [
        0.012175047770142555,
        0.0045426166616380215,
        0.004044579342007637,
        0.003775034798309207,
        0.0036493109073489904,
        0.003501970786601305,
        0.0034130977001041174,
        0.00332773569971323,
        0.0032611938659101725,
        0.0032124577555805445,
        0.003200950799509883,
        0.0031306049786508083,
        0.0030659313779324293,
        0.0030130811501294374,
        0.003030732274055481,
        0.003012716071680188,
        0.0029275149572640657,
        0.002938236342743039,
        0.002878897124901414,
        0.0028507185634225607,
        0.002828477183356881,
        0.0028197811916470528,
        0.002764806617051363,
        0.002758957212790847,
        0.0027766877319663763,
        0.0027297905180603266,
        0.0026907362043857574,
        0.002659217454493046,
        0.0026266088243573904
    ],
    "train_rmse": [
        0.11034059524536133,
        0.06739893555641174,
        0.06359700858592987,
        0.06144131347537041,
        0.06040952727198601,
        0.0591774508357048,
        0.058421723544597626,
        0.05768653005361557,
        0.057106863707304,
        0.05667854845523834,
        0.05657694488763809,
        0.0559518076479435,
        0.05537085235118866,
        0.054891541600227356,
        0.05505208671092987,
        0.05488821491599083,
        0.054106514900922775,
        0.05420549958944321,
        0.05365535616874695,
        0.05339211970567703,
        0.053183428943157196,
        0.05310161039233208,
        0.05258142948150635,
        0.052525777369737625,
        0.05269428715109825,
        0.05224739760160446,
        0.05187230557203293,
        0.051567599177360535,
        0.05125045031309128
    ],
    "train_r2": [
        0.4276730418205261,
        0.7864598035812378,
        0.8098716139793396,
        0.8225424289703369,
        0.828452467918396,
        0.8353786468505859,
        0.8395564556121826,
        0.8435691595077515,
        0.8466971516609192,
        0.8489881753921509,
        0.8495290875434875,
        0.8528359532356262,
        0.855876088142395,
        0.8583605289459229,
        0.8575307726860046,
        0.8583776950836182,
        0.8623827695846558,
        0.8618788123130798,
        0.8646682500839233,
        0.8659929037094116,
        0.867038369178772,
        0.8674471974372864,
        0.8700314164161682,
        0.8703063726425171,
        0.8694729208946228,
        0.8716774582862854,
        0.8735133409500122,
        0.8749949932098389,
        0.8765278458595276
    ],
    "train_mape": [
        26.97212028503418,
        18.05837059020996,
        16.914186477661133,
        16.347171783447266,
        15.947453498840332,
        15.632856369018555,
        15.462825775146484,
        15.159134864807129,
        15.031248092651367,
        14.88199234008789,
        14.74312973022461,
        14.535551071166992,
        14.45272445678711,
        14.295734405517578,
        14.356587409973145,
        14.265253067016602,
        14.068944931030273,
        14.186623573303223,
        14.0043363571167,
        13.878926277160645,
        13.939607620239258,
        13.762714385986328,
        13.6826171875,
        13.677824974060059,
        13.658430099487305,
        13.456734657287598,
        13.461044311523438,
        13.393512725830078,
        13.18193531036377
    ],
    "train_smape": [
        22.919334411621094,
        15.546231269836426,
        14.63978099822998,
        14.153589248657227,
        13.869714736938477,
        13.584266662597656,
        13.446065902709961,
        13.234031677246094,
        13.158367156982422,
        13.044028282165527,
        12.962952613830566,
        12.845320701599121,
        12.722010612487793,
        12.59753131866455,
        12.673656463623047,
        12.633734703063965,
        12.416626930236816,
        12.484688758850098,
        12.369808197021484,
        12.252257347106934,
        12.289320945739746,
        12.215132713317871,
        12.121379852294922,
        12.118365287780762,
        12.124929428100586,
        11.991530418395996,
        11.953356742858887,
        11.895270347595215,
        11.749753952026367
    ],
    "train_explained_variance": [
        0.4309122562408447,
        0.7864615321159363,
        0.8098716139793396,
        0.8225431442260742,
        0.8284533023834229,
        0.8353816866874695,
        0.8395564556121826,
        0.8435694575309753,
        0.8466978669166565,
        0.8489891290664673,
        0.8495292663574219,
        0.8528363108634949,
        0.8558763265609741,
        0.8583617210388184,
        0.8575308322906494,
        0.8583776354789734,
        0.8623831272125244,
        0.8618803024291992,
        0.8646684885025024,
        0.8659932017326355,
        0.867039144039154,
        0.8674471974372864,
        0.8700314164161682,
        0.8703069686889648,
        0.8694754838943481,
        0.8716824054718018,
        0.8735179901123047,
        0.8749953508377075,
        0.8765278458595276
    ],
    "train_peak_error": [
        0.9033815860748291,
        0.3914117217063904,
        0.3382105827331543,
        0.32231205701828003,
        0.31163233518600464,
        0.30631405115127563,
        0.32283294200897217,
        0.3058054447174072,
        0.2997736930847168,
        0.31785160303115845,
        0.31088483333587646,
        0.2800252437591553,
        0.2924589514732361,
        0.28984493017196655,
        0.2868090271949768,
        0.2726706862449646,
        0.2982354760169983,
        0.28062117099761963,
        0.30824339389801025,
        0.3039475679397583,
        0.29810768365859985,
        0.2578747868537903,
        0.27652519941329956,
        0.25911444425582886,
        0.24460723996162415,
        0.2836592197418213,
        0.2691570520401001,
        0.25818556547164917,
        0.2657672166824341
    ],