{
    "train_loss": [
        0.008886668588820361,
        0.003679039720689179,
        0.0034039166702060693,
        0.0033166172748553967,
        0.0031481012902958394,
        0.0031928123693708713,
        0.003179635436218697,
        0.0031438196291882297,
        0.0030830753240457805,
        0.003067293848222001,
        0.0030306968769646596,
        0.0029700973568438527,
        0.0028993538801366137,
        0.0029523169980034455,
        0.002901636235627517,
        0.002999816352898307,
        0.002913573964108037,
        0.002945660556214129,
        0.002890207309950911,
        0.0029156325351854594,
        0.0029525503724455895,
        0.0028466135685212396,
        0.0028700771723240565,
        0.002826780331391695
    ],
    "train_mae": [
        0.06649916619062424,
        0.04719206690788269,
        0.04519830644130707,
        0.044592685997486115,
        0.043466102331876755,
        0.04365018382668495,
        0.04366448521614075,
        0.04341325908899307,
        0.043116576969623566,
        0.04274096339941025,
        0.042579323053359985,
        0.04219573363661766,
        0.041764628142118454,
        0.04214000329375267,
        0.04170122742652893,
        0.04249625280499458,
        0.04194740951061249,
        0.042119164019823074,
        0.04163246601819992,
        0.04193674400448799,
        0.04195326566696167,
        0.04127716273069382,
        0.0415613129734993,
        0.04103948920965195
    ],
    "train_mse": [
        0.00888666883111,
        0.003679039655253291,
        0.003403916722163558,
        0.003316617337986827,
        0.003148101270198822,
        0.0031928124371916056,
        0.0031796356197446585,
        0.0031438195146620274,
        0.0030830756295472383,
        0.003067293670028448,
        0.0030306971166282892,
        0.002970097353681922,
        0.0028993538580834866,
        0.0029523170087486506,
        0.0029016362968832254,
        0.002999816322699189,
        0.0029135739896446466,
        0.0029456603806465864,
        0.0028902071062475443,
        0.0029156324453651905,
        0.0029525505378842354,
        0.002846613759174943,
        0.0028700772672891617,
        0.0028267803136259317
    ],
    "train_rmse": [
        0.09426912665367126,
        0.06065508723258972,
        0.05834309384226799,
        0.05759007856249809,
        0.05610794201493263,
        0.056504976004362106,
        0.056388258934020996,
        0.05606977269053459,
        0.05552545189857483,
        0.05538315325975418,
        0.0550517663359642,
        0.05449859797954559,
        0.05384564772248268,
        0.054335229098796844,
        0.05386683717370033,
        0.054770577698946,
        0.05397753044962883,
        0.05427393689751625,
        0.053760647773742676,
        0.05399659648537636,
        0.05433737859129906,
        0.05335366725921631,
        0.05357310175895691,
        0.053167473524808884
    ],
    "train_r2": [
        0.5822536945343018,
        0.8270549774169922,
        0.8399879932403564,
        0.8440917730331421,
        0.8520134687423706,
        0.849911630153656,
        0.8505311012268066,
        0.8522146940231323,
        0.855070173740387,
        0.8558120727539062,
        0.8575323820114136,
        0.8603810667991638,
        0.8637065887451172,
        0.8612169027328491,
        0.8635993003845215,
        0.8589840531349182,
        0.863038182258606,
        0.8615298271179199,
        0.8641365766525269,
        0.8629413843154907,
        0.8612059354782104,
        0.8661858439445496,
        0.865082859992981,
        0.8671181797981262
    ],
    "train_mape": [
        21.244428634643555,
        15.86743450164795,
        15.103642463684082,
        14.791020393371582,
        14.451822280883789,
        14.502331733703613,
        14.589487075805664,
        14.409175872802734,
        14.210845947265625,
        14.134047508239746,
        14.134735107421875,
        13.950291633605957,
        13.834385871887207,
        13.91627311706543,
        13.858850479125977,
        14.041444778442383,
        13.951756477355957,
        13.935275077819824,
        13.76198673248291,
        13.825520515441895,
        13.798562049865723,
        13.649728775024414,
        13.708014488220215,
        13.590187072753906
    ],
    "train_smape": [
        19.22884178161621,
        13.906756401062012,
        13.332578659057617,
        13.148125648498535,
        12.858560562133789,
        12.883695602416992,
        12.951132774353027,
        12.827075958251953,
        12.754051208496094,
        12.593595504760742,
        12.610955238342285,
        12.468480110168457,
        12.361430168151855,
        12.4607572555542,
        12.370911598205566,
        12.563335418701172,
        12.447388648986816,
        12.4559907913208,
        12.291114807128906,
        12.393500328063965,
        12.388456344604492,
        12.212615013122559,
        12.275940895080566,
        12.161816596984863
    ],
    "train_explained_variance": [
        0.5830514430999756,
        0.8270566463470459,
        0.8399895429611206,
        0.8440934419631958,
        0.8520137071609497,
        0.8499116897583008,
        0.850532054901123,
        0.8522158861160278,
        0.8550729155540466,
        0.8558122515678406,
        0.8575327396392822,
        0.860382616519928,
        0.8637076616287231,
        0.8612176775932312,
        0.8636026382446289,
        0.8589844703674316,
        0.8630383014678955,
        0.8615306615829468,
        0.8641400337219238,
        0.8629425168037415,
        0.8612062931060791,
        0.8661879897117615,
        0.8650829792022705,
        0.8671198487281799
    ],
    "train_peak_error": [
        0.6546436548233032,
        0.36332374811172485,
        0.3381573557853699,
        0.3198304772377014,
        0.3557344079017639,
        0.31298327445983887,
        0.3605775833129883,
        0.29214125871658325,
        0.35415446758270264,
        0.3167980909347534,
        0.3548385500907898,
        0.3232579231262207,
        0.3036406636238098,
        0.34975820779800415,
        0.32069116830825806,
        0.3263161778450012,
        0.32673370838165283,
        0.29343581199645996,
        0.32698994874954224,
        0.3205854296684265,
        0.3406238555908203,
        0.3194979429244995,
        0.30834460258483887,
        0.305388867855072
    ],
    "val_loss": [
        0.003756344363950997,
        0.003332680588279911,
        0.0032172072864733903,
        0.0031357818558182325,
        0.0035987372857203587,
        0.004209309458839808,
        0.003248518751699665,
        0.003047947887760058,
        0.0030526110667252926,
        0.0031969511853329998,
        0.0030267523288418597,
        0.0030455948066354975,
        0.003190433604193838,
        0.0030204790040663037,
        0.0034978921377776767,
        0.0031619141362406473,
        0.00313391894698411,
        0.003090281669291661,
        0.003232001502086951,
        0.003362884988083685,
        0.003082584347173893,
        0.0030229638577204385,
        0.003113465567635332,
        0.0031023842360315135
    ],
    "val_mae": [
        0.04854545742273331,
        0.04555679112672806,
        0.04494616761803627,
        0.04466425999999046,
        0.04769783467054367,
        0.05138741433620453,
        0.04525443911552429,
        0.043618422001600266,
        0.044022127985954285,
        0.045034732669591904,
        0.04382844269275665,
        0.043873026967048645,
        0.044904690235853195,
        0.043587200343608856,
        0.04666527360677719,
        0.04467272758483887,
        0.04431742802262306,
        0.0437600277364254,
        0.04494797810912132,
        0.04559816047549248,
        0.04413915053009987,
        0.04356043413281441,
        0.04429585486650467,
        0.04439197853207588
    ],