{
    "train_loss": [
        0.012463463433736407,
        0.005092359173207762,
        0.004579169205223246,
        0.004247367226900588,
        0.004140047324491869,
        0.003987146969676697,
        0.003788774547437548,
        0.0037661431742484143,
        0.0036698443539273855,
        0.003578448083379478,
        0.0034964732600776664,
        0.0034641322620008953,
        0.0033936739638975107,
        0.0034195150262961824,
        0.0032173193594361932,
        0.0032340953892272873,
        0.003119331663883884,
        0.0030438701648662562,
        0.0030243009790162493,
        0.003003757870073327,
        0.002844794965275181,
        0.00281414683088373,
        0.002836312393746076,
        0.0025634625564867498,
        0.0025316808105284873,
        0.002521939655122358,
        0.002479637100719604
    ],
    "train_mae": [
        0.07977414131164551,
        0.056054648011922836,
        0.05305915325880051,
        0.05098206549882889,
        0.050278570502996445,
        0.0492161326110363,
        0.04789654538035393,
        0.04780906066298485,
        0.04722434654831886,
        0.0466206856071949,
        0.04621491953730583,
        0.045989345759153366,
        0.0455547459423542,
        0.045686859637498856,
        0.04436924308538437,
        0.044485874474048615,
        0.04348597303032875,
        0.0431937649846077,
        0.0427345372736454,
        0.042715270072221756,
        0.04152929410338402,
        0.04146518185734749,
        0.04166446626186371,
        0.03960253670811653,
        0.03927932307124138,
        0.039099618792533875,
        0.03865264356136322
    ],
    "train_mse": [
        0.012463463470339775,
        0.005092359147965908,
        0.0045791687443852425,
        0.004247366916388273,
        0.0041400473564863205,
        0.003987147007137537,
        0.003788774600252509,
        0.0037661432288587093,
        0.003669844241812825,
        0.0035784482024610043,
        0.00349647318944335,
        0.0034641320817172527,
        0.003393674036487937,
        0.003419515211135149,
        0.003217319492250681,
        0.003234095638617873,
        0.0031193317845463753,
        0.003043869975954294,
        0.00302430079318583,
        0.003003757679834962,
        0.0028447951190173626,
        0.0028141469229012728,
        0.002836312633007765,
        0.0025634625926613808,
        0.002531680976971984,
        0.0025219395756721497,
        0.0024796370416879654
    ],
    "train_rmse": [
        0.11163987964391708,
        0.0713607668876648,
        0.06766955554485321,
        0.06517182290554047,
        0.06434319913387299,
        0.06314385682344437,
        0.061553023755550385,
        0.0613689124584198,
        0.06057924032211304,
        0.059820130467414856,
        0.05913098156452179,
        0.05885687842965126,
        0.05825524777173996,
        0.05847661942243576,
        0.05672141909599304,
        0.056869108229875565,
        0.05585097894072533,
        0.05517127737402916,
        0.0549936443567276,
        0.05480654910206795,
        0.05333662033081055,
        0.05304853245615959,
        0.0532570444047451,
        0.05063064768910408,
        0.05031581223011017,
        0.050218917429447174,
        0.049795955419540405
    ],
    "train_r2": [
        0.4141150712966919,
        0.7606173753738403,
        0.7847415208816528,
        0.8003389835357666,
        0.8053838610649109,
        0.8125714063644409,
        0.8218965530395508,
        0.822960376739502,
        0.8274872303009033,
        0.8317835927009583,
        0.835637092590332,
        0.8371574282646179,
        0.840469479560852,
        0.8392547369003296,
        0.8487595915794373,
        0.8479710221290588,
        0.8533658385276794,
        0.856913149356842,
        0.8578330874443054,
        0.8587987422943115,
        0.8662713170051575,
        0.8677120208740234,
        0.8666700720787048,
        0.8794962763786316,
        0.8809902667999268,
        0.8814481496810913,
        0.8834367394447327
    ],
    "train_mape": [
        25.61294174194336,
        18.525754928588867,
        17.802085876464844,
        17.069290161132812,
        16.80217933654785,
        16.65871810913086,
        16.040868759155273,
        15.95906925201416,
        15.948867797851562,
        15.490053176879883,
        15.320332527160645,
        15.313265800476074,
        15.036826133728027,
        15.041716575622559,
        14.663174629211426,
        14.651382446289062,
        14.353447914123535,
        14.075958251953125,
        13.951632499694824,
        13.878006935119629,
        13.570777893066406,
        13.486181259155273,
        13.342597007751465,
        12.858603477478027,
        12.789257049560547,
        12.608793258666992,
        12.44427490234375
    ],
    "train_smape": [
        23.495391845703125,
        16.29718589782715,
        15.514527320861816,
        14.928764343261719,
        14.744634628295898,
        14.451848983764648,
        14.112342834472656,
        14.084428787231445,
        13.97362232208252,
        13.724160194396973,
        13.627022743225098,
        13.582213401794434,
        13.425018310546875,
        13.44288444519043,
        13.120502471923828,
        13.12751579284668,
        12.840953826904297,
        12.709734916687012,
        12.604159355163574,
        12.569038391113281,
        12.277839660644531,
        12.16172981262207,
        12.223042488098145,
        11.660905838012695,
        11.573219299316406,
        11.503549575805664,
        11.35010814666748
    ],
    "train_explained_variance": [
        0.417410671710968,
        0.7606420516967773,
        0.7847446203231812,
        0.8003591299057007,
        0.8053860068321228,
        0.8125746846199036,
        0.8218968510627747,
        0.8229671716690063,
        0.8274958729743958,
        0.8317846059799194,
        0.8356400728225708,
        0.8371596932411194,
        0.8404781222343445,
        0.8392611145973206,
        0.8487604260444641,
        0.8479716181755066,
        0.8533665537834167,
        0.8569168448448181,
        0.8578339219093323,
        0.8588002920150757,
        0.8662726879119873,
        0.8677121996879578,
        0.8666718602180481,
        0.8795039057731628,
        0.8809946775436401,
        0.8814486861228943,
        0.8834375739097595
    ],
    "train_peak_error": [
        0.9717642068862915,
        0.35616767406463623,
        0.35887789726257324,
        0.3659859895706177,
        0.3687111735343933,
        0.3359159231185913,
        0.34055519104003906,
        0.3275025486946106,
        0.3400663137435913,
        0.3301280736923218,
        0.31912314891815186,
        0.3381063938140869,
        0.3184325695037842,
        0.32155680656433105,
        0.31724047660827637,
        0.33585935831069946,
        0.3400091528892517,
        0.3064320683479309,
        0.2953571081161499,
        0.311519980430603,
        0.2808504104614258,
        0.2611895799636841,
        0.2616369426250458,
        0.27778416872024536,
        0.2732388973236084,
        0.2861226797103882,
        0.26468604803085327
    ],