{
    "train_loss": [
        0.014160860941351654,
        0.004426490120657902,
        0.003817081461169768,
        0.0034739683199839382,
        0.0033042442457854836,
        0.0032521302984689373,
        0.0031689827543760415,
        0.0030978534571148627,
        0.0030344757626853762,
        0.0029757297222413243,
        0.00295539242616859,
        0.002974412960045032,
        0.002840868696377036,
        0.002841948030750381,
        0.002876608147336148,
        0.0027542152562459385,
        0.002766167220944342,
        0.0027176253289127495,
        0.002672094348087604,
        0.0027064080119119276,
        0.002628936539566478,
        0.0026130432735484176,
        0.002578736247085588,
        0.002564382240530337,
        0.002527351545736739,
        0.0025165559298345247,
        0.0024189494580454034,
        0.002399923932378035,
        0.002385050888344884,
        0.0023445669249959984
    ],
    "train_mae": [
        0.0830024853348732,
        0.051913317292928696,
        0.047937389463186264,
        0.04569491371512413,
        0.04452978074550629,
        0.04429934173822403,
        0.04349289834499359,
        0.04317623749375343,
        0.0426642969250679,
        0.0421438068151474,
        0.04205142334103584,
        0.04225655272603035,
        0.04123291000723839,
        0.041299350559711456,
        0.041499149054288864,
        0.040618617087602615,
        0.04072950407862663,
        0.040285468101501465,
        0.039906688034534454,
        0.04033429175615311,
        0.03968261182308197,
        0.03961363434791565,
        0.03922692686319351,
        0.03927810117602348,
        0.038984183222055435,
        0.03886404260993004,
        0.03801114484667778,
        0.03789815306663513,
        0.03775801137089729,
        0.037442684173583984
    ],
    "train_mse": [
        0.014160862192511559,
        0.0044264900498092175,
        0.0038170816842466593,
        0.003473968245089054,
        0.0033042440190911293,
        0.0032521302346140146,
        0.003168982919305563,
        0.003097853623330593,
        0.0030344759579747915,
        0.0029757299926131964,
        0.002955392235890031,
        0.0029744128696620464,
        0.0028408686630427837,
        0.0028419478330761194,
        0.0028766081668436527,
        0.0027542151510715485,
        0.002766167279332876,
        0.002717625116929412,
        0.0026720943860709667,
        0.0027064080350100994,
        0.002628936432301998,
        0.002613043412566185,
        0.0025787365157157183,
        0.002564382506534457,
        0.00252735149115324,
        0.0025165558326989412,
        0.0024189495015889406,
        0.0023999239783734083,
        0.0023850512225180864,
        0.002344567095860839
    ],
    "train_rmse": [
        0.1189994215965271,
        0.06653187423944473,
        0.061782535165548325,
        0.058940377086400986,
        0.057482555508613586,
        0.05702745169401169,
        0.05629371851682663,
        0.05565836653113365,
        0.05508607625961304,
        0.054550252854824066,
        0.054363518953323364,
        0.05453817918896675,
        0.05329979956150055,
        0.05330992117524147,
        0.05363402143120766,
        0.05248061567544937,
        0.05259436368942261,
        0.052130844444036484,
        0.05169230327010155,
        0.05202315002679825,
        0.0512731559574604,
        0.05111793801188469,
        0.050781261175870895,
        0.05063973367214203,
        0.05027277022600174,
        0.05016528442502022,
        0.049182817339897156,
        0.04898902028799057,
        0.04883698746562004,
        0.048420730978250504
    ],
    "train_r2": [
        0.3343234658241272,
        0.7919186949729919,
        0.8205658793449402,
        0.8366950154304504,
        0.8446734547615051,
        0.8471232056617737,
        0.8510318398475647,
        0.8543754816055298,
        0.8573547601699829,
        0.8601163029670715,
        0.8610723614692688,
        0.8601782321929932,
        0.8664559125900269,
        0.866405189037323,
        0.8647758364677429,
        0.870529294013977,
        0.8699674606323242,
        0.8722493648529053,
        0.8743896484375,
        0.8727766275405884,
        0.87641841173172,
        0.8771655559539795,
        0.8787782788276672,
        0.8794530034065247,
        0.8811937570571899,
        0.8817012310028076,
        0.8862895369529724,
        0.8871839046478271,
        0.8878830671310425,
        0.8897861242294312
    ],
    "train_mape": [
        26.664615631103516,
        17.479862213134766,
        16.227781295776367,
        15.472070693969727,
        15.012535095214844,
        14.902650833129883,
        14.543416976928711,
        14.44127082824707,
        14.183881759643555,
        13.945269584655762,
        13.96936321258545,
        13.974777221679688,
        13.591182708740234,
        13.699746131896973,
        13.755585670471191,
        13.390419960021973,
        13.39059066772461,
        13.281975746154785,
        13.089481353759766,
        13.159375190734863,
        12.929669380187988,
        12.91145133972168,
        12.741205215454102,
        12.828771591186523,
        12.618592262268066,
        12.673737525939941,
        12.373937606811523,
        12.337197303771973,
        12.182696342468262,
        12.101173400878906
    ],
    "train_smape": [
        24.807926177978516,
        15.153884887695312,
        14.1221284866333,
        13.504493713378906,
        13.165084838867188,
        13.110774993896484,
        12.867530822753906,
        12.770003318786621,
        12.612154960632324,
        12.467788696289062,
        12.455550193786621,
        12.466778755187988,
        12.20386791229248,
        12.233437538146973,
        12.282384872436523,
        12.014726638793945,
        12.036778450012207,
        11.937445640563965,
        11.79472541809082,
        11.88000774383545,
        11.701482772827148,
        11.70602035522461,
        11.56706714630127,
        11.600024223327637,
        11.47931957244873,
        11.46583366394043,
        11.238662719726562,
        11.189217567443848,
        11.126273155212402,
        11.026412963867188
    ],
    "train_explained_variance": [
        0.3428136706352234,
        0.7919191122055054,
        0.8205679655075073,
        0.83669513463974,
        0.844674289226532,
        0.8471232652664185,
        0.8510319590568542,
        0.8543779253959656,
        0.8573547601699829,
        0.8601165413856506,
        0.8610725998878479,
        0.8601782321929932,
        0.8664565086364746,
        0.8664054274559021,
        0.8647767305374146,
        0.8705294132232666,
        0.8699681758880615,
        0.8722493648529053,
        0.8743896484375,
        0.8727766275405884,
        0.8764186501502991,
        0.8771655559539795,
        0.878778338432312,
        0.8794535994529724,
        0.8811954855918884,
        0.8817022442817688,
        0.8862895369529724,
        0.8871844410896301,
        0.8878837823867798,
        0.8897861242294312
    ],