{
    "train_loss": [
        0.011090041927803367,
        0.0054458637463201355,
        0.005399265085395337,
        0.0052586565185297526,
        0.005107514652213372,
        0.005323999436767912,
        0.005249133535820186,
        0.00518120601726101,
        0.005281196492681783,
        0.005320606891979902,
        0.005285853088994918,
        0.005045040650845229,
        0.005233174764699887
    ],
    "train_mae": [
        0.07532457262277603,
        0.058239277452230453,
        0.05785003677010536,
        0.05673779174685478,
        0.05593259260058403,
        0.05746065825223923,
        0.0568370595574379,
        0.05669537931680679,
        0.05713747441768646,
        0.05730804428458214,
        0.05703870579600334,
        0.05546549707651138,
        0.05656924098730087
    ],
    "train_mse": [
        0.011090043000876904,
        0.005445864051580429,
        0.005399264860898256,
        0.005258656572550535,
        0.005107515025883913,
        0.005323999095708132,
        0.005249133333563805,
        0.005181205924600363,
        0.005281196441501379,
        0.005320607218891382,
        0.005285853520035744,
        0.005045040510594845,
        0.005233174655586481
    ],
    "train_rmse": [
        0.10530927032232285,
        0.0737961009144783,
        0.07347968965768814,
        0.07251659780740738,
        0.07146687805652618,
        0.07296574115753174,
        0.0724509060382843,
        0.07198059558868408,
        0.07267183810472488,
        0.07294249534606934,
        0.07270387560129166,
        0.0710284486413002,
        0.07234068214893341
    ],
    "train_r2": [
        0.47867709398269653,
        0.7439997792243958,
        0.7461903095245361,
        0.7528000473976135,
        0.7599049210548401,
        0.7497284412384033,
        0.7532477378845215,
        0.7564408779144287,
        0.7517404556274414,
        0.7498878240585327,
        0.7515215873718262,
        0.7628417611122131,
        0.7539979219436646
    ],
    "train_mape": [
        25.142536163330078,
        20.052419662475586,
        19.99925422668457,
        19.750350952148438,
        19.519081115722656,
        20.164676666259766,
        19.903932571411133,
        19.728548049926758,
        20.298452377319336,
        20.146509170532227,
        20.202625274658203,
        19.523582458496094,
        19.952014923095703
    ],
    "train_smape": [
        21.78334617614746,
        17.029212951660156,
        16.972211837768555,
        16.662830352783203,
        16.466991424560547,
        16.88108253479004,
        16.697895050048828,
        16.64546012878418,
        16.869003295898438,
        16.885644912719727,
        16.798614501953125,
        16.38271141052246,
        16.680002212524414
    ],
    "train_explained_variance": [
        0.47886812686920166,
        0.744006872177124,
        0.7462078332901001,
        0.7528024911880493,
        0.7599060535430908,
        0.7497307062149048,
        0.7532484531402588,
        0.756441593170166,
        0.7517428994178772,
        0.7498910427093506,
        0.7515215873718262,
        0.7628424167633057,
        0.7539986968040466
    ],
    "train_peak_error": [
        0.7878061532974243,
        0.3509671688079834,
        0.34805238246917725,
        0.381112277507782,
        0.3869537115097046,
        0.38890600204467773,
        0.39369863271713257,
        0.3575012683868408,
        0.3265780210494995,
        0.38530540466308594,
        0.4182248115539551,
        0.3969826102256775,
        0.40033066272735596
    ],
    "val_loss": [
        0.004472289366258992,
        0.0043704924477170485,
        0.003962404713329437,
        0.005813411934261056,
        0.004139992890062092,
        0.004235060751277337,
        0.004740243530530723,
        0.005654038726385656,
        0.005118831431747769,
        0.004864677163644982,
        0.005059670545495778,
        0.004960509055166793,
        0.004753243042651912
    ],
    "val_mae": [
        0.05258549004793167,
        0.05260129272937775,
        0.04880179464817047,
        0.062333956360816956,
        0.05009894818067551,
        0.05158758908510208,
        0.053149450570344925,
        0.06078355014324188,
        0.05598583072423935,
        0.05514489486813545,
        0.055464647710323334,
        0.054915186017751694,
        0.0534348227083683
    ],
    "val_mse": [
        0.0044722892343997955,
        0.004370492417365313,
        0.003962404560297728,
        0.00581341190263629,
        0.0041399928741157055,
        0.004235060885548592,
        0.004740243777632713,
        0.0056540388613939285,
        0.005118831526488066,
        0.004864676855504513,
        0.005059670656919479,
        0.004960509482771158,
        0.0047532436437904835
    ],
    "val_rmse": [
        0.06687517464160919,
        0.06610970199108124,
        0.06294763088226318,
        0.0762457326054573,
        0.06434277445077896,
        0.06507734209299088,
        0.06884942948818207,
        0.07519334554672241,
        0.07154601067304611,
        0.06974723190069199,
        0.07113136351108551,
        0.07043088227510452,
        0.06894376873970032
    ],
    "val_r2": [
        0.6887611150741577,
        0.695845365524292,
        0.7242453098297119,
        0.5954285860061646,
        0.7118865251541138,
        0.7052704095840454,
        0.6701133251190186,
        0.6065198183059692,
        0.6437664031982422,
        0.6614537239074707,
        0.6478835344314575,
        0.6547844409942627,
        0.6692086458206177
    ],
    "val_mape": [
        27.788171768188477,
        27.9665470123291,
        23.745086669921875,
        36.51686096191406,
        24.8952693939209,
        27.861204147338867,
        26.918071746826172,
        36.809513092041016,
        25.96515464782715,
        31.171232223510742,
        27.401817321777344,
        27.224979400634766,
        26.79682731628418
    ],
    "val_smape": [
        20.438444137573242,
        20.44504165649414,
        19.192548751831055,
        23.95259666442871,
        19.492860794067383,
        20.067955017089844,
        20.244840621948242,
        23.674619674682617,
        22.27542495727539,
        21.36292839050293,
        21.881208419799805,
        21.082136154174805,
        21.101552963256836
    ],
    "val_explained_variance": [
        0.6965552568435669,
        0.6961770057678223,
        0.7253532409667969,
        0.7213567495346069,
        0.711887001991272,
        0.7179591655731201,
        0.6826338768005371,
        0.6460592746734619,
        0.6962934732437134,
        0.6971134543418884,
        0.6551056504249573,
        0.6547858715057373,
        0.6811003684997559
    ],
    "val_peak_error": [
        0.20434018969535828,
        0.21563979983329773,
        0.21558481454849243,
        0.2401319295167923,
        0.21978986263275146,
        0.20143118500709534,
        0.232677161693573,
        0.25032585859298706,
        0.2522240877151489,
        0.21840618550777435,
        0.24984851479530334,
        0.25605207681655884,
        0.24552226066589355
    ],
    "lr": [
        0.01,
        0.01,
        0.01,
        0.01,
        0.01,
        0.01,
        0.01,
        0.01,
        0.01,
        0.01,
        0.01,
        0.01,
        0.01
    ]
}