{
    "train_loss": [
        0.010343346090952811,
        0.0037722211891273137,
        0.003543192759570601,
        0.0034012161648666875,
        0.003231823224049554,
        0.0031612319749057473,
        0.0030770097642933113,
        0.003048624807827467,
        0.002978834152679999,
        0.0029224046383101083,
        0.0029108315160793208,
        0.0028009950645027444,
        0.002734451595124036,
        0.002746982456922672,
        0.002686842958263226,
        0.0026168496146350534,
        0.0025918179530806224,
        0.002552720074552478,
        0.0025200254711724318,
        0.0024449113918909313,
        0.002409805484059377,
        0.0023790025829401526,
        0.0021478997334900725,
        0.002118448302799201,
        0.002111407799011943,
        0.0021007217196378947
    ],
    "train_mae": [
        0.07143644243478775,
        0.04786283150315285,
        0.04619823768734932,
        0.04536864534020424,
        0.044063277542591095,
        0.04359070956707001,
        0.04291946068406105,
        0.04270920157432556,
        0.04239611327648163,
        0.04192604124546051,
        0.04177805408835411,
        0.04090673103928566,
        0.040425997227430344,
        0.040479641407728195,
        0.04027504473924637,
        0.039567846804857254,
        0.03950028121471405,
        0.039173420518636703,
        0.03893706575036049,
        0.03834431990981102,
        0.03792104125022888,
        0.03773956000804901,
        0.03578290343284607,
        0.035528264939785004,
        0.03548522666096687,
        0.03540627658367157
    ],
    "train_mse": [
        0.010343346744775772,
        0.00377222103998065,
        0.0035431927535682917,
        0.0034012161195278168,
        0.0032318232115358114,
        0.0031612319871783257,
        0.003077009692788124,
        0.0030486248433589935,
        0.0029788343235850334,
        0.0029224047902971506,
        0.0029108314774930477,
        0.0028009950183331966,
        0.002734451787546277,
        0.0027469824999570847,
        0.0026868428103625774,
        0.0026168497279286385,
        0.0025918178725987673,
        0.002552720019593835,
        0.002520025474950671,
        0.002444911515340209,
        0.0024098053108900785,
        0.002379002748057246,
        0.0021478997077792883,
        0.0021184482611715794,
        0.00211140769533813,
        0.002100721700116992
    ],
    "train_rmse": [
        0.1017022430896759,
        0.06141841039061546,
        0.05952472239732742,
        0.05831994488835335,
        0.056849125772714615,
        0.05622483417391777,
        0.05547080188989639,
        0.055214352905750275,
        0.05457869917154312,
        0.05405927076935768,
        0.05395212024450302,
        0.05292442813515663,
        0.05229198560118675,
        0.05241166427731514,
        0.05183476582169533,
        0.051155153661966324,
        0.050909899175167084,
        0.050524450838565826,
        0.050199855118989944,
        0.049446046352386475,
        0.049089767038822174,
        0.048775020986795425,
        0.046345438808202744,
        0.046026602387428284,
        0.04595005512237549,
        0.04583363234996796
    ],
    "train_r2": [
        0.5137779712677002,
        0.8226746916770935,
        0.833440899848938,
        0.840114951133728,
        0.8480778336524963,
        0.8513962030410767,
        0.8553553223609924,
        0.8566896319389343,
        0.8599703907966614,
        0.8626230359077454,
        0.8631670475006104,
        0.8683302998542786,
        0.8714583516120911,
        0.8708693385124207,
        0.8736963272094727,
        0.8769866228103638,
        0.8781633377075195,
        0.8800012469291687,
        0.8815381526947021,
        0.8850691318511963,
        0.8867194056510925,
        0.8881673812866211,
        0.8990311026573181,
        0.9004155993461609,
        0.9007465243339539,
        0.9012488722801208
    ],
    "train_mape": [
        22.96341896057129,
        16.01936149597168,
        15.554627418518066,
        15.116037368774414,
        14.690547943115234,
        14.516240119934082,
        14.217856407165527,
        14.10545539855957,
        13.945642471313477,
        13.769404411315918,
        13.767144203186035,
        13.382944107055664,
        13.183940887451172,
        13.220231056213379,
        13.142885208129883,
        12.854877471923828,
        12.842392921447754,
        12.729223251342773,
        12.531328201293945,
        12.284019470214844,
        12.188847541809082,
        12.156505584716797,
        11.456753730773926,
        11.406469345092773,
        11.360504150390625,
        11.335003852844238
    ],
    "train_smape": [
        21.039459228515625,
        14.09572696685791,
        13.676582336425781,
        13.398025512695312,
        13.035744667053223,
        12.893221855163574,
        12.721683502197266,
        12.608662605285645,
        12.524896621704102,
        12.379375457763672,
        12.352043151855469,
        12.071338653564453,
        11.92784309387207,
        11.889892578125,
        11.907018661499023,
        11.652169227600098,
        11.651500701904297,
        11.553871154785156,
        11.450922012329102,
        11.260704040527344,
        11.124761581420898,
        11.106301307678223,
        10.485857009887695,
        10.425305366516113,
        10.407745361328125,
        10.386046409606934
    ],
    "train_explained_variance": [
        0.5164109468460083,
        0.8226814866065979,
        0.833440899848938,
        0.8401152491569519,
        0.8480781316757202,
        0.8513977527618408,
        0.8553553223609924,
        0.8566896915435791,
        0.8599717020988464,
        0.8626237511634827,
        0.8631696105003357,
        0.8683303594589233,
        0.8714630007743835,
        0.8708707094192505,
        0.8736967444419861,
        0.8769868612289429,
        0.8781633377075195,
        0.8800012469291687,
        0.8815389275550842,
        0.8850696086883545,
        0.8867196440696716,
        0.8881688714027405,
        0.8990333676338196,
        0.9004155993461609,
        0.900746762752533,
        0.9012501835823059
    ],
    "train_peak_error": [
        0.9196510910987854,
        0.37746697664260864,
        0.33278220891952515,
        0.30815941095352173,
        0.31882327795028687,
        0.35098350048065186,
        0.3040812611579895,
        0.3667758107185364,
        0.2758057117462158,
        0.28565752506256104,
        0.28058624267578125,
        0.2924194931983948,
        0.2896004915237427,
        0.2955596446990967,
        0.2943921685218811,
        0.30597811937332153,
        0.265921413898468,
        0.27950048446655273,
        0.2535130977630615,
        0.28441834449768066,
        0.2853480577468872,
        0.27518004179000854,
        0.23571228981018066,
        0.24575448036193848,
        0.24652832746505737,
        0.24018055200576782
    ],
    "val_loss": [
        0.0036541952087590806,
        0.003489951931891574,
        0.003216898315753654,
        0.003440599185515115,
        0.003263917282129899,
        0.0032730980837891856,
        0.003235950043505366,
        0.0030363614153679757,
        0.004031824656031865,
        0.003517894899043784,
        0.0030233498105256677,
        0.003202905096582693,
        0.0033852463284601195,
        0.003278627859348123,
        0.0031809691966196403,
        0.0034134567685746887,
        0.0033498242850542714,
        0.0035484614649372134,
        0.003406264462086151,
        0.0035487534257871425,
        0.0033022977434192524,
        0.0036073204123904163,
        0.003346556056250664,
        0.0033336152118905414,
        0.003251614859327674,
        0.0033135425785837842
    ],