{
    "train_loss": [
        0.010840821836200753,
        0.00374167985857881,
        0.0034327717172748296,
        0.0033302116157401932,
        0.003124412967005524,
        0.00311025451455685,
        0.002980386106490734,
        0.0029326261978940295,
        0.0028626265113390636,
        0.002797815566693847,
        0.0026562911463967427,
        0.002655993939125163,
        0.0025325329645613692,
        0.0024870001339129715,
        0.002398535845867581,
        0.002366532798495715,
        0.002237274575932857,
        0.0020994009153017298,
        0.002034423253090064
    ],
    "train_mae": [
        0.07102321088314056,
        0.04746100679039955,
        0.045487724244594574,
        0.0447864793241024,
        0.04338354989886284,
        0.04323553293943405,
        0.04235946014523506,
        0.04190196469426155,
        0.04152683913707733,
        0.041102975606918335,
        0.04010185971856117,
        0.040023162961006165,
        0.039014410227537155,
        0.03880726918578148,
        0.038115955889225006,
        0.037806589156389236,
        0.0368880033493042,
        0.0354858823120594,
        0.03497134894132614
    ],
    "train_mse": [
        0.010840821079909801,
        0.0037416797131299973,
        0.0034327716566622257,
        0.0033302116207778454,
        0.0031244130805134773,
        0.003110254416242242,
        0.002980385906994343,
        0.0029326260555535555,
        0.002862626686692238,
        0.0027978154830634594,
        0.0026562910061329603,
        0.0026559943798929453,
        0.002532533137127757,
        0.002487000310793519,
        0.002398535842075944,
        0.0023665328044444323,
        0.00223727454431355,
        0.0020994008518755436,
        0.0020344234071671963
    ],
    "train_rmse": [
        0.10411926358938217,
        0.06116927042603493,
        0.058589860796928406,
        0.05770798400044441,
        0.05589644983410835,
        0.0557696558535099,
        0.054592911154031754,
        0.05415372550487518,
        0.05350352078676224,
        0.05289437994360924,
        0.05153921991586685,
        0.05153634026646614,
        0.05032427981495857,
        0.0498698353767395,
        0.04897484928369522,
        0.04864702373743057,
        0.047299835830926895,
        0.04581921920180321,
        0.045104581862688065
    ],
    "train_r2": [
        0.4903925657272339,
        0.8241103887557983,
        0.8386316299438477,
        0.8434527516365051,
        0.8531270027160645,
        0.8537925481796265,
        0.8598974347114563,
        0.8621425628662109,
        0.8654330968856812,
        0.8684797286987305,
        0.8751325607299805,
        0.8751465082168579,
        0.8809502124786377,
        0.883090615272522,
        0.8872491717338562,
        0.8887535929679871,
        0.8948297500610352,
        0.9013109803199768,
        0.9043654203414917
    ],
    "train_mape": [
        23.07893943786621,
        15.876250267028809,
        15.211018562316895,
        14.97172737121582,
        14.41181755065918,
        14.531055450439453,
        14.156672477722168,
        13.86523723602295,
        13.686929702758789,
        13.571722984313965,
        13.181422233581543,
        13.066734313964844,
        12.661398887634277,
        12.628337860107422,
        12.306310653686523,
        12.223280906677246,
        11.735147476196289,
        11.33228588104248,
        11.10386848449707
    ],
    "train_smape": [
        20.94871711730957,
        13.940921783447266,
        13.419591903686523,
        13.203409194946289,
        12.832180976867676,
        12.81597900390625,
        12.58549690246582,
        12.40645694732666,
        12.307861328125,
        12.185785293579102,
        11.872248649597168,
        11.834578514099121,
        11.546082496643066,
        11.498746871948242,
        11.27323055267334,
        11.13835334777832,
        10.852633476257324,
        10.479899406433105,
        10.306325912475586
    ],
    "train_explained_variance": [
        0.49284905195236206,
        0.8241132497787476,
        0.8386316299438477,
        0.8434527516365051,
        0.8531277179718018,
        0.8537943363189697,
        0.8599006533622742,
        0.8621425628662109,
        0.8654343485832214,
        0.8684797286987305,
        0.8751327991485596,
        0.8751465678215027,
        0.8809506297111511,
        0.8830918073654175,
        0.8872492909431458,
        0.8887548446655273,
        0.8948326110839844,
        0.9013109803199768,
        0.9043654799461365
    ],
    "train_peak_error": [
        1.0024559497833252,
        0.32560980319976807,
        0.33693671226501465,
        0.31813132762908936,
        0.30397409200668335,
        0.31950318813323975,
        0.3268996477127075,
        0.29640674591064453,
        0.27710044384002686,
        0.2629091739654541,
        0.2669573426246643,
        0.26318150758743286,
        0.2543131709098816,
        0.2416185736656189,
        0.24843931198120117,
        0.22584164142608643,
        0.2243340015411377,
        0.24210816621780396,
        0.2326756715774536
    ],
    "val_loss": [
        0.003508511435026102,
        0.0032670000241399348,
        0.0033185413620173397,
        0.0032189279557507246,
        0.003199522896374998,
        0.003188287457518226,
        0.003365139443454125,
        0.0035609437221084997,
        0.003097272182734375,
        0.0031637380663439526,
        0.0033554512405727837,
        0.003533792058139932,
        0.00383172279069696,
        0.0035572461678693404,
        0.00330000050784685,
        0.003690918583704306,
        0.003707456206634855,
        0.004302029004253501,
        0.0037624573526006165
    ],
    "val_mae": [
        0.04690064489841461,
        0.04552159085869789,
        0.04537457972764969,
        0.044748835265636444,
        0.04484036564826965,
        0.04502876102924347,
        0.04600578546524048,
        0.047633640468120575,
        0.04455677419900894,
        0.04469641298055649,
        0.04641498997807503,
        0.04724700003862381,
        0.048689428716897964,
        0.04811906814575195,
        0.04547258839011192,
        0.04789406806230545,
        0.04927324131131172,
        0.05302387848496437,
        0.04895796626806259
    ],
    "val_mse": [
        0.0035085114650428295,
        0.003266999963670969,
        0.003318541217595339,
        0.003218927886337042,
        0.003199523314833641,
        0.00318828783929348,
        0.0033651392441242933,
        0.003560943529009819,
        0.0030972720123827457,
        0.003163738176226616,
        0.003355451161041856,
        0.0035337917506694794,
        0.003831723006442189,
        0.0035572464112192392,
        0.0033000002149492502,
        0.0036909186746925116,
        0.0037074561696499586,
        0.0043020290322601795,
        0.003762457286939025
    ],
    "val_rmse": [
        0.0592326894402504,
        0.05715767666697502,
        0.057606782764196396,
        0.05673559755086899,
        0.0565643273293972,
        0.05646492540836334,
        0.05800982192158699,
        0.05967364087700844,
        0.05565313994884491,
        0.05624711886048317,
        0.05792625620961189,
        0.05944570526480675,
        0.06190091371536255,
        0.05964265763759613,
        0.057445626705884933,
        0.060752931982278824,
        0.06088888272643089,
        0.06558985263109207,
        0.061338871717453
    ],