{
    "train_loss": [
        0.007811496500059832,
        0.004072103660712541,
        0.0037451715195245612,
        0.0039257212803097885,
        0.0036192485828555857,
        0.003649019350166234,
        0.003458638291443486,
        0.003525011255101976,
        0.003371834943962994,
        0.0033592811061020278,
        0.0034167724024587597,
        0.0033892256140559724,
        0.0032643017100013982,
        0.0032734484809161086,
        0.00326830668311979,
        0.003269080851789333
    ],
    "train_mae": [
        0.06358730047941208,
        0.049794357270002365,
        0.047715164721012115,
        0.04908297583460808,
        0.04686528071761131,
        0.04711756855249405,
        0.045680321753025055,
        0.04607692360877991,
        0.04503268748521805,
        0.04507724940776825,
        0.0454559400677681,
        0.04505293443799019,
        0.04417736828327179,
        0.04435690864920616,
        0.0444844588637352,
        0.0443781353533268
    ],
    "train_mse": [
        0.007811496499925852,
        0.004072103649377823,
        0.0037451712414622307,
        0.003925721626728773,
        0.0036192485131323338,
        0.003649019403383136,
        0.0034586384426802397,
        0.0035250112414360046,
        0.0033718347549438477,
        0.0033592809922993183,
        0.0034167724661529064,
        0.003389225574210286,
        0.0032643016893416643,
        0.0032734486740082502,
        0.003268306842073798,
        0.00326908053830266
    ],
    "train_rmse": [
        0.08838266879320145,
        0.06381303817033768,
        0.06119780242443085,
        0.06265558302402496,
        0.06016018986701965,
        0.060407113283872604,
        0.05881018936634064,
        0.05937180668115616,
        0.058067500591278076,
        0.05795930325984955,
        0.058453164994716644,
        0.05821705609560013,
        0.05713406950235367,
        0.05721405893564224,
        0.0571691058576107,
        0.05717587471008301
    ],
    "train_r2": [
        0.6327956914901733,
        0.8085777759552002,
        0.8239462375640869,
        0.8154588937759399,
        0.8298656940460205,
        0.8284661769866943,
        0.8374156951904297,
        0.8342955708503723,
        0.8414961099624634,
        0.8420862555503845,
        0.8393837213516235,
        0.8406786322593689,
        0.8465510606765747,
        0.846121072769165,
        0.846362829208374,
        0.8463264107704163
    ],
    "train_mape": [
        20.809940338134766,
        16.700347900390625,
        15.909748077392578,
        16.314067840576172,
        15.533982276916504,
        15.591963768005371,
        15.023988723754883,
        15.146906852722168,
        14.85118293762207,
        14.827975273132324,
        14.930781364440918,
        14.692182540893555,
        14.535173416137695,
        14.493602752685547,
        14.622476577758789,
        14.559538841247559
    ],
    "train_smape": [
        18.437955856323242,
        14.652785301208496,
        14.03654670715332,
        14.40450382232666,
        13.771157264709473,
        13.860241889953613,
        13.449090957641602,
        13.526391983032227,
        13.255572319030762,
        13.260112762451172,
        13.330488204956055,
        13.207270622253418,
        13.012880325317383,
        13.101908683776855,
        13.103672981262207,
        13.016231536865234
    ],
    "train_explained_variance": [
        0.6328734755516052,
        0.8085798621177673,
        0.8239462375640869,
        0.8154605627059937,
        0.8298735618591309,
        0.8284665942192078,
        0.8374173641204834,
        0.8342958688735962,
        0.841497540473938,
        0.8420891165733337,
        0.8393840193748474,
        0.8406787514686584,
        0.8465518951416016,
        0.8461211323738098,
        0.8463631272315979,
        0.8463264107704163
    ],
    "train_peak_error": [
        0.7815278768539429,
        0.36469072103500366,
        0.32149291038513184,
        0.36824673414230347,
        0.3113696575164795,
        0.333468496799469,
        0.31164348125457764,
        0.31177788972854614,
        0.3058261275291443,
        0.3167855739593506,
        0.33316570520401,
        0.30711525678634644,
        0.31137627363204956,
        0.31232738494873047,
        0.3001445531845093,
        0.32479190826416016
    ],
    "val_loss": [
        0.0031689798880013362,
        0.003524035288610583,
        0.0038266220754481477,
        0.0033774426013646686,
        0.005077867458487372,
        0.0031685973515251666,
        0.003303262979468907,
        0.003645234217451845,
        0.003386519546804802,
        0.00318400407689054,
        0.003231622040399062,
        0.0039291962924942695,
        0.0033184059850013942,
        0.004265845849466839,
        0.0042542750324062305,
        0.004402855142964412
    ],
    "val_mae": [
        0.04431135952472687,
        0.04747693985700607,
        0.049134302884340286,
        0.046034470200538635,
        0.057808566838502884,
        0.04495326057076454,
        0.04539826512336731,
        0.04782538488507271,
        0.04572880268096924,
        0.04441525787115097,
        0.044928960502147675,
        0.04934914410114288,
        0.04571521654725075,
        0.05100092664361,
        0.052370112389326096,
        0.053363967686891556
    ],
    "val_mse": [
        0.0031689798925071955,
        0.0035240354482084513,
        0.0038266221527010202,
        0.0033774427138268948,
        0.005077866837382317,
        0.003168597351759672,
        0.0033032626379281282,
        0.003645234042778611,
        0.003386519383639097,
        0.0031840039882808924,
        0.0032316220458596945,
        0.0039291963912546635,
        0.003318405942991376,
        0.004265845753252506,
        0.0042542750015854836,
        0.004402855411171913
    ],
    "val_rmse": [
        0.05629369243979454,
        0.05936358869075775,
        0.061859697103500366,
        0.05811576917767525,
        0.07125915586948395,
        0.05629029497504234,
        0.05747401714324951,
        0.060375772416591644,
        0.058193810284137726,
        0.05642697960138321,
        0.056847356259822845,
        0.06268329918384552,
        0.05760560557246208,
        0.0653134435415268,
        0.06522480398416519,
        0.06635401397943497
    ],
    "val_r2": [
        0.7794619798660278,
        0.7547526359558105,
        0.7336947917938232,
        0.7649544477462769,
        0.6466172337532043,
        0.7794885635375977,
        0.7701168060302734,
        0.7463181018829346,
        0.7643227577209473,
        0.7784163951873779,
        0.7751024961471558,
        0.7265564203262329,
        0.7690629959106445,
        0.7031279802322388,
        0.7039332389831543,
        0.6935931444168091
    ],
    "val_mape": [
        21.343669891357422,
        21.704700469970703,
        20.022815704345703,
        22.154855728149414,
        31.23883056640625,
        21.113691329956055,
        24.686941146850586,
        23.49591064453125,
        20.535335540771484,
        20.265748977661133,
        21.579557418823242,
        25.927907943725586,
        24.063459396362305,
        21.31160545349121,
        28.484481811523438,
        26.77759552001953
    ],
    "val_smape": [
        17.590299606323242,
        18.655500411987305,
        19.437177658081055,
        18.11476707458496,
        21.978899002075195,
        17.69264030456543,
        18.140039443969727,
        18.603031158447266,
        17.783039093017578,
        17.792884826660156,
        17.662878036499023,
        19.320396423339844,
        18.307178497314453,
        19.74942970275879,
        20.471500396728516,
        20.908660888671875
    ],