{
    "train_loss": [
        0.01229756730609714,
        0.003999061873519213,
        0.0037079090335050404,
        0.003561614211197458,
        0.003441179684241223,
        0.0033185293490472496,
        0.0032997847052548494,
        0.0032118745555213503,
        0.003144732602944947,
        0.0031148742194185546,
        0.0030498448510918267,
        0.003019571895977476,
        0.0029848067740174365,
        0.0029293959159140365,
        0.0028571902687669604,
        0.0028510158387158443,
        0.0027278475862383134,
        0.002699936674718088,
        0.0026521938673432477,
        0.002668625239706438,
        0.0026042956575987753,
        0.002507002659446206,
        0.0024733316996397954,
        0.0024490539494036703,
        0.002418437593340332,
        0.0024006514001884433
    ],
    "train_mae": [
        0.07775735855102539,
        0.04931545630097389,
        0.04738413169980049,
        0.046564143151044846,
        0.045621439814567566,
        0.04486105591058731,
        0.0446944534778595,
        0.04417403042316437,
        0.04362864047288895,
        0.04343211278319359,
        0.04297714680433273,
        0.042896781116724014,
        0.04259951040148735,
        0.04213062301278114,
        0.04170159995555878,
        0.041608501225709915,
        0.04067722335457802,
        0.04047921299934387,
        0.040189459919929504,
        0.040347784757614136,
        0.039755966514348984,
        0.038953155279159546,
        0.03870626538991928,
        0.03864918276667595,
        0.03826872631907463,
        0.038164425641298294
    ],
    "train_mse": [
        0.012297567911446095,
        0.00399906188249588,
        0.0037079090252518654,
        0.003561614081263542,
        0.003441179869696498,
        0.003318529576063156,
        0.0032997846137732267,
        0.0032118745148181915,
        0.003144732443615794,
        0.0031148744747042656,
        0.00304984487593174,
        0.00301957200281322,
        0.002984806662425399,
        0.0029293959960341454,
        0.0028571903239935637,
        0.0028510161209851503,
        0.002727847546339035,
        0.0026999367401003838,
        0.002652193885296583,
        0.002668625209480524,
        0.0026042957324534655,
        0.0025070025585591793,
        0.0024733315221965313,
        0.002449053805321455,
        0.0024184377398341894,
        0.0024006515741348267
    ],
    "train_rmse": [
        0.11089439690113068,
        0.06323813647031784,
        0.06089260056614876,
        0.05967925861477852,
        0.0586615689098835,
        0.05760667845606804,
        0.05744375288486481,
        0.056673403829336166,
        0.05607791244983673,
        0.05581105872988701,
        0.05522540211677551,
        0.05495063215494156,
        0.054633382707834244,
        0.0541238933801651,
        0.05345269292593002,
        0.05339490622282028,
        0.05222880095243454,
        0.051960915327072144,
        0.05149945616722107,
        0.051658738404512405,
        0.05103230103850365,
        0.05006997659802437,
        0.049732599407434464,
        0.04948791489005089,
        0.049177613109350204,
        0.048996444791555405
    ],
    "train_r2": [
        0.4219135642051697,
        0.8120113611221313,
        0.8256978988647461,
        0.8325749635696411,
        0.8382363319396973,
        0.8440018892288208,
        0.8448830842971802,
        0.8490155935287476,
        0.852171778678894,
        0.8535753488540649,
        0.8566322922706604,
        0.8580554127693176,
        0.8596896529197693,
        0.8622943758964539,
        0.865688681602478,
        0.8659788966178894,
        0.8717688322067261,
        0.873080849647522,
        0.8753251433372498,
        0.8745527267456055,
        0.8775767683982849,
        0.8821502923965454,
        0.8837331533432007,
        0.8848744034767151,
        0.8863136172294617,
        0.8871496915817261
    ],
    "train_mape": [
        25.43551254272461,
        16.6602783203125,
        16.15045738220215,
        15.773200988769531,
        15.5317964553833,
        15.202530860900879,
        15.07845687866211,
        14.891640663146973,
        14.67750358581543,
        14.54162883758545,
        14.348365783691406,
        14.36119270324707,
        14.247910499572754,
        14.058876037597656,
        13.963888168334961,
        13.746573448181152,
        13.596095085144043,
        13.449261665344238,
        13.272333145141602,
        13.267667770385742,
        13.167195320129395,
        12.819722175598145,
        12.676231384277344,
        12.698782920837402,
        12.465490341186523,
        12.386432647705078
    ],
    "train_smape": [
        23.27562141418457,
        14.48218822479248,
        13.983863830566406,
        13.75094223022461,
        13.502158164978027,
        13.268759727478027,
        13.245275497436523,
        13.056241989135742,
        12.933975219726562,
        12.856342315673828,
        12.70583724975586,
        12.717381477355957,
        12.61015796661377,
        12.476558685302734,
        12.37604808807373,
        12.286579132080078,
        12.083975791931152,
        11.989763259887695,
        11.891740798950195,
        11.909144401550293,
        11.786564826965332,
        11.521736145019531,
        11.485128402709961,
        11.396326065063477,
        11.298090934753418,
        11.239119529724121
    ],
    "train_explained_variance": [
        0.42836886644363403,
        0.8120136260986328,
        0.8256981372833252,
        0.8325755596160889,
        0.8382367491722107,
        0.8440027236938477,
        0.8448830842971802,
        0.8490160703659058,
        0.8521719574928284,
        0.8535754084587097,
        0.8566336035728455,
        0.8580564260482788,
        0.8596899509429932,
        0.8622944355010986,
        0.8656888008117676,
        0.8659789562225342,
        0.8717690110206604,
        0.873080849647522,
        0.8753258585929871,
        0.8745543956756592,
        0.8775801658630371,
        0.8821505308151245,
        0.8837334513664246,
        0.8848758935928345,
        0.886314332485199,
        0.8871496915817261
    ],
    "train_peak_error": [
        0.7867558002471924,
        0.3672557473182678,
        0.3288605213165283,
        0.31930798292160034,
        0.3022136688232422,
        0.3416745066642761,
        0.29950982332229614,
        0.2927272915840149,
        0.33513981103897095,
        0.28012746572494507,
        0.29342615604400635,
        0.26074230670928955,
        0.26796936988830566,
        0.2842531204223633,
        0.25844207406044006,
        0.29801124334335327,
        0.2663191556930542,
        0.28603601455688477,
        0.2665136456489563,
        0.28459423780441284,
        0.3040510416030884,
        0.2477354109287262,
        0.2768707871437073,
        0.2571762800216675,
        0.2644963562488556,
        0.24748271703720093
    ],
    "val_loss": [
        0.004498893817578503,
        0.00420400802642375,
        0.0036267974395505923,
        0.0034559152523899895,
        0.0035610659547458345,
        0.0035029293486191857,
        0.0033414900386974002,
        0.00327613211149792,
        0.003238128785834574,
        0.0033399776769332964,
        0.0033112245875665343,
        0.0033233781457751347,
        0.003427277093237306,
        0.0032544749364484663,
        0.003331999150942341,
        0.0031685044392340367,
        0.003595626688086622,
        0.0032755104883527048,
        0.0035468749993098833,
        0.0033861211896203994,
        0.00339362184865494,
        0.0034903860596685317,
        0.0035107850344020795,
        0.003926659238410833,
        0.0037893505125112244,
        0.0036005616508987094
    ],