{
    "train_loss": [
        0.015807573740742608,
        0.004373487541493852,
        0.003722678691179627,
        0.003489739739956991,
        0.0033139835686785916,
        0.003242277429746317,
        0.003222945762410398,
        0.0031384651528447156,
        0.0030447903561049666,
        0.0030632551661086433,
        0.0029687127644544074,
        0.0029756631665206167,
        0.002874623169526132,
        0.0028891645211191366,
        0.002854132672953167,
        0.002827215660786813,
        0.0028076953460326377,
        0.0027457925347327914,
        0.0027219695091345738,
        0.0026999502304509678,
        0.0026567434130220645,
        0.0026756701509705457,
        0.0026134158077498965,
        0.0025965864891500405,
        0.002581376139606626,
        0.0026146226634319353,
        0.0025104482174190855,
        0.0025263111803774767,
        0.002473738939969847,
        0.0024491902631306084,
        0.0024377764030891853,
        0.00239470671134691,
        0.0024152153072667993,
        0.0023413902378889412
    ],
    "train_mae": [
        0.08801261335611343,
        0.051698844879865646,
        0.04741857573390007,
        0.04579121619462967,
        0.044562675058841705,
        0.04409322887659073,
        0.044050268828868866,
        0.04336641728878021,
        0.04263948276638985,
        0.042890965938568115,
        0.04230152443051338,
        0.04220195859670639,
        0.04163868725299835,
        0.04174244776368141,
        0.041518427431583405,
        0.041173506528139114,
        0.04113345593214035,
        0.04052997753024101,
        0.0404290035367012,
        0.04029800370335579,
        0.03990716487169266,
        0.04017847031354904,
        0.03967202827334404,
        0.03941675275564194,
        0.03939865902066231,
        0.03961402550339699,
        0.03874783590435982,
        0.038940705358982086,
        0.03852717578411102,
        0.0383337177336216,
        0.03817803040146828,
        0.03796452656388283,
        0.03811858594417572,
        0.03756073862314224
    ],
    "train_mse": [
        0.01580757275223732,
        0.004373487550765276,
        0.0037226786371320486,
        0.00348973972722888,
        0.003313983790576458,
        0.00324227730743587,
        0.003222945611923933,
        0.0031384651083499193,
        0.003044790355488658,
        0.003063254989683628,
        0.002968712942674756,
        0.0029756631702184677,
        0.0028746232856065035,
        0.0028891644906252623,
        0.0028541325591504574,
        0.0028272157069295645,
        0.002807695185765624,
        0.0027457925025373697,
        0.002721969271078706,
        0.0026999502442777157,
        0.00265674339607358,
        0.002675670199096203,
        0.0026134157087653875,
        0.002596586477011442,
        0.002581376116722822,
        0.002614622702822089,
        0.0025104484520852566,
        0.0025263112038373947,
        0.0024737389758229256,
        0.00244919047690928,
        0.002437776420265436,
        0.0023947067093104124,
        0.00241521536372602,
        0.002341390121728182
    ],
    "train_rmse": [
        0.12572817504405975,
        0.06613235175609589,
        0.061013758182525635,
        0.05907401815056801,
        0.05756721273064613,
        0.05694099888205528,
        0.056770991533994675,
        0.05602200701832771,
        0.055179618299007416,
        0.05534667894244194,
        0.05448589846491814,
        0.05454963818192482,
        0.0536155141890049,
        0.05375094711780548,
        0.053424082696437836,
        0.05317156761884689,
        0.05298768728971481,
        0.05240030959248543,
        0.052172496914863586,
        0.05196104571223259,
        0.05154360830783844,
        0.05172688141465187,
        0.05112157762050629,
        0.050956711173057556,
        0.05080724507570267,
        0.05113338306546211,
        0.050104375928640366,
        0.05026242509484291,
        0.04973669722676277,
        0.04948929697275162,
        0.049373842775821686,
        0.04893574118614197,
        0.049144841730594635,
        0.048387911170721054
    ],
    "train_r2": [
        0.25691449642181396,
        0.794410228729248,
        0.8250036239624023,
        0.8359536528587341,
        0.8442156314849854,
        0.8475863933563232,
        0.8484951257705688,
        0.8524664640426636,
        0.8568698763847351,
        0.8560019135475159,
        0.8604461550712585,
        0.8601194620132446,
        0.8648691177368164,
        0.8641855716705322,
        0.8658323884010315,
        0.8670976758003235,
        0.8680152893066406,
        0.87092524766922,
        0.8720451593399048,
        0.8730802536010742,
        0.8751112818717957,
        0.8742215633392334,
        0.8771480321884155,
        0.8779391646385193,
        0.8786541819572449,
        0.8770912885665894,
        0.8819883465766907,
        0.8812426924705505,
        0.8837140202522278,
        0.8848679661750793,
        0.8854045271873474,
        0.8874291777610779,
        0.8864650726318359,
        0.8899354934692383
    ],
    "train_mape": [
        28.685171127319336,
        17.36992073059082,
        16.036043167114258,
        15.529398918151855,
        14.991506576538086,
        14.839241027832031,
        14.726943969726562,
        14.572691917419434,
        14.253664016723633,
        14.260491371154785,
        13.968276977539062,
        13.935356140136719,
        13.818010330200195,
        13.782973289489746,
        13.686420440673828,
        13.479704856872559,
        13.475030899047852,
        13.401344299316406,
        13.288063049316406,
        13.223999977111816,
        13.137271881103516,
        13.108929634094238,
        12.985420227050781,
        12.86181926727295,
        12.87243938446045,
        12.890694618225098,
        12.672136306762695,
        12.72396469116211,
        12.5125150680542,
        12.479362487792969,
        12.375044822692871,
        12.271770477294922,
        12.362761497497559,
        12.166939735412598
    ],
    "train_smape": [
        26.098098754882812,
        15.05437183380127,
        13.98487377166748,
        13.527399063110352,
        13.165319442749023,
        13.021685600280762,
        12.987957954406738,
        12.825122833251953,
        12.589900016784668,
        12.637746810913086,
        12.463607788085938,
        12.443730354309082,
        12.318544387817383,
        12.312960624694824,
        12.247232437133789,
        12.153585433959961,
        12.10124683380127,
        11.97237491607666,
        11.930581092834473,
        11.911714553833008,
        11.781759262084961,
        11.879347801208496,
        11.728060722351074,
        11.637645721435547,
        11.621825218200684,
        11.646934509277344,
        11.441893577575684,
        11.525217056274414,
        11.354955673217773,
        11.33984088897705,
        11.263066291809082,
        11.175756454467773,
        11.258886337280273,
        11.081194877624512
    ],