{
    "train_loss": [
        0.01042863145399449,
        0.004768917643445701,
        0.004183387295096994,
        0.0040417246613019125,
        0.0038811971652330628,
        0.0039614970588516185,
        0.003690276932290077,
        0.003734532031025371,
        0.003704664499068774,
        0.0035666849376608683,
        0.0035814627737228316,
        0.0037518396356443925,
        0.0035540778068779513,
        0.0035528106915223554,
        0.003609392135765261,
        0.003622990801648748,
        0.003491804640067469,
        0.0035641352089606625,
        0.003494150186850823,
        0.003541377327968812,
        0.0035179989505248373,
        0.003453819980301003,
        0.0035613439208927056,
        0.003513356417086113,
        0.003447482817707587,
        0.0034486797534483277,
        0.003061001474243131,
        0.0029895659216714683,
        0.003065677350214411,
        0.0030006162757614543
    ],
    "train_mae": [
        0.0688747689127922,
        0.054258912801742554,
        0.05042894557118416,
        0.049485012888908386,
        0.048525866121053696,
        0.049237314611673355,
        0.04723147675395012,
        0.04753867909312248,
        0.0472499318420887,
        0.04647119715809822,
        0.046355802565813065,
        0.04767767712473869,
        0.04633016139268875,
        0.046356163918972015,
        0.04653540626168251,
        0.046803802251815796,
        0.04594063386321068,
        0.046153850853443146,
        0.04581224173307419,
        0.04600491374731064,
        0.04624635726213455,
        0.04565151035785675,
        0.046306055039167404,
        0.0457579642534256,
        0.04545213654637337,
        0.04572483152151108,
        0.04295158013701439,
        0.042239680886268616,
        0.04312869906425476,
        0.042692553251981735
    ],
    "train_mse": [
        0.010428632609546185,
        0.004768917337059975,
        0.004183387383818626,
        0.004041724838316441,
        0.0038811969570815563,
        0.003961496986448765,
        0.003690277226269245,
        0.003734532045200467,
        0.0037046645302325487,
        0.00356668489985168,
        0.003581462660804391,
        0.003751839278265834,
        0.0035540778189897537,
        0.0035528107546269894,
        0.0036093920934945345,
        0.0036229908000677824,
        0.003491804702207446,
        0.0035641351714730263,
        0.0034941500052809715,
        0.003541377140209079,
        0.0035179988481104374,
        0.003453819779679179,
        0.0035613439977169037,
        0.0035133566707372665,
        0.003447482828050852,
        0.0034486798103898764,
        0.0030610011890530586,
        0.002989565720781684,
        0.003065677359700203,
        0.0030006160959601402
    ],
    "train_rmse": [
        0.10212067514657974,
        0.06905734539031982,
        0.0646791085600853,
        0.06357455998659134,
        0.062299251556396484,
        0.06294042617082596,
        0.0607476532459259,
        0.06111081689596176,
        0.06086595728993416,
        0.05972173064947128,
        0.059845324605703354,
        0.06125225871801376,
        0.0596160851418972,
        0.05960546061396599,
        0.060078214854002,
        0.060191284865140915,
        0.05909149348735809,
        0.0597003772854805,
        0.0591113343834877,
        0.05950947105884552,
        0.059312719851732254,
        0.05876920744776726,
        0.05967699736356735,
        0.059273574501276016,
        0.05871526896953583,
        0.05872546136379242,
        0.05532631650567055,
        0.05467692017555237,
        0.05536855757236481,
        0.054777879267930984
    ],
    "train_r2": [
        0.5097688436508179,
        0.7758218050003052,
        0.8033465147018433,
        0.8100058436393738,
        0.8175519704818726,
        0.8137771487236023,
        0.8265267610549927,
        0.8244463801383972,
        0.8258504271507263,
        0.8323366045951843,
        0.8316419124603271,
        0.8236328363418579,
        0.832929253578186,
        0.8329887986183167,
        0.8303290009498596,
        0.8296897411346436,
        0.835856556892395,
        0.8324564695358276,
        0.8357462882995605,
        0.8335262537002563,
        0.834625244140625,
        0.8376421928405762,
        0.8325876593589783,
        0.8348434567451477,
        0.8379400968551636,
        0.8378838300704956,
        0.8561078906059265,
        0.8594658970832825,
        0.8558880686759949,
        0.8589464426040649
    ],
    "train_mape": [
        22.70417594909668,
        18.128511428833008,
        17.07159423828125,
        16.62972640991211,
        16.287057876586914,
        16.321674346923828,
        15.789281845092773,
        15.842037200927734,
        15.699350357055664,
        15.559722900390625,
        15.394668579101562,
        15.840153694152832,
        15.588027000427246,
        15.595717430114746,
        15.589247703552246,
        15.638068199157715,
        15.466630935668945,
        15.476250648498535,
        15.58085823059082,
        15.380152702331543,
        15.524151802062988,
        15.298483848571777,
        15.629518508911133,
        15.380247116088867,
        15.397745132446289,
        15.423271179199219,
        14.282356262207031,
        14.150314331054688,
        14.401152610778809,
        14.22311782836914
    ],
    "train_smape": [
        19.690664291381836,
        15.825695991516113,
        14.799298286437988,
        14.530247688293457,
        14.331195831298828,
        14.385332107543945,
        13.951654434204102,
        13.988892555236816,
        13.972182273864746,
        13.727612495422363,
        13.67813777923584,
        13.994176864624023,
        13.761678695678711,
        13.72215747833252,
        13.760091781616211,
        13.861146926879883,
        13.627034187316895,
        13.626381874084473,
        13.63262939453125,
        13.6978178024292,
        13.739541053771973,
        13.50976848602295,
        13.681303024291992,
        13.576851844787598,
        13.512667655944824,
        13.632816314697266,
        12.788125991821289,
        12.58877182006836,
        12.895962715148926,
        12.754571914672852
    ],
    "train_explained_variance": [
        0.5099905729293823,
        0.7758630514144897,
        0.8033465147018433,
        0.8100128769874573,
        0.8175519704818726,
        0.8137829303741455,
        0.8265267610549927,
        0.824451208114624,
        0.8258512020111084,
        0.8323366045951843,
        0.8316419124603271,
        0.8236359357833862,
        0.8329294919967651,
        0.8329928517341614,
        0.8303333520889282,
        0.8296909332275391,
        0.8358567357063293,
        0.8324564695358276,
        0.8357463479042053,
        0.8335263729095459,
        0.8346254229545593,
        0.8376432657241821,
        0.8325883746147156,
        0.8348434567451477,
        0.8379408121109009,
        0.8378839492797852,
        0.8561122417449951,
        0.8594669103622437,
        0.8558880686759949,
        0.8589465618133545
    ],