{
    "train_loss": [
        0.018402173767422182,
        0.004395096508782009,
        0.0037995012913172362,
        0.003712311059266324,
        0.0035679299484679856,
        0.003567734441897553,
        0.0037569624373112857,
        0.003543984474785114,
        0.003888226519208558,
        0.003521642291752047,
        0.003497255610993214,
        0.0034931301580518417,
        0.003558443810209625,
        0.0034680032691794946,
        0.0036541364898066762,
        0.0031256960979019195,
        0.003079804192520211,
        0.003044515364116431,
        0.0030583223216094154
    ],
    "train_mae": [
        0.06999710202217102,
        0.05201905593276024,
        0.04824249818921089,
        0.047685928642749786,
        0.04656774923205376,
        0.0466315820813179,
        0.047672733664512634,
        0.04642409086227417,
        0.04868408665060997,
        0.04638805612921715,
        0.04594797641038895,
        0.04609263315796852,
        0.04637216031551361,
        0.0457807257771492,
        0.047102343291044235,
        0.043245382606983185,
        0.04318496584892273,
        0.042754609137773514,
        0.04286549240350723
    ],
    "train_mse": [
        0.01840217597782612,
        0.004395096562802792,
        0.0037995013408362865,
        0.003712311154231429,
        0.003567929845303297,
        0.0035677345003932714,
        0.00375696225091815,
        0.0035439846105873585,
        0.003888226579874754,
        0.003521642414852977,
        0.0034972557332366705,
        0.0034931302070617676,
        0.003558443859219551,
        0.003468003123998642,
        0.0036541365552693605,
        0.003125696210190654,
        0.0030798043590039015,
        0.003044515149667859,
        0.003058322239667177
    ],
    "train_rmse": [
        0.13565461337566376,
        0.06629552692174911,
        0.061640094965696335,
        0.06092873960733414,
        0.05973215028643608,
        0.059730514883995056,
        0.0612940639257431,
        0.059531375765800476,
        0.0623556450009346,
        0.059343427419662476,
        0.059137601405382156,
        0.05910271033644676,
        0.05965269356966019,
        0.05888975411653519,
        0.06044945493340492,
        0.055907927453517914,
        0.055495984852313995,
        0.055177126079797745,
        0.05530209839344025
    ],
    "train_r2": [
        0.1349470019340515,
        0.7933944463729858,
        0.821392297744751,
        0.8254909515380859,
        0.8322780728340149,
        0.8322872519493103,
        0.8233919739723206,
        0.8334037065505981,
        0.817221462726593,
        0.8344539403915405,
        0.8356003165245056,
        0.8357942700386047,
        0.8327239751815796,
        0.8369754552841187,
        0.8282256126403809,
        0.8530666828155518,
        0.8552239537239075,
        0.8568828105926514,
        0.8562337756156921
    ],
    "train_mape": [
        22.57905387878418,
        17.390872955322266,
        16.120668411254883,
        15.936250686645508,
        15.475386619567871,
        15.506455421447754,
        15.811836242675781,
        15.416118621826172,
        16.28057098388672,
        15.337854385375977,
        15.297852516174316,
        15.379044532775879,
        15.208637237548828,
        15.24373722076416,
        15.571796417236328,
        14.39635944366455,
        14.216253280639648,
        14.184104919433594,
        14.106720924377441
    ],
    "train_smape": [
        19.258188247680664,
        15.202939987182617,
        14.191963195800781,
        14.074405670166016,
        13.694689750671387,
        13.710183143615723,
        14.012898445129395,
        13.637269973754883,
        14.315814018249512,
        13.635711669921875,
        13.53311538696289,
        13.609125137329102,
        13.631895065307617,
        13.543893814086914,
        13.874155044555664,
        12.801119804382324,
        12.778432846069336,
        12.654219627380371,
        12.670998573303223
    ],
    "train_explained_variance": [
        0.13521802425384521,
        0.7934012413024902,
        0.8213932514190674,
        0.8254916667938232,
        0.8322799801826477,
        0.8322873115539551,
        0.8233955502510071,
        0.8334068059921265,
        0.8172268867492676,
        0.8344557285308838,
        0.8356037139892578,
        0.8357962369918823,
        0.8327268958091736,
        0.8369755148887634,
        0.8282260894775391,
        0.8530666828155518,
        0.8552240133285522,
        0.8568830490112305,
        0.8562343716621399
    ],
    "train_peak_error": [
        2.3646531105041504,
        0.33810490369796753,
        0.3321072459220886,
        0.37182265520095825,
        0.3579673767089844,
        0.3191102147102356,
        0.35485053062438965,
        0.30183541774749756,
        0.3113318681716919,
        0.3143714666366577,
        0.33046215772628784,
        0.2963205575942993,
        0.308332622051239,
        0.30952417850494385,
        0.2983436584472656,
        0.30545729398727417,
        0.2801675796508789,
        0.2709016501903534,
        0.2622554898262024
    ],
    "val_loss": [
        0.005102005649036427,
        0.0036802311689197588,
        0.004937355485510268,
        0.002932028252256217,
        0.0030030767268521322,
        0.003351626560165674,
        0.003271678447951194,
        0.004769417827399515,
        0.003302248618196991,
        0.00349326201372867,
        0.00402789102880646,
        0.0035396674626486766,
        0.0032225464360466855,
        0.003516606847025293,
        0.004367632311266318,
        0.003134191050361708,
        0.0031148384584837575,
        0.003191090829322021,
        0.0031935399360016738
    ],
    "val_mae": [
        0.05602177977561951,
        0.04736608266830444,
        0.05712033063173294,
        0.043256282806396484,
        0.04362649470567703,
        0.04639666527509689,
        0.04541055113077164,
        0.05544194579124451,
        0.04550321772694588,
        0.04685172438621521,
        0.05017329752445221,
        0.04706063121557236,
        0.04534098505973816,
        0.04664984717965126,
        0.05234436318278313,
        0.044466208666563034,
        0.044288892298936844,
        0.04548202082514763,
        0.04524974524974823
    ],
    "val_mse": [
        0.005102005321532488,
        0.003680231049656868,
        0.0049373554065823555,
        0.002932028379291296,
        0.003003076883032918,
        0.0033516264520585537,
        0.00327167846262455,
        0.0047694179229438305,
        0.003302248427644372,
        0.003493261756375432,
        0.004027890972793102,
        0.0035396674647927284,
        0.0032225465402007103,
        0.003516606753692031,
        0.0043676323257386684,
        0.0031341910362243652,
        0.003114838618785143,
        0.003191090887412429,
        0.003193540032953024
    ],
    "val_rmse": [
        0.0714283213019371,
        0.06066490709781647,
        0.07026632130146027,
        0.05414820834994316,
        0.05480033531785011,
        0.05789323151111603,
        0.05719858780503273,
        0.06906097382307053,
        0.057465191930532455,
        0.059103820472955704,
        0.0634656697511673,
        0.05949510633945465,
        0.056767478585243225,
        0.0593009851872921,
        0.06608806550502777,
        0.05598384514451027,
        0.05581073835492134,
        0.056489743292331696,
        0.05651141330599785
    ],