{
    "train_loss": [
        0.01035319082564887,
        0.004076619478170245,
        0.0040756463072015,
        0.0036944695016321418,
        0.0037519158127987027,
        0.0035276985352642176,
        0.0036878500075123123,
        0.0034776344462714268,
        0.0035367165206606657,
        0.003561814260149317,
        0.0036527190771391636,
        0.0033702813466985775,
        0.0034654271755239327,
        0.0034352023575623444,
        0.003413332764410655,
        0.0033873179015599638,
        0.0033755209396890925,
        0.003362836895906278,
        0.0034073740022576592,
        0.003320101394006889,
        0.003280664256109669,
        0.003281603474427211,
        0.0032220505581951543,
        0.003199609297537028,
        0.003184134297983738
    ],
    "train_mae": [
        0.06655395776033401,
        0.049775585532188416,
        0.05003931745886803,
        0.047552987933158875,
        0.0477057583630085,
        0.04615588113665581,
        0.047241371124982834,
        0.0458698496222496,
        0.04618838429450989,
        0.04652295261621475,
        0.0467870756983757,
        0.044892676174640656,
        0.04574965313076973,
        0.04544607922434807,
        0.04529135301709175,
        0.04524371027946472,
        0.044862616807222366,
        0.04499661549925804,
        0.04536805301904678,
        0.04483213275671005,
        0.04449020326137543,
        0.044638741761446,
        0.044086478650569916,
        0.04371846094727516,
        0.04366641119122505
    ],
    "train_mse": [
        0.010353190824389458,
        0.004076619166880846,
        0.00407564640045166,
        0.0036944695748388767,
        0.0037519156467169523,
        0.0035276988055557013,
        0.0036878499668091536,
        0.0034776346292346716,
        0.0035367163363844156,
        0.0035618143156170845,
        0.003652718849480152,
        0.0033702815417200327,
        0.0034654270857572556,
        0.0034352026414126158,
        0.003413332626223564,
        0.0033873177599161863,
        0.0033755209296941757,
        0.003362837014719844,
        0.0034073740243911743,
        0.0033201011829078197,
        0.003280664561316371,
        0.003281603567302227,
        0.0032220506109297276,
        0.0031996092293411493,
        0.0031841343734413385
    ],
    "train_rmse": [
        0.10175062716007233,
        0.06384840607643127,
        0.06384079158306122,
        0.06078214943408966,
        0.061252884566783905,
        0.059394434094429016,
        0.060727670788764954,
        0.05897147208452225,
        0.05947029963135719,
        0.059680938720703125,
        0.060437727719545364,
        0.0580541267991066,
        0.05886787921190262,
        0.05861060321331024,
        0.058423735201358795,
        0.058200668543577194,
        0.058099232614040375,
        0.057989973574876785,
        0.05837271735072136,
        0.057620320469141006,
        0.05727708712220192,
        0.057285282760858536,
        0.05676310881972313,
        0.05656508728861809,
        0.05642813444137573
    ],
    "train_r2": [
        0.5133152008056641,
        0.8083654642105103,
        0.8084112405776978,
        0.8263296484947205,
        0.8236292004585266,
        0.8341692686080933,
        0.8266408443450928,
        0.8365226984024048,
        0.8337453603744507,
        0.8325655460357666,
        0.8282922506332397,
        0.841569185256958,
        0.8370965719223022,
        0.8385173082351685,
        0.8395453691482544,
        0.8407683372497559,
        0.8413228988647461,
        0.8419190645217896,
        0.8398255109786987,
        0.8439280390739441,
        0.8457819223403931,
        0.8457377552986145,
        0.8485372066497803,
        0.8495921492576599,
        0.8503196239471436
    ],
    "train_mape": [
        21.41794204711914,
        16.737632751464844,
        16.679567337036133,
        15.967755317687988,
        15.852992057800293,
        15.366329193115234,
        15.672135353088379,
        15.103185653686523,
        15.20998764038086,
        15.320033073425293,
        15.418166160583496,
        14.832637786865234,
        15.12436294555664,
        14.960697174072266,
        14.938907623291016,
        14.954744338989258,
        14.615096092224121,
        14.786534309387207,
        14.976875305175781,
        14.635765075683594,
        14.541994094848633,
        14.701461791992188,
        14.284700393676758,
        14.458634376525879,
        14.261725425720215
    ],
    "train_smape": [
        18.774707794189453,
        14.639803886413574,
        14.722228050231934,
        14.090660095214844,
        14.096851348876953,
        13.641552925109863,
        13.892303466796875,
        13.512149810791016,
        13.5834321975708,
        13.693748474121094,
        13.702863693237305,
        13.211337089538574,
        13.483869552612305,
        13.386198997497559,
        13.391912460327148,
        13.42738151550293,
        13.17896556854248,
        13.271862030029297,
        13.348274230957031,
        13.196738243103027,
        13.111607551574707,
        13.138734817504883,
        12.995746612548828,
        12.920133590698242,
        12.861995697021484
    ],
    "train_explained_variance": [
        0.5133634805679321,
        0.8083696365356445,
        0.8084170818328857,
        0.8263297080993652,
        0.8236360549926758,
        0.8341692686080933,
        0.8266412019729614,
        0.8365230560302734,
        0.8337489366531372,
        0.8325657844543457,
        0.8282923698425293,
        0.8415694236755371,
        0.8370974063873291,
        0.8385173678398132,
        0.8395454287528992,
        0.8407695293426514,
        0.8413246870040894,
        0.8419206142425537,
        0.839827299118042,
        0.8439282178878784,
        0.8457819819450378,
        0.8457381725311279,
        0.848538339138031,
        0.8495922088623047,
        0.8503196835517883
    ],
    "train_peak_error": [
        1.2570725679397583,
        0.3491480350494385,
        0.33013778924942017,
        0.32518094778060913,
        0.3245105743408203,
        0.36136335134506226,
        0.368257999420166,
        0.4069044589996338,
        0.30761247873306274,
        0.35539019107818604,
        0.3122437596321106,
        0.2806980013847351,
        0.2902616262435913,
        0.3191385865211487,
        0.3194230794906616,
        0.3309367299079895,
        0.32185113430023193,
        0.3326307535171509,
        0.31180334091186523,
        0.32115888595581055,
        0.315720796585083,
        0.29471153020858765,
        0.3141694664955139,
        0.3066049814224243,
        0.3390723466873169
    ],
    "val_loss": [
        0.006271088833270742,
        0.0033024257384642636,
        0.003068572843092219,
        0.003914347460506846,
        0.0034594931620300457,
        0.003465836550805905,
        0.003155082343615216,
        0.003032124517837258,
        0.0032023463188503073,
        0.0030211732316454,
        0.0033086351139082325,
        0.003249889115983848,
        0.004237115206866921,
        0.003671259957620298,
        0.0029964130001290026,
        0.0031435310378630493,
        0.003737963278771197,
        0.0031192747191961506,
        0.003524022977799177,
        0.0032436213559276766,
        0.003787331885303096,
        0.003456886683543809,
        0.0031985281718720634,
        0.0034112911917966045,
        0.0035866780496678122
    ],